gcc_name,city_label,sa2_code,sa2_name,longitude,latitude,households_per_dot
Greater Sydney,Greater Sydney,102011028,Avoca Beach - Copacabana,151.413542,-33.475429,1000
Greater Sydney,Greater Sydney,102011029,Box Head - MacMasters Beach,151.362164,-33.525469,1000
Greater Sydney,Greater Sydney,102011031,Erina - Green Point,151.387146,-33.412998,1000
Greater Sydney,Greater Sydney,102011032,Gosford - Springfield,151.349205,-33.425669,1000
Greater Sydney,Greater Sydney,102011033,Kariong,151.300306,-33.422311,1000
Greater Sydney,Greater Sydney,102011034,Kincumber - Picketts Valley,151.41029,-33.47215,1000
Greater Sydney,Greater Sydney,102011035,Narara,151.33073,-33.384446,1000
Greater Sydney,Greater Sydney,102011036,Niagara Park - Lisarow,151.339776,-33.374947,1000
Greater Sydney,Greater Sydney,102011037,Point Clare - Koolewong,151.306858,-33.43949,1000
Greater Sydney,Greater Sydney,102011038,Saratoga - Davistown,151.342335,-33.475397,1000
Greater Sydney,Greater Sydney,102011039,Terrigal - North Avoca,151.417199,-33.441133,1000
Greater Sydney,Greater Sydney,102011039,Terrigal - North Avoca,151.449755,-33.448816,1000
Greater Sydney,Greater Sydney,102011040,Umina - Booker Bay - Patonga,151.315122,-33.524088,1000
Greater Sydney,Greater Sydney,102011040,Umina - Booker Bay - Patonga,151.299844,-33.539088,1000
Greater Sydney,Greater Sydney,102011041,Wamberal - Forresters Beach,151.44517,-33.423492,1000
Greater Sydney,Greater Sydney,102011042,Woy Woy - Blackwall,151.308619,-33.464135,1000
Greater Sydney,Greater Sydney,102011043,Wyoming,151.352315,-33.398545,1000
Greater Sydney,Greater Sydney,102021044,Bateau Bay - Killarney Vale,151.448592,-33.36121,1000
Greater Sydney,Greater Sydney,102021047,Chittaway Bay - Tumbi Umbi,151.412107,-33.37867,1000
Greater Sydney,Greater Sydney,102021048,Gorokan - Kanwal - Charmhaven,151.474101,-33.267208,1000
Greater Sydney,Greater Sydney,102021053,The Entrance,151.499302,-33.35115,1000
Greater Sydney,Greater Sydney,102021054,Toukley - Norah Head,151.570832,-33.280948,1000
Greater Sydney,Greater Sydney,102021056,Warnervale - Wadalba,151.437285,-33.245926,1000
Greater Sydney,Greater Sydney,102021056,Warnervale - Wadalba,151.495303,-33.232512,1000
Greater Sydney,Greater Sydney,115011290,Baulkham Hills - East,150.990391,-33.767002,1000
Greater Sydney,Greater Sydney,115011290,Baulkham Hills - East,150.964084,-33.765295,1000
Greater Sydney,Greater Sydney,115011290,Baulkham Hills - East,150.98157,-33.75723,1000
Greater Sydney,Greater Sydney,115011291,Baulkham Hills (West) - Bella Vista,150.963318,-33.756541,1000
Greater Sydney,Greater Sydney,115011291,Baulkham Hills (West) - Bella Vista,150.96664,-33.737851,1000
Greater Sydney,Greater Sydney,115011291,Baulkham Hills (West) - Bella Vista,150.971883,-33.750484,1000
Greater Sydney,Greater Sydney,115011294,Glenhaven,151.004416,-33.70738,1000
Greater Sydney,Greater Sydney,115011296,West Pennant Hills,151.027507,-33.743605,1000
Greater Sydney,Greater Sydney,115011296,West Pennant Hills,151.032697,-33.761946,1000
Greater Sydney,Greater Sydney,115011553,Castle Hill - Central,150.991889,-33.742776,1000
Greater Sydney,Greater Sydney,115011554,Castle Hill - East,151.023071,-33.716291,1000
Greater Sydney,Greater Sydney,115011555,Castle Hill - North,150.990981,-33.717595,1000
Greater Sydney,Greater Sydney,115011555,Castle Hill - North,151.011093,-33.723908,1000
Greater Sydney,Greater Sydney,115011556,Castle Hill - South,151.007322,-33.74104,1000
Greater Sydney,Greater Sydney,115011557,Castle Hill - West,150.971247,-33.716353,1000
Greater Sydney,Greater Sydney,115011558,Cherrybrook,151.034879,-33.726358,1000
Greater Sydney,Greater Sydney,115011558,Cherrybrook,151.041125,-33.730496,1000
Greater Sydney,Greater Sydney,115011558,Cherrybrook,151.058507,-33.705459,1000
Greater Sydney,Greater Sydney,115011621,Kellyville - East,150.953916,-33.704288,1000
Greater Sydney,Greater Sydney,115011621,Kellyville - East,150.976822,-33.709701,1000
Greater Sydney,Greater Sydney,115011621,Kellyville - East,150.963936,-33.709174,1000
Greater Sydney,Greater Sydney,115011622,Kellyville - West,150.949124,-33.715245,1000
Greater Sydney,Greater Sydney,115011622,Kellyville - West,150.942452,-33.711937,1000
Greater Sydney,Greater Sydney,115021297,Dural - Kenthurst - Wisemans Ferry,150.952503,-33.496536,1000
Greater Sydney,Greater Sydney,115021297,Dural - Kenthurst - Wisemans Ferry,150.952693,-33.550704,1000
Greater Sydney,Greater Sydney,115021297,Dural - Kenthurst - Wisemans Ferry,150.985292,-33.663054,1000
Greater Sydney,Greater Sydney,115021298,Galston - Laughtondale,151.029578,-33.454401,1000
Greater Sydney,Greater Sydney,115031300,Kurrajong Heights - Ebenezer,150.636541,-33.610162,1000
Greater Sydney,Greater Sydney,115031300,Kurrajong Heights - Ebenezer,150.656854,-33.533538,1000
Greater Sydney,Greater Sydney,115041301,Pitt Town - McGraths Hill,150.919601,-33.558243,1000
Greater Sydney,Greater Sydney,115041623,Box Hill - Nelson,150.915211,-33.627457,1000
Greater Sydney,Greater Sydney,115041624,North Kellyville,150.961188,-33.681588,1000
Greater Sydney,Greater Sydney,115041624,North Kellyville,150.93293,-33.68151,1000
Greater Sydney,Greater Sydney,115041624,North Kellyville,150.948282,-33.676074,1000
Greater Sydney,Greater Sydney,115041625,Rouse Hill - Beaumont Hills,150.937163,-33.706514,1000
Greater Sydney,Greater Sydney,115041625,Rouse Hill - Beaumont Hills,150.930703,-33.684034,1000
Greater Sydney,Greater Sydney,115041625,Rouse Hill - Beaumont Hills,150.928247,-33.665134,1000
Greater Sydney,Greater Sydney,116011303,Blacktown (East) - Kings Park,150.903868,-33.743989,1000
Greater Sydney,Greater Sydney,116011304,Blacktown (North) - Marayong,150.885609,-33.738623,1000
Greater Sydney,Greater Sydney,116011306,Doonside - Woodcroft,150.873636,-33.768394,1000
Greater Sydney,Greater Sydney,116011306,Doonside - Woodcroft,150.881131,-33.765433,1000
Greater Sydney,Greater Sydney,116011307,Lalor Park - Kings Langley,150.925845,-33.76355,1000
Greater Sydney,Greater Sydney,116011307,Lalor Park - Kings Langley,150.926048,-33.744794,1000
Greater Sydney,Greater Sydney,116011560,Blacktown - South,150.912354,-33.789166,1000
Greater Sydney,Greater Sydney,116011561,Blacktown - West,150.892799,-33.76772,1000
Greater Sydney,Greater Sydney,116011626,Seven Hills - Prospect,150.913387,-33.792299,1000
Greater Sydney,Greater Sydney,116011627,Toongabbie - West,150.936036,-33.798182,1000
Greater Sydney,Greater Sydney,116021309,Glenwood,150.924405,-33.730742,1000
Greater Sydney,Greater Sydney,116021309,Glenwood,150.92328,-33.739348,1000
Greater Sydney,Greater Sydney,116021563,Quakers Hill,150.891814,-33.715032,1000
Greater Sydney,Greater Sydney,116021563,Quakers Hill,150.878204,-33.725753,1000
Greater Sydney,Greater Sydney,116021563,Quakers Hill,150.888488,-33.710727,1000
Greater Sydney,Greater Sydney,116021628,Kellyville Ridge - The Ponds,150.921173,-33.694983,1000
Greater Sydney,Greater Sydney,116021628,Kellyville Ridge - The Ponds,150.903813,-33.700633,1000
Greater Sydney,Greater Sydney,116021628,Kellyville Ridge - The Ponds,150.906679,-33.702521,1000
Greater Sydney,Greater Sydney,116021629,Marsden Park - Shanes Park,150.807646,-33.714241,1000
Greater Sydney,Greater Sydney,116021629,Marsden Park - Shanes Park,150.796584,-33.713777,1000
Greater Sydney,Greater Sydney,116021630,Riverstone,150.828788,-33.656472,1000
Greater Sydney,Greater Sydney,116021631,Schofields (West) - Colebee,150.86814,-33.713613,1000
Greater Sydney,Greater Sydney,116021632,Schofields - East,150.893451,-33.701329,1000
Greater Sydney,Greater Sydney,116021632,Schofields - East,150.901844,-33.691216,1000
Greater Sydney,Greater Sydney,116021632,Schofields - East,150.910095,-33.691793,1000
Greater Sydney,Greater Sydney,116021633,Stanhope Gardens - Parklea,150.921945,-33.717119,1000
Greater Sydney,Greater Sydney,116021633,Stanhope Gardens - Parklea,150.935449,-33.719541,1000
Greater Sydney,Greater Sydney,116031313,Bidwill - Hebersham - Emerton,150.82467,-33.732713,1000
Greater Sydney,Greater Sydney,116031314,Glendenning - Dean Park,150.847477,-33.756941,1000
Greater Sydney,Greater Sydney,116031315,Hassall Grove - Plumpton,150.830724,-33.755694,1000
Greater Sydney,Greater Sydney,116031315,Hassall Grove - Plumpton,150.839563,-33.74775,1000
Greater Sydney,Greater Sydney,116031316,Lethbridge Park - Tregear,150.772833,-33.728413,1000
Greater Sydney,Greater Sydney,116031317,Mount Druitt - Whalan,150.824314,-33.770906,1000
Greater Sydney,Greater Sydney,116031319,Rooty Hill - Minchinbury,150.851482,-33.768344,1000
Greater Sydney,Greater Sydney,116031319,Rooty Hill - Minchinbury,150.834674,-33.774624,1000
Greater Sydney,Greater Sydney,117011321,Botany,151.196159,-33.948159,1000
Greater Sydney,Greater Sydney,117011321,Botany,151.208205,-33.944548,1000
Greater Sydney,Greater Sydney,117011323,Pagewood - Hillsdale - Daceyville,151.228955,-33.947022,1000
Greater Sydney,Greater Sydney,117011634,Eastlakes,151.197662,-33.921647,1000
Greater Sydney,Greater Sydney,117011635,Mascot,151.201819,-33.926748,1000
Greater Sydney,Greater Sydney,117011635,Mascot,151.201736,-33.935816,1000
Greater Sydney,Greater Sydney,117011635,Mascot,151.19833,-33.932734,1000
Greater Sydney,Greater Sydney,117021327,Petersham - Stanmore,151.16511,-33.894131,1000
Greater Sydney,Greater Sydney,117021327,Petersham - Stanmore,151.157187,-33.894905,1000
Greater Sydney,Greater Sydney,117021327,Petersham - Stanmore,151.171115,-33.900691,1000
Greater Sydney,Greater Sydney,117021328,Sydenham - Tempe - St Peters,151.156165,-33.924544,1000
Greater Sydney,Greater Sydney,117021636,Marrickville - North,151.154478,-33.904999,1000
Greater Sydney,Greater Sydney,117021636,Marrickville - North,151.158423,-33.902968,1000
Greater Sydney,Greater Sydney,117021637,Marrickville - South,151.148738,-33.913152,1000
Greater Sydney,Greater Sydney,117021637,Marrickville - South,151.140213,-33.921282,1000
Greater Sydney,Greater Sydney,117031329,Darlinghurst,151.221273,-33.875794,1000
Greater Sydney,Greater Sydney,117031329,Darlinghurst,151.21973,-33.876017,1000
Greater Sydney,Greater Sydney,117031330,Erskineville - Alexandria,151.182145,-33.91117,1000
Greater Sydney,Greater Sydney,117031330,Erskineville - Alexandria,151.183651,-33.899459,1000
Greater Sydney,Greater Sydney,117031330,Erskineville - Alexandria,151.19397,-33.917753,1000
Greater Sydney,Greater Sydney,117031330,Erskineville - Alexandria,151.194269,-33.911412,1000
Greater Sydney,Greater Sydney,117031331,Glebe - Forest Lodge,151.183921,-33.879543,1000
Greater Sydney,Greater Sydney,117031331,Glebe - Forest Lodge,151.189467,-33.881257,1000
Greater Sydney,Greater Sydney,117031331,Glebe - Forest Lodge,151.181818,-33.885007,1000
Greater Sydney,Greater Sydney,117031333,Potts Point - Woolloomooloo,151.226065,-33.867224,1000
Greater Sydney,Greater Sydney,117031333,Potts Point - Woolloomooloo,151.230679,-33.871065,1000
Greater Sydney,Greater Sydney,117031333,Potts Point - Woolloomooloo,151.230319,-33.872846,1000
Greater Sydney,Greater Sydney,117031336,Surry Hills,151.213648,-33.885417,1000
Greater Sydney,Greater Sydney,117031336,Surry Hills,151.215267,-33.885999,1000
Greater Sydney,Greater Sydney,117031336,Surry Hills,151.210552,-33.884761,1000
Greater Sydney,Greater Sydney,117031638,Camperdown - Darlington,151.177978,-33.891585,1000
Greater Sydney,Greater Sydney,117031639,Chippendale,151.205532,-33.885915,1000
Greater Sydney,Greater Sydney,117031640,Newtown (NSW),151.175168,-33.907218,1000
Greater Sydney,Greater Sydney,117031640,Newtown (NSW),151.173317,-33.89577,1000
Greater Sydney,Greater Sydney,117031641,Pyrmont,151.188316,-33.867336,1000
Greater Sydney,Greater Sydney,117031641,Pyrmont,151.192803,-33.871039,1000
Greater Sydney,Greater Sydney,117031642,Redfern,151.20139,-33.894966,1000
Greater Sydney,Greater Sydney,117031642,Redfern,151.191459,-33.896125,1000
Greater Sydney,Greater Sydney,117031643,Rosebery - Beaconsfield,151.200712,-33.921694,1000
Greater Sydney,Greater Sydney,117031643,Rosebery - Beaconsfield,151.201079,-33.909388,1000
Greater Sydney,Greater Sydney,117031644,Sydney (North) - Millers Point,151.208505,-33.862085,1000
Greater Sydney,Greater Sydney,117031644,Sydney (North) - Millers Point,151.206206,-33.872001,1000
Greater Sydney,Greater Sydney,117031645,Sydney (South) - Haymarket,151.203363,-33.883171,1000
Greater Sydney,Greater Sydney,117031645,Sydney (South) - Haymarket,151.206468,-33.882441,1000
Greater Sydney,Greater Sydney,117031646,Ultimo,151.196695,-33.880636,1000
Greater Sydney,Greater Sydney,117031647,Waterloo,151.211836,-33.899896,1000
Greater Sydney,Greater Sydney,117031647,Waterloo,151.204438,-33.904163,1000
Greater Sydney,Greater Sydney,117031648,Zetland,151.204209,-33.908627,1000
Greater Sydney,Greater Sydney,117031648,Zetland,151.209692,-33.90699,1000
Greater Sydney,Greater Sydney,118011339,Bondi - Tamarama - Bronte,151.26475,-33.905222,1000
Greater Sydney,Greater Sydney,118011339,Bondi - Tamarama - Bronte,151.268464,-33.895749,1000
Greater Sydney,Greater Sydney,118011339,Bondi - Tamarama - Bronte,151.273049,-33.898795,1000
Greater Sydney,Greater Sydney,118011339,Bondi - Tamarama - Bronte,151.261293,-33.901368,1000
Greater Sydney,Greater Sydney,118011340,Bondi Beach - North Bondi,151.269873,-33.883552,1000
Greater Sydney,Greater Sydney,118011340,Bondi Beach - North Bondi,151.281327,-33.886901,1000
Greater Sydney,Greater Sydney,118011340,Bondi Beach - North Bondi,151.271541,-33.882319,1000
Greater Sydney,Greater Sydney,118011340,Bondi Beach - North Bondi,151.275153,-33.883004,1000
Greater Sydney,Greater Sydney,118011341,Bondi Junction - Waverly,151.254099,-33.892549,1000
Greater Sydney,Greater Sydney,118011341,Bondi Junction - Waverly,151.251613,-33.894944,1000
Greater Sydney,Greater Sydney,118011341,Bondi Junction - Waverly,151.257227,-33.899122,1000
Greater Sydney,Greater Sydney,118011344,Dover Heights,151.27978,-33.875705,1000
Greater Sydney,Greater Sydney,118011344,Dover Heights,151.279642,-33.873805,1000
Greater Sydney,Greater Sydney,118011345,Paddington - Moore Park,151.2364,-33.885832,1000
Greater Sydney,Greater Sydney,118011345,Paddington - Moore Park,151.21886,-33.9029,1000
Greater Sydney,Greater Sydney,118011345,Paddington - Moore Park,151.227469,-33.889041,1000
Greater Sydney,Greater Sydney,118011346,Rose Bay - Vaucluse - Watsons Bay,151.285024,-33.852211,1000
Greater Sydney,Greater Sydney,118011346,Rose Bay - Vaucluse - Watsons Bay,151.266219,-33.871625,1000
Greater Sydney,Greater Sydney,118011347,Woollahra,151.241016,-33.88802,1000
Greater Sydney,Greater Sydney,118011649,Bellevue Hill,151.252978,-33.88278,1000
Greater Sydney,Greater Sydney,118011649,Bellevue Hill,151.26267,-33.884205,1000
Greater Sydney,Greater Sydney,118011649,Bellevue Hill,151.25945,-33.873477,1000
Greater Sydney,Greater Sydney,118011650,Double Bay - Darling Point,151.24108,-33.873227,1000
Greater Sydney,Greater Sydney,118011650,Double Bay - Darling Point,151.234599,-33.878865,1000
Greater Sydney,Greater Sydney,118021564,Kensington (NSW),151.214239,-33.908874,1000
Greater Sydney,Greater Sydney,118021565,Kingsford,151.231167,-33.926021,1000
Greater Sydney,Greater Sydney,118021566,Maroubra - North,151.257445,-33.939655,1000
Greater Sydney,Greater Sydney,118021567,Maroubra - South,151.24806,-33.954808,1000
Greater Sydney,Greater Sydney,118021568,Maroubra - West,151.233819,-33.9527,1000
Greater Sydney,Greater Sydney,118021569,Randwick - North,151.252512,-33.909365,1000
Greater Sydney,Greater Sydney,118021569,Randwick - North,151.24564,-33.90418,1000
Greater Sydney,Greater Sydney,118021569,Randwick - North,151.232101,-33.905394,1000
Greater Sydney,Greater Sydney,118021570,Randwick - South,151.238603,-33.914453,1000
Greater Sydney,Greater Sydney,118021570,Randwick - South,151.242551,-33.925349,1000
Greater Sydney,Greater Sydney,118021651,Coogee - Clovelly,151.251336,-33.918162,1000
Greater Sydney,Greater Sydney,118021651,Coogee - Clovelly,151.258239,-33.911876,1000
Greater Sydney,Greater Sydney,118021651,Coogee - Clovelly,151.25384,-33.919765,1000
Greater Sydney,Greater Sydney,118021651,Coogee - Clovelly,151.249877,-33.913291,1000
Greater Sydney,Greater Sydney,118021652,Malabar - La Perouse,151.238466,-33.992322,1000
Greater Sydney,Greater Sydney,118021653,Matraville - Chifley,151.243323,-33.965022,1000
Greater Sydney,Greater Sydney,118021653,Matraville - Chifley,151.236229,-33.952967,1000
Greater Sydney,Greater Sydney,118021654,South Coogee,151.250579,-33.933811,1000
Greater Sydney,Greater Sydney,119011354,Bass Hill - Georges Hall,150.977272,-33.910084,1000
Greater Sydney,Greater Sydney,119011356,Condell Park,151.022524,-33.919525,1000
Greater Sydney,Greater Sydney,119011358,Padstow,151.022187,-33.956137,1000
Greater Sydney,Greater Sydney,119011358,Padstow,151.028387,-33.940891,1000
Greater Sydney,Greater Sydney,119011360,Revesby,151.021822,-33.958231,1000
Greater Sydney,Greater Sydney,119011361,Yagoona - Birrong,151.006285,-33.907736,1000
Greater Sydney,Greater Sydney,119011571,Bankstown - North,151.025483,-33.911919,1000
Greater Sydney,Greater Sydney,119011572,Bankstown - South,151.027561,-33.936537,1000
Greater Sydney,Greater Sydney,119011655,Greenacre - North,151.059426,-33.895589,1000
Greater Sydney,Greater Sydney,119011656,Greenacre - South,151.050868,-33.916357,1000
Greater Sydney,Greater Sydney,119011657,Panania (North) - Milperra,150.996993,-33.94938,1000
Greater Sydney,Greater Sydney,119011658,Panania (South) - Picnic Point,151.000689,-33.972186,1000
Greater Sydney,Greater Sydney,119011658,Panania (South) - Picnic Point,151.00206,-33.954181,1000
Greater Sydney,Greater Sydney,119021362,Belmore - Belfield,151.091113,-33.925676,1000
Greater Sydney,Greater Sydney,119021366,Punchbowl,151.042903,-33.929939,1000
Greater Sydney,Greater Sydney,119021367,Roselands,151.062548,-33.932674,1000
Greater Sydney,Greater Sydney,119021659,Campsie - North,151.094207,-33.903367,1000
Greater Sydney,Greater Sydney,119021661,Canterbury - South,151.112572,-33.913234,1000
Greater Sydney,Greater Sydney,119021662,Earlwood,151.134488,-33.929155,1000
Greater Sydney,Greater Sydney,119021662,Earlwood,151.125687,-33.925986,1000
Greater Sydney,Greater Sydney,119021663,Kingsgrove - North,151.097788,-33.935771,1000
Greater Sydney,Greater Sydney,119031370,Narwee - Beverly Hills,151.090152,-33.949188,1000
Greater Sydney,Greater Sydney,119031371,Oatley - Hurstville Grove,151.07996,-33.975465,1000
Greater Sydney,Greater Sydney,119031371,Oatley - Hurstville Grove,151.085634,-33.976316,1000
Greater Sydney,Greater Sydney,119031372,Peakhurst - Lugarno,151.069089,-33.966395,1000
Greater Sydney,Greater Sydney,119031372,Peakhurst - Lugarno,151.045812,-33.978371,1000
Greater Sydney,Greater Sydney,119031373,Riverwood,151.063347,-33.948668,1000
Greater Sydney,Greater Sydney,119031374,South Hurstville - Blakehurst,151.106822,-33.993002,1000
Greater Sydney,Greater Sydney,119031374,South Hurstville - Blakehurst,151.102586,-33.967719,1000
Greater Sydney,Greater Sydney,119031664,Hurstville - Central,151.096632,-33.96292,1000
Greater Sydney,Greater Sydney,119031665,Hurstville - North,151.097596,-33.956167,1000
Greater Sydney,Greater Sydney,119031666,Mortdale - Oatley,151.068354,-33.981831,1000
Greater Sydney,Greater Sydney,119031666,Mortdale - Oatley,151.079527,-33.964325,1000
Greater Sydney,Greater Sydney,119031667,Penshurst,151.075798,-33.959219,1000
Greater Sydney,Greater Sydney,119041377,Kingsgrove (South) - Bardwell Park,151.117765,-33.939611,1000
Greater Sydney,Greater Sydney,119041378,Kogarah,151.140604,-33.969635,1000
Greater Sydney,Greater Sydney,119041379,Kogarah Bay - Carlton - Allawah,151.128545,-33.974099,1000
Greater Sydney,Greater Sydney,119041379,Kogarah Bay - Carlton - Allawah,151.120845,-33.970583,1000
Greater Sydney,Greater Sydney,119041380,Monterey - Brighton-le-Sands - Kyeemagh,151.159943,-33.950057,1000
Greater Sydney,Greater Sydney,119041381,Rockdale - Banksia,151.146968,-33.954403,1000
Greater Sydney,Greater Sydney,119041381,Rockdale - Banksia,151.139942,-33.954445,1000
Greater Sydney,Greater Sydney,119041382,Sans Souci - Ramsgate,151.136923,-33.982931,1000
Greater Sydney,Greater Sydney,119041382,Sans Souci - Ramsgate,151.14012,-33.996021,1000
Greater Sydney,Greater Sydney,119041668,Arncliffe - Bardwell Valley,151.146861,-33.928454,1000
Greater Sydney,Greater Sydney,119041668,Arncliffe - Bardwell Valley,151.151741,-33.940283,1000
Greater Sydney,Greater Sydney,119041669,Bexley - North,151.113262,-33.951432,1000
Greater Sydney,Greater Sydney,119041670,Bexley - South,151.129199,-33.950727,1000
Greater Sydney,Greater Sydney,119041671,Wolli Creek,151.152668,-33.932838,1000
Greater Sydney,Greater Sydney,120011383,Concord - Mortlake - Cabarita,151.101192,-33.858795,1000
Greater Sydney,Greater Sydney,120011383,Concord - Mortlake - Cabarita,151.111605,-33.863251,1000
Greater Sydney,Greater Sydney,120011383,Concord - Mortlake - Cabarita,151.11464,-33.844871,1000
Greater Sydney,Greater Sydney,120011385,Drummoyne - Rodd Point,151.14904,-33.85782,1000
Greater Sydney,Greater Sydney,120011385,Drummoyne - Rodd Point,151.149798,-33.860532,1000
Greater Sydney,Greater Sydney,120011385,Drummoyne - Rodd Point,151.146824,-33.851831,1000
Greater Sydney,Greater Sydney,120011386,Five Dock - Abbotsford,151.114542,-33.863632,1000
Greater Sydney,Greater Sydney,120011386,Five Dock - Abbotsford,151.13017,-33.847274,1000
Greater Sydney,Greater Sydney,120011386,Five Dock - Abbotsford,151.12524,-33.846692,1000
Greater Sydney,Greater Sydney,120011672,Concord West - North Strathfield,151.092141,-33.854427,1000
Greater Sydney,Greater Sydney,120011672,Concord West - North Strathfield,151.086956,-33.846805,1000
Greater Sydney,Greater Sydney,120011673,Rhodes,151.083974,-33.829285,1000
Greater Sydney,Greater Sydney,120011673,Rhodes,151.085012,-33.834833,1000
Greater Sydney,Greater Sydney,120021387,Balmain,151.185402,-33.855929,1000
Greater Sydney,Greater Sydney,120021387,Balmain,151.181111,-33.85529,1000
Greater Sydney,Greater Sydney,120021387,Balmain,151.181163,-33.858702,1000
Greater Sydney,Greater Sydney,120021389,Lilyfield - Rozelle,151.171199,-33.869568,1000
Greater Sydney,Greater Sydney,120021389,Lilyfield - Rozelle,151.172695,-33.866385,1000
Greater Sydney,Greater Sydney,120021389,Lilyfield - Rozelle,151.163041,-33.862988,1000
Greater Sydney,Greater Sydney,120021674,Annandale (NSW),151.164631,-33.887977,1000
Greater Sydney,Greater Sydney,120021674,Annandale (NSW),151.168768,-33.878758,1000
Greater Sydney,Greater Sydney,120021675,Leichhardt,151.151342,-33.889153,1000
Greater Sydney,Greater Sydney,120021675,Leichhardt,151.155379,-33.876451,1000
Greater Sydney,Greater Sydney,120021675,Leichhardt,151.163336,-33.883036,1000
Greater Sydney,Greater Sydney,120031392,Canterbury (North) - Ashbury,151.118498,-33.903211,1000
Greater Sydney,Greater Sydney,120031393,Croydon Park - Enfield,151.113253,-33.889025,1000
Greater Sydney,Greater Sydney,120031393,Croydon Park - Enfield,151.10673,-33.891912,1000
Greater Sydney,Greater Sydney,120031394,Dulwich Hill - Lewisham,151.140543,-33.908946,1000
Greater Sydney,Greater Sydney,120031394,Dulwich Hill - Lewisham,151.135242,-33.912706,1000
Greater Sydney,Greater Sydney,120031394,Dulwich Hill - Lewisham,151.146537,-33.899601,1000
Greater Sydney,Greater Sydney,120031395,Haberfield - Summer Hill,151.133901,-33.893075,1000
Greater Sydney,Greater Sydney,120031395,Haberfield - Summer Hill,151.142828,-33.878927,1000
Greater Sydney,Greater Sydney,120031396,Homebush,151.080883,-33.867708,1000
Greater Sydney,Greater Sydney,120031396,Homebush,151.06661,-33.85819,1000
Greater Sydney,Greater Sydney,120031676,Ashfield - North,151.131237,-33.887156,1000
Greater Sydney,Greater Sydney,120031677,Ashfield - South,151.126,-33.888088,1000
Greater Sydney,Greater Sydney,120031678,Burwood (NSW),151.099053,-33.876467,1000
Greater Sydney,Greater Sydney,120031679,Croydon,151.117529,-33.883014,1000
Greater Sydney,Greater Sydney,120031680,Strathfield - East,151.091812,-33.88243,1000
Greater Sydney,Greater Sydney,120031680,Strathfield - East,151.089953,-33.882074,1000
Greater Sydney,Greater Sydney,120031681,Strathfield - West,151.084696,-33.881321,1000
Greater Sydney,Greater Sydney,121011399,Chatswood (West) - Lane Cove North,151.152916,-33.805086,1000
Greater Sydney,Greater Sydney,121011399,Chatswood (West) - Lane Cove North,151.175927,-33.808075,1000
Greater Sydney,Greater Sydney,121011399,Chatswood (West) - Lane Cove North,151.16692,-33.796088,1000
Greater Sydney,Greater Sydney,121011401,St Leonards - Naremburn,151.197448,-33.820952,1000
Greater Sydney,Greater Sydney,121011401,St Leonards - Naremburn,151.184865,-33.814156,1000
Greater Sydney,Greater Sydney,121011682,Artarmon,151.187797,-33.807493,1000
Greater Sydney,Greater Sydney,121011683,Castle Cove - Northbridge,151.216901,-33.794255,1000
Greater Sydney,Greater Sydney,121011683,Castle Cove - Northbridge,151.218639,-33.793827,1000
Greater Sydney,Greater Sydney,121011684,Chatswood - East,151.187401,-33.794177,1000
Greater Sydney,Greater Sydney,121011684,Chatswood - East,151.185727,-33.790933,1000
Greater Sydney,Greater Sydney,121011685,Greenwich - Riverview,151.171056,-33.82695,1000
Greater Sydney,Greater Sydney,121011685,Greenwich - Riverview,151.165831,-33.83414,1000
Greater Sydney,Greater Sydney,121011686,Lane Cove,151.165256,-33.819413,1000
Greater Sydney,Greater Sydney,121011686,Lane Cove,151.176656,-33.822327,1000
Greater Sydney,Greater Sydney,121011686,Lane Cove,151.151905,-33.810384,1000
Greater Sydney,Greater Sydney,121011687,Willoughby,151.200225,-33.810867,1000
Greater Sydney,Greater Sydney,121011687,Willoughby,151.198501,-33.793061,1000
Greater Sydney,Greater Sydney,121021403,Asquith - Mount Colah,151.125503,-33.623172,1000
Greater Sydney,Greater Sydney,121021403,Asquith - Mount Colah,151.14993,-33.649123,1000
Greater Sydney,Greater Sydney,121021403,Asquith - Mount Colah,151.103161,-33.658325,1000
Greater Sydney,Greater Sydney,121021404,Berowra - Brooklyn - Cowan,151.157423,-33.635072,1000
Greater Sydney,Greater Sydney,121021404,Berowra - Brooklyn - Cowan,151.150904,-33.64051,1000
Greater Sydney,Greater Sydney,121021406,Normanhurst - Thornleigh - Westleigh,151.080373,-33.694707,1000
Greater Sydney,Greater Sydney,121021406,Normanhurst - Thornleigh - Westleigh,151.104743,-33.722614,1000
Greater Sydney,Greater Sydney,121021406,Normanhurst - Thornleigh - Westleigh,151.091934,-33.73262,1000
Greater Sydney,Greater Sydney,121021577,Hornsby - East,151.108944,-33.703671,1000
Greater Sydney,Greater Sydney,121021578,Hornsby - West,151.0902,-33.702554,1000
Greater Sydney,Greater Sydney,121021579,Wahroonga (West) - Waitara,151.113308,-33.712086,1000
Greater Sydney,Greater Sydney,121031407,Gordon - Killara,151.172256,-33.765878,1000
Greater Sydney,Greater Sydney,121031407,Gordon - Killara,151.183851,-33.753734,1000
Greater Sydney,Greater Sydney,121031407,Gordon - Killara,151.172239,-33.757184,1000
Greater Sydney,Greater Sydney,121031408,Lindfield - Roseville,151.17327,-33.772062,1000
Greater Sydney,Greater Sydney,121031408,Lindfield - Roseville,151.163681,-33.777889,1000
Greater Sydney,Greater Sydney,121031408,Lindfield - Roseville,151.184761,-33.783427,1000
Greater Sydney,Greater Sydney,121031408,Lindfield - Roseville,151.163844,-33.773671,1000
Greater Sydney,Greater Sydney,121031409,Pymble,151.131954,-33.752012,1000
Greater Sydney,Greater Sydney,121031409,Pymble,151.130686,-33.772107,1000
Greater Sydney,Greater Sydney,121031409,Pymble,151.141635,-33.737563,1000
Greater Sydney,Greater Sydney,121031410,St Ives,151.190533,-33.726485,1000
Greater Sydney,Greater Sydney,121031410,St Ives,151.165743,-33.698393,1000
Greater Sydney,Greater Sydney,121031410,St Ives,151.175038,-33.717295,1000
Greater Sydney,Greater Sydney,121031411,Turramurra,151.149933,-33.678275,1000
Greater Sydney,Greater Sydney,121031411,Turramurra,151.158854,-33.698342,1000
Greater Sydney,Greater Sydney,121031411,Turramurra,151.161848,-33.689494,1000
Greater Sydney,Greater Sydney,121031412,Wahroonga (East) - Warrawee,151.122518,-33.721934,1000
Greater Sydney,Greater Sydney,121031412,Wahroonga (East) - Warrawee,151.09616,-33.734058,1000
Greater Sydney,Greater Sydney,121031412,Wahroonga (East) - Warrawee,151.123525,-33.724892,1000
Greater Sydney,Greater Sydney,121041413,Cremorne - Cammeray,151.21614,-33.822061,1000
Greater Sydney,Greater Sydney,121041413,Cremorne - Cammeray,151.212342,-33.820368,1000
Greater Sydney,Greater Sydney,121041413,Cremorne - Cammeray,151.22744,-33.837998,1000
Greater Sydney,Greater Sydney,121041413,Cremorne - Cammeray,151.207422,-33.822236,1000
Greater Sydney,Greater Sydney,121041414,Crows Nest - Waverton,151.19405,-33.839171,1000
Greater Sydney,Greater Sydney,121041414,Crows Nest - Waverton,151.18822,-33.839842,1000
Greater Sydney,Greater Sydney,121041414,Crows Nest - Waverton,151.199127,-33.835603,1000
Greater Sydney,Greater Sydney,121041414,Crows Nest - Waverton,151.200465,-33.826147,1000
Greater Sydney,Greater Sydney,121041416,Neutral Bay - Kirribilli,151.22118,-33.838876,1000
Greater Sydney,Greater Sydney,121041416,Neutral Bay - Kirribilli,151.217951,-33.834108,1000
Greater Sydney,Greater Sydney,121041416,Neutral Bay - Kirribilli,151.219859,-33.836266,1000
Greater Sydney,Greater Sydney,121041417,North Sydney - Lavender Bay,151.205548,-33.840215,1000
Greater Sydney,Greater Sydney,121041417,North Sydney - Lavender Bay,151.20683,-33.834225,1000
Greater Sydney,Greater Sydney,121041417,North Sydney - Lavender Bay,151.205309,-33.839593,1000
Greater Sydney,Greater Sydney,121041688,Mosman - North,151.249458,-33.826555,1000
Greater Sydney,Greater Sydney,121041688,Mosman - North,151.234167,-33.82421,1000
Greater Sydney,Greater Sydney,121041688,Mosman - North,151.240772,-33.818018,1000
Greater Sydney,Greater Sydney,121041689,Mosman - South,151.232933,-33.828705,1000
Greater Sydney,Greater Sydney,121041689,Mosman - South,151.242608,-33.834455,1000
Greater Sydney,Greater Sydney,121041689,Mosman - South,151.260331,-33.827561,1000
Greater Sydney,Greater Sydney,122011418,Balgowlah - Clontarf - Seaforth,151.253016,-33.797319,1000
Greater Sydney,Greater Sydney,122011418,Balgowlah - Clontarf - Seaforth,151.265963,-33.791355,1000
Greater Sydney,Greater Sydney,122011418,Balgowlah - Clontarf - Seaforth,151.251884,-33.801006,1000
Greater Sydney,Greater Sydney,122011418,Balgowlah - Clontarf - Seaforth,151.236545,-33.802383,1000
Greater Sydney,Greater Sydney,122011419,Manly - Fairlight,151.293303,-33.81642,1000
Greater Sydney,Greater Sydney,122011419,Manly - Fairlight,151.27814,-33.794724,1000
Greater Sydney,Greater Sydney,122011419,Manly - Fairlight,151.273967,-33.797531,1000
Greater Sydney,Greater Sydney,122011419,Manly - Fairlight,151.275039,-33.794199,1000
Greater Sydney,Greater Sydney,122011419,Manly - Fairlight,151.290029,-33.799911,1000
Greater Sydney,Greater Sydney,122021420,Avalon - Palm Beach,151.33485,-33.619238,1000
Greater Sydney,Greater Sydney,122021420,Avalon - Palm Beach,151.327734,-33.624536,1000
Greater Sydney,Greater Sydney,122021421,Bayview - Elanora Heights,151.265814,-33.63876,1000
Greater Sydney,Greater Sydney,122021421,Bayview - Elanora Heights,151.299687,-33.66725,1000
Greater Sydney,Greater Sydney,122021422,Newport - Bilgola,151.319203,-33.661672,1000
Greater Sydney,Greater Sydney,122021422,Newport - Bilgola,151.311856,-33.641544,1000
Greater Sydney,Greater Sydney,122021690,Mona Vale - Warriewood (North),151.283117,-33.674772,1000
Greater Sydney,Greater Sydney,122021690,Mona Vale - Warriewood (North),151.305914,-33.685175,1000
Greater Sydney,Greater Sydney,122021691,North Narrabeen - Warriewood (South),151.313605,-33.695691,1000
Greater Sydney,Greater Sydney,122021691,North Narrabeen - Warriewood (South),151.297249,-33.701622,1000
Greater Sydney,Greater Sydney,122031424,Beacon Hill - Narraweena,151.266518,-33.748025,1000
Greater Sydney,Greater Sydney,122031424,Beacon Hill - Narraweena,151.258118,-33.75966,1000
Greater Sydney,Greater Sydney,122031425,Cromer,151.277539,-33.743057,1000
Greater Sydney,Greater Sydney,122031427,Forestville - Killarney Heights,151.21254,-33.763324,1000
Greater Sydney,Greater Sydney,122031427,Forestville - Killarney Heights,151.215883,-33.760035,1000
Greater Sydney,Greater Sydney,122031429,Freshwater - Brookvale,151.275137,-33.761642,1000
Greater Sydney,Greater Sydney,122031429,Freshwater - Brookvale,151.272214,-33.77517,1000
Greater Sydney,Greater Sydney,122031429,Freshwater - Brookvale,151.290881,-33.766007,1000
Greater Sydney,Greater Sydney,122031429,Freshwater - Brookvale,151.278987,-33.78198,1000
Greater Sydney,Greater Sydney,122031430,Manly Vale - Allambie Heights,151.251389,-33.766969,1000
Greater Sydney,Greater Sydney,122031430,Manly Vale - Allambie Heights,151.260864,-33.786943,1000
Greater Sydney,Greater Sydney,122031430,Manly Vale - Allambie Heights,151.239171,-33.778618,1000
Greater Sydney,Greater Sydney,122031432,Terrey Hills - Duffys Forest,151.233076,-33.672574,1000
Greater Sydney,Greater Sydney,122031692,Belrose,151.210921,-33.735041,1000
Greater Sydney,Greater Sydney,122031693,Collaroy - Collaroy Plateau,151.29391,-33.728787,1000
Greater Sydney,Greater Sydney,122031693,Collaroy - Collaroy Plateau,151.299645,-33.730786,1000
Greater Sydney,Greater Sydney,122031694,Dee Why (South) - North Curl Curl,151.292054,-33.758109,1000
Greater Sydney,Greater Sydney,122031695,Dee Why - North,151.29188,-33.754118,1000
Greater Sydney,Greater Sydney,122031695,Dee Why - North,151.283965,-33.749091,1000
Greater Sydney,Greater Sydney,122031696,Frenchs Forest - Oxford Falls,151.244463,-33.724384,1000
Greater Sydney,Greater Sydney,122031696,Frenchs Forest - Oxford Falls,151.232386,-33.751006,1000
Greater Sydney,Greater Sydney,122031696,Frenchs Forest - Oxford Falls,151.242842,-33.751254,1000
Greater Sydney,Greater Sydney,122031697,Narrabeen - Wheeler Heights,151.286841,-33.724591,1000
Greater Sydney,Greater Sydney,123011433,Camden - Ellis Lane,150.67493,-34.062753,1000
Greater Sydney,Greater Sydney,123011698,Currans Hill,150.774148,-34.039109,1000
Greater Sydney,Greater Sydney,123011699,Elderslie - Narellan,150.71529,-34.019068,1000
Greater Sydney,Greater Sydney,123011700,Harrington Park,150.737514,-34.031229,1000
Greater Sydney,Greater Sydney,123011701,Mount Annan,150.765614,-34.054126,1000
Greater Sydney,Greater Sydney,123011701,Mount Annan,150.743831,-34.078826,1000
Greater Sydney,Greater Sydney,123011702,Spring Farm,150.740064,-34.064134,1000
Greater Sydney,Greater Sydney,123021436,Bradbury - Wedderburn,150.806862,-34.161065,1000
Greater Sydney,Greater Sydney,123021437,Campbelltown - Woodbine,150.819302,-34.071894,1000
Greater Sydney,Greater Sydney,123021438,Claymore - Eagle Vale - Raby,150.806115,-34.045501,1000
Greater Sydney,Greater Sydney,123021441,Leumeah - Minto Heights,150.881789,-34.051123,1000
Greater Sydney,Greater Sydney,123021443,Minto - St Andrews,150.837899,-34.027394,1000
Greater Sydney,Greater Sydney,123021444,Rosemeadow - Glen Alpine,150.785732,-34.102622,1000
Greater Sydney,Greater Sydney,123021703,Denham Court - Bardia,150.83502,-33.95948,1000
Greater Sydney,Greater Sydney,123021704,Glenfield,150.903156,-33.974834,1000
Greater Sydney,Greater Sydney,123021705,Ingleburn,150.843157,-34.003084,1000
Greater Sydney,Greater Sydney,123021706,Macquarie Fields,150.895844,-33.993637,1000
Greater Sydney,Greater Sydney,123031446,Douglas Park - Appin,150.813732,-34.172973,1000
Greater Sydney,Greater Sydney,123031447,Picton - Tahmoor - Buxton,150.606173,-34.249897,1000
Greater Sydney,Greater Sydney,123031447,Picton - Tahmoor - Buxton,150.621585,-34.158109,1000
Greater Sydney,Greater Sydney,123031448,The Oaks - Oakdale,150.512546,-34.036944,1000
Greater Sydney,Greater Sydney,124011450,Blaxland - Warrimoo - Lapstone,150.635022,-33.734042,1000
Greater Sydney,Greater Sydney,124011450,Blaxland - Warrimoo - Lapstone,150.641228,-33.728862,1000
Greater Sydney,Greater Sydney,124011452,Katoomba - Leura,150.328462,-33.693954,1000
Greater Sydney,Greater Sydney,124011453,Lawson - Hazelbrook - Linden,150.420365,-33.731159,1000
Greater Sydney,Greater Sydney,124011454,Springwood - Winmalee,150.628364,-33.674633,1000
Greater Sydney,Greater Sydney,124011454,Springwood - Winmalee,150.574371,-33.702298,1000
Greater Sydney,Greater Sydney,124011455,Wentworth Falls,150.360228,-33.695487,1000
Greater Sydney,Greater Sydney,124031457,Cambridge Park,150.749815,-33.749253,1000
Greater Sydney,Greater Sydney,124031459,Emu Plains - Leonay,150.672772,-33.741527,1000
Greater Sydney,Greater Sydney,124031459,Emu Plains - Leonay,150.671322,-33.74462,1000
Greater Sydney,Greater Sydney,124031460,Glenmore Park - Regentville,150.662486,-33.789437,1000
Greater Sydney,Greater Sydney,124031460,Glenmore Park - Regentville,150.690385,-33.790938,1000
Greater Sydney,Greater Sydney,124031461,Jamisontown - South Penrith,150.686472,-33.778062,1000
Greater Sydney,Greater Sydney,124031462,Kingswood - Werrington,150.741349,-33.778821,1000
Greater Sydney,Greater Sydney,124031462,Kingswood - Werrington,150.739317,-33.755771,1000
Greater Sydney,Greater Sydney,124031463,Mulgoa - Luddenham - Orchard Hills,150.724824,-33.795555,1000
Greater Sydney,Greater Sydney,124031464,Penrith,150.713444,-33.750702,1000
Greater Sydney,Greater Sydney,124031465,Warragamba - Silverdale,150.566173,-33.957388,1000
Greater Sydney,Greater Sydney,124031707,Cranebrook - Castlereagh,150.678114,-33.697702,1000
Greater Sydney,Greater Sydney,124031708,Jordan Springs - Llandilo,150.764003,-33.688016,1000
Greater Sydney,Greater Sydney,124041466,Richmond - Clarendon,150.801606,-33.589706,1000
Greater Sydney,Greater Sydney,124041467,Windsor - Bligh Park,150.805118,-33.619268,1000
Greater Sydney,Greater Sydney,124041468,Yarramundi - Londonderry,150.721981,-33.678081,1000
Greater Sydney,Greater Sydney,124051469,Erskine Park,150.779224,-33.811109,1000
Greater Sydney,Greater Sydney,124051470,St Clair,150.790218,-33.796091,1000
Greater Sydney,Greater Sydney,124051470,St Clair,150.780965,-33.80031,1000
Greater Sydney,Greater Sydney,124051580,Colyton - Oxley Park,150.80097,-33.783694,1000
Greater Sydney,Greater Sydney,124051581,St Marys - North St Marys,150.783532,-33.748758,1000
Greater Sydney,Greater Sydney,125011582,Auburn - Central,151.031294,-33.850613,1000
Greater Sydney,Greater Sydney,125011586,Lidcombe,151.041318,-33.847856,1000
Greater Sydney,Greater Sydney,125011586,Lidcombe,151.043705,-33.880537,1000
Greater Sydney,Greater Sydney,125011709,Silverwater - Newington,151.060962,-33.825199,1000
Greater Sydney,Greater Sydney,125011710,Wentworth Point - Sydney Olympic Park,151.061923,-33.853222,1000
Greater Sydney,Greater Sydney,125011710,Wentworth Point - Sydney Olympic Park,151.06563,-33.850243,1000
Greater Sydney,Greater Sydney,125021477,Ermington - Rydalmere,151.054993,-33.803227,1000
Greater Sydney,Greater Sydney,125021477,Ermington - Rydalmere,151.068308,-33.815364,1000
Greater Sydney,Greater Sydney,125021478,Oatlands - Dundas Valley,151.055011,-33.795844,1000
Greater Sydney,Greater Sydney,125021478,Oatlands - Dundas Valley,151.055218,-33.791781,1000
Greater Sydney,Greater Sydney,125021711,Carlingford - East,151.059701,-33.760329,1000
Greater Sydney,Greater Sydney,125021712,Carlingford - West,151.039875,-33.765946,1000
Greater Sydney,Greater Sydney,125021712,Carlingford - West,151.041917,-33.769155,1000
Greater Sydney,Greater Sydney,125031479,Chester Hill - Sefton,151.008993,-33.887303,1000
Greater Sydney,Greater Sydney,125031480,Fairfield - East,150.980432,-33.86996,1000
Greater Sydney,Greater Sydney,125031481,Granville - Clyde,151.009998,-33.843513,1000
Greater Sydney,Greater Sydney,125031483,Guildford - South Granville,151.000705,-33.870298,1000
Greater Sydney,Greater Sydney,125031484,Guildford West - Merrylands West,150.982674,-33.85364,1000
Greater Sydney,Greater Sydney,125031713,Greystanes - South,150.95828,-33.832334,1000
Greater Sydney,Greater Sydney,125031714,Merrylands - Holroyd,150.990692,-33.827726,1000
Greater Sydney,Greater Sydney,125031715,Pemulwuy - Greystanes (North),150.917664,-33.819566,1000
Greater Sydney,Greater Sydney,125041489,North Parramatta,151.0165,-33.788054,1000
Greater Sydney,Greater Sydney,125041489,North Parramatta,151.014523,-33.799553,1000
Greater Sydney,Greater Sydney,125041490,North Rocks,151.01823,-33.764791,1000
Greater Sydney,Greater Sydney,125041491,Northmead,150.993852,-33.797416,1000
Greater Sydney,Greater Sydney,125041491,Northmead,150.987749,-33.799262,1000
Greater Sydney,Greater Sydney,125041493,Toongabbie - Constitution Hill,150.9727,-33.800048,1000
Greater Sydney,Greater Sydney,125041493,Toongabbie - Constitution Hill,150.957337,-33.781,1000
Greater Sydney,Greater Sydney,125041494,Winston Hills,150.969476,-33.774867,1000
Greater Sydney,Greater Sydney,125041588,Pendle Hill - Girraween,150.94773,-33.80428,1000
Greater Sydney,Greater Sydney,125041589,Wentworthville - Westmead,150.991651,-33.813262,1000
Greater Sydney,Greater Sydney,125041589,Wentworthville - Westmead,150.98463,-33.819524,1000
Greater Sydney,Greater Sydney,125041717,Parramatta - North,150.99071,-33.811284,1000
Greater Sydney,Greater Sydney,125041718,Parramatta - South,150.993977,-33.822066,1000
Greater Sydney,Greater Sydney,125041719,Rosehill - Harris Park,151.009494,-33.824699,1000
Greater Sydney,Greater Sydney,126011496,Pennant Hills - Cheltenham,151.082862,-33.751807,1000
Greater Sydney,Greater Sydney,126011496,Pennant Hills - Cheltenham,151.077214,-33.738011,1000
Greater Sydney,Greater Sydney,126011496,Pennant Hills - Cheltenham,151.065958,-33.752061,1000
Greater Sydney,Greater Sydney,126011720,Epping (East) - North Epping,151.092186,-33.75501,1000
Greater Sydney,Greater Sydney,126011720,Epping (East) - North Epping,151.088611,-33.766828,1000
Greater Sydney,Greater Sydney,126011721,Epping (NSW) - West,151.072171,-33.769931,1000
Greater Sydney,Greater Sydney,126011721,Epping (NSW) - West,151.080625,-33.77861,1000
Greater Sydney,Greater Sydney,126021498,Gladesville - Huntleys Point,151.123227,-33.818461,1000
Greater Sydney,Greater Sydney,126021498,Gladesville - Huntleys Point,151.124114,-33.826224,1000
Greater Sydney,Greater Sydney,126021499,Hunters Hill - Woolwich,151.144036,-33.822422,1000
Greater Sydney,Greater Sydney,126021499,Hunters Hill - Woolwich,151.153721,-33.838065,1000
Greater Sydney,Greater Sydney,126021500,Macquarie Park - Marsfield,151.126829,-33.78291,1000
Greater Sydney,Greater Sydney,126021500,Macquarie Park - Marsfield,151.109808,-33.775463,1000
Greater Sydney,Greater Sydney,126021501,North Ryde - East Ryde,151.132184,-33.794604,1000
Greater Sydney,Greater Sydney,126021501,North Ryde - East Ryde,151.13645,-33.812423,1000
Greater Sydney,Greater Sydney,126021503,West Ryde - Meadowbank,151.069662,-33.802884,1000
Greater Sydney,Greater Sydney,126021503,West Ryde - Meadowbank,151.087371,-33.811863,1000
Greater Sydney,Greater Sydney,126021590,Putney,151.115755,-33.824828,1000
Greater Sydney,Greater Sydney,126021722,Denistone,151.098619,-33.797064,1000
Greater Sydney,Greater Sydney,126021723,Eastwood,151.068676,-33.785061,1000
Greater Sydney,Greater Sydney,126021723,Eastwood,151.068008,-33.791181,1000
Greater Sydney,Greater Sydney,126021724,Ryde - North,151.116481,-33.814085,1000
Greater Sydney,Greater Sydney,126021724,Ryde - North,151.111634,-33.802636,1000
Greater Sydney,Greater Sydney,126021725,Ryde - South,151.111011,-33.819054,1000
Greater Sydney,Greater Sydney,127011505,Austral - Greendale,150.763383,-33.912808,1000
Greater Sydney,Greater Sydney,127011593,Cecil Hills,150.84623,-33.882498,1000
Greater Sydney,Greater Sydney,127011594,Green Valley,150.869659,-33.897027,1000
Greater Sydney,Greater Sydney,127011595,Hinchinbrook,150.86412,-33.917355,1000
Greater Sydney,Greater Sydney,127011596,Hoxton Park - Carnes Hill - Horningsea Park,150.849754,-33.931515,1000
Greater Sydney,Greater Sydney,127011597,West Hoxton - Middleton Grange,150.84193,-33.921696,1000
Greater Sydney,Greater Sydney,127011597,West Hoxton - Middleton Grange,150.841559,-33.930072,1000
Greater Sydney,Greater Sydney,127011727,Gledswood Hills - Gregory Hills,150.788932,-34.021084,1000
Greater Sydney,Greater Sydney,127011727,Gledswood Hills - Gregory Hills,150.772614,-34.02319,1000
Greater Sydney,Greater Sydney,127011728,Leppington - Catherine Field,150.766066,-34.004569,1000
Greater Sydney,Greater Sydney,127011729,Oran Park,150.74057,-33.972249,1000
Greater Sydney,Greater Sydney,127011729,Oran Park,150.738232,-33.97186,1000
Greater Sydney,Greater Sydney,127021509,Bonnyrigg Heights - Bonnyrigg,150.882849,-33.894707,1000
Greater Sydney,Greater Sydney,127021510,Bossley Park - Abbotsbury,150.881209,-33.86247,1000
Greater Sydney,Greater Sydney,127021511,Cabramatta - Lansvale,150.918608,-33.901753,1000
Greater Sydney,Greater Sydney,127021512,Cabramatta West - Mount Pritchard,150.915667,-33.888466,1000
Greater Sydney,Greater Sydney,127021513,Canley Vale - Canley Heights,150.924384,-33.8807,1000
Greater Sydney,Greater Sydney,127021514,Edensor Park,150.873159,-33.876857,1000
Greater Sydney,Greater Sydney,127021515,Fairfield,150.951045,-33.876203,1000
Greater Sydney,Greater Sydney,127021516,Fairfield - West,150.949005,-33.863622,1000
Greater Sydney,Greater Sydney,127021519,Smithfield - Wetherill Park,150.900522,-33.852196,1000
Greater Sydney,Greater Sydney,127021520,St Johns Park - Wakeley,150.90907,-33.8669,1000
Greater Sydney,Greater Sydney,127031522,Casula,150.8816,-33.952493,1000
Greater Sydney,Greater Sydney,127031523,Chipping Norton - Moorebank,150.966677,-33.925286,1000
Greater Sydney,Greater Sydney,127031523,Chipping Norton - Moorebank,150.967387,-33.937755,1000
Greater Sydney,Greater Sydney,127031524,Holsworthy - Wattle Grove,150.933079,-33.973525,1000
Greater Sydney,Greater Sydney,127031524,Holsworthy - Wattle Grove,150.89894,-34.032474,1000
Greater Sydney,Greater Sydney,127031730,Edmondson Park,150.870899,-33.959986,1000
Greater Sydney,Greater Sydney,127031731,Liverpool - East,150.917127,-33.934628,1000
Greater Sydney,Greater Sydney,127031733,Prestons,150.86708,-33.942494,1000
Greater Sydney,Greater Sydney,128011529,Gymea - Grays Point,151.076308,-34.061916,1000
Greater Sydney,Greater Sydney,128011529,Gymea - Grays Point,151.085111,-34.046933,1000
Greater Sydney,Greater Sydney,128011530,Miranda - Yowie Bay,151.1164,-34.028298,1000
Greater Sydney,Greater Sydney,128011530,Miranda - Yowie Bay,151.096325,-34.038871,1000
Greater Sydney,Greater Sydney,128011531,Sylvania - Taren Point,151.09827,-34.019989,1000
Greater Sydney,Greater Sydney,128011531,Sylvania - Taren Point,151.123016,-34.012824,1000
Greater Sydney,Greater Sydney,128011602,Caringbah,151.125097,-34.037097,1000
Greater Sydney,Greater Sydney,128011603,Caringbah South,151.11097,-34.050254,1000
Greater Sydney,Greater Sydney,128011603,Caringbah South,151.118566,-34.057783,1000
Greater Sydney,Greater Sydney,128011604,Cronulla - Kurnell - Bundeena,151.204568,-34.033881,1000
Greater Sydney,Greater Sydney,128011604,Cronulla - Kurnell - Bundeena,151.162311,-34.011114,1000
Greater Sydney,Greater Sydney,128011604,Cronulla - Kurnell - Bundeena,151.150816,-34.016728,1000
Greater Sydney,Greater Sydney,128011605,Lilli Pilli - Port Hacking - Dolans Bay,151.125864,-34.061494,1000
Greater Sydney,Greater Sydney,128011606,Woolooware - Burraneer,151.138806,-34.067004,1000
Greater Sydney,Greater Sydney,128021533,Heathcote - Waterfall,150.983212,-34.116403,1000
Greater Sydney,Greater Sydney,128021534,Illawong - Alfords Point,151.032281,-33.996285,1000
Greater Sydney,Greater Sydney,128021535,Menai - Lucas Heights - Woronora,151.040377,-34.015378,1000
Greater Sydney,Greater Sydney,128021535,Menai - Lucas Heights - Woronora,151.013707,-34.03927,1000
Greater Sydney,Greater Sydney,128021535,Menai - Lucas Heights - Woronora,151.024862,-34.025609,1000
Greater Sydney,Greater Sydney,128021536,Oyster Bay - Como - Jannali,151.080354,-34.014392,1000
Greater Sydney,Greater Sydney,128021536,Oyster Bay - Como - Jannali,151.050745,-34.018685,1000
Greater Sydney,Greater Sydney,128021536,Oyster Bay - Como - Jannali,151.074398,-34.006704,1000
Greater Sydney,Greater Sydney,128021538,Sutherland - Kirrawee,151.057668,-34.025502,1000
Greater Sydney,Greater Sydney,128021538,Sutherland - Kirrawee,151.075093,-34.029934,1000
Greater Sydney,Greater Sydney,128021538,Sutherland - Kirrawee,151.050961,-34.022648,1000
Greater Sydney,Greater Sydney,128021607,Engadine,151.002275,-34.055183,1000
Greater Sydney,Greater Sydney,128021607,Engadine,151.001307,-34.049323,1000
Greater Sydney,Greater Sydney,128021608,Loftus - Yarrawarrah,151.035317,-34.056165,1000
Greater Sydney,Greater Sydney,128021609,Woronora Heights,151.017951,-34.037888,1000
Greater Melbourne,Greater Melbourne,206011106,Brunswick East,144.978172,-37.773573,1000
Greater Melbourne,Greater Melbourne,206011106,Brunswick East,144.971564,-37.776077,1000
Greater Melbourne,Greater Melbourne,206011107,Brunswick West,144.930841,-37.752757,1000
Greater Melbourne,Greater Melbourne,206011107,Brunswick West,144.940264,-37.770553,1000
Greater Melbourne,Greater Melbourne,206011109,Pascoe Vale South,144.946034,-37.742918,1000
Greater Melbourne,Greater Melbourne,206011495,Brunswick - North,144.956455,-37.758334,1000
Greater Melbourne,Greater Melbourne,206011495,Brunswick - North,144.969731,-37.759782,1000
Greater Melbourne,Greater Melbourne,206011496,Brunswick - South,144.956935,-37.775969,1000
Greater Melbourne,Greater Melbourne,206011496,Brunswick - South,144.954869,-37.776847,1000
Greater Melbourne,Greater Melbourne,206011497,Coburg - East,144.976144,-37.751708,1000
Greater Melbourne,Greater Melbourne,206011498,Coburg - West,144.951794,-37.736342,1000
Greater Melbourne,Greater Melbourne,206011498,Coburg - West,144.962458,-37.735829,1000
Greater Melbourne,Greater Melbourne,206021110,Alphington - Fairfield,145.027763,-37.770935,1000
Greater Melbourne,Greater Melbourne,206021112,Thornbury,145.003228,-37.761147,1000
Greater Melbourne,Greater Melbourne,206021112,Thornbury,144.991925,-37.759739,1000
Greater Melbourne,Greater Melbourne,206021499,Northcote - East,145.010424,-37.7824,1000
Greater Melbourne,Greater Melbourne,206021499,Northcote - East,145.000153,-37.763916,1000
Greater Melbourne,Greater Melbourne,206021500,Northcote - West,144.983976,-37.75994,1000
Greater Melbourne,Greater Melbourne,206021500,Northcote - West,144.990714,-37.779276,1000
Greater Melbourne,Greater Melbourne,206031113,Ascot Vale,144.913683,-37.7751,1000
Greater Melbourne,Greater Melbourne,206031113,Ascot Vale,144.906563,-37.77506,1000
Greater Melbourne,Greater Melbourne,206031115,Flemington,144.929229,-37.784081,1000
Greater Melbourne,Greater Melbourne,206031116,Moonee Ponds,144.924628,-37.764039,1000
Greater Melbourne,Greater Melbourne,206031116,Moonee Ponds,144.922415,-37.771224,1000
Greater Melbourne,Greater Melbourne,206031501,Essendon (West) - Aberfeldie,144.905478,-37.750293,1000
Greater Melbourne,Greater Melbourne,206031501,Essendon (West) - Aberfeldie,144.90305,-37.751844,1000
Greater Melbourne,Greater Melbourne,206031502,Essendon - East,144.915422,-37.756704,1000
Greater Melbourne,Greater Melbourne,206031502,Essendon - East,144.926109,-37.754197,1000
Greater Melbourne,Greater Melbourne,206041117,Carlton,144.970434,-37.798063,1000
Greater Melbourne,Greater Melbourne,206041118,Docklands,144.936299,-37.811355,1000
Greater Melbourne,Greater Melbourne,206041118,Docklands,144.939103,-37.813707,1000
Greater Melbourne,Greater Melbourne,206041119,East Melbourne,144.975232,-37.812544,1000
Greater Melbourne,Greater Melbourne,206041121,Kensington (Vic.),144.929503,-37.799611,1000
Greater Melbourne,Greater Melbourne,206041121,Kensington (Vic.),144.93154,-37.789529,1000
Greater Melbourne,Greater Melbourne,206041124,Parkville,144.96213,-37.796973,1000
Greater Melbourne,Greater Melbourne,206041125,South Yarra - West,144.97894,-37.84165,1000
Greater Melbourne,Greater Melbourne,206041503,Melbourne CBD - East,144.971519,-37.815169,1000
Greater Melbourne,Greater Melbourne,206041504,Melbourne CBD - North,144.958908,-37.806711,1000
Greater Melbourne,Greater Melbourne,206041505,Melbourne CBD - West,144.966502,-37.818929,1000
Greater Melbourne,Greater Melbourne,206041506,North Melbourne,144.949442,-37.796312,1000
Greater Melbourne,Greater Melbourne,206041506,North Melbourne,144.953142,-37.803307,1000
Greater Melbourne,Greater Melbourne,206041508,Southbank (West) - South Wharf,144.961924,-37.82215,1000
Greater Melbourne,Greater Melbourne,206041509,Southbank - East,144.9658,-37.830644,1000
Greater Melbourne,Greater Melbourne,206041509,Southbank - East,144.964958,-37.829874,1000
Greater Melbourne,Greater Melbourne,206041510,West Melbourne - Residential,144.947064,-37.809395,1000
Greater Melbourne,Greater Melbourne,206051128,Albert Park,144.968788,-37.852683,1000
Greater Melbourne,Greater Melbourne,206051128,Albert Park,144.965016,-37.845802,1000
Greater Melbourne,Greater Melbourne,206051128,Albert Park,144.959477,-37.847484,1000
Greater Melbourne,Greater Melbourne,206051129,Elwood,144.984584,-37.875373,1000
Greater Melbourne,Greater Melbourne,206051129,Elwood,144.989969,-37.873192,1000
Greater Melbourne,Greater Melbourne,206051130,Port Melbourne,144.928956,-37.83791,1000
Greater Melbourne,Greater Melbourne,206051130,Port Melbourne,144.928842,-37.838288,1000
Greater Melbourne,Greater Melbourne,206051130,Port Melbourne,144.937634,-37.842355,1000
Greater Melbourne,Greater Melbourne,206051134,St Kilda East,144.997352,-37.875258,1000
Greater Melbourne,Greater Melbourne,206051134,St Kilda East,144.995097,-37.871158,1000
Greater Melbourne,Greater Melbourne,206051512,South Melbourne,144.950288,-37.839699,1000
Greater Melbourne,Greater Melbourne,206051512,South Melbourne,144.951855,-37.835428,1000
Greater Melbourne,Greater Melbourne,206051513,St Kilda - Central,144.983341,-37.87189,1000
Greater Melbourne,Greater Melbourne,206051514,St Kilda - West,144.976388,-37.861211,1000
Greater Melbourne,Greater Melbourne,206051514,St Kilda - West,144.972009,-37.858128,1000
Greater Melbourne,Greater Melbourne,206061135,Armadale,145.013205,-37.854228,1000
Greater Melbourne,Greater Melbourne,206061135,Armadale,145.027307,-37.853613,1000
Greater Melbourne,Greater Melbourne,206061136,Prahran - Windsor,145.010995,-37.852664,1000
Greater Melbourne,Greater Melbourne,206061136,Prahran - Windsor,145.002041,-37.852289,1000
Greater Melbourne,Greater Melbourne,206061136,Prahran - Windsor,144.987265,-37.850878,1000
Greater Melbourne,Greater Melbourne,206061138,Toorak,145.007653,-37.837395,1000
Greater Melbourne,Greater Melbourne,206061138,Toorak,145.021548,-37.846633,1000
Greater Melbourne,Greater Melbourne,206061515,South Yarra - North,145.00183,-37.83603,1000
Greater Melbourne,Greater Melbourne,206061515,South Yarra - North,144.987876,-37.833753,1000
Greater Melbourne,Greater Melbourne,206061516,South Yarra - South,144.992466,-37.840902,1000
Greater Melbourne,Greater Melbourne,206061516,South Yarra - South,144.997325,-37.84456,1000
Greater Melbourne,Greater Melbourne,206071139,Abbotsford,145.005353,-37.80474,1000
Greater Melbourne,Greater Melbourne,206071140,Carlton North - Princes Hill,144.969987,-37.781324,1000
Greater Melbourne,Greater Melbourne,206071141,Collingwood,144.985831,-37.805843,1000
Greater Melbourne,Greater Melbourne,206071142,Fitzroy,144.979264,-37.797403,1000
Greater Melbourne,Greater Melbourne,206071142,Fitzroy,144.976394,-37.807302,1000
Greater Melbourne,Greater Melbourne,206071143,Fitzroy North,144.982904,-37.790943,1000
Greater Melbourne,Greater Melbourne,206071143,Fitzroy North,144.980603,-37.77553,1000
Greater Melbourne,Greater Melbourne,206071145,Clifton Hill - Alphington,145.018619,-37.785992,1000
Greater Melbourne,Greater Melbourne,206071145,Clifton Hill - Alphington,145.014623,-37.799206,1000
Greater Melbourne,Greater Melbourne,206071517,Richmond (South) - Cremorne,145.004694,-37.825181,1000
Greater Melbourne,Greater Melbourne,206071517,Richmond (South) - Cremorne,145.009365,-37.829285,1000
Greater Melbourne,Greater Melbourne,206071517,Richmond (South) - Cremorne,145.019353,-37.830966,1000
Greater Melbourne,Greater Melbourne,206071518,Richmond - North,144.990845,-37.813927,1000
Greater Melbourne,Greater Melbourne,206071518,Richmond - North,145.004586,-37.816217,1000
Greater Melbourne,Greater Melbourne,207011146,Ashburton (Vic.),145.067931,-37.867615,1000
Greater Melbourne,Greater Melbourne,207011147,Balwyn,145.06934,-37.808442,1000
Greater Melbourne,Greater Melbourne,207011147,Balwyn,145.062193,-37.804009,1000
Greater Melbourne,Greater Melbourne,207011148,Balwyn North,145.103052,-37.791003,1000
Greater Melbourne,Greater Melbourne,207011148,Balwyn North,145.097127,-37.790108,1000
Greater Melbourne,Greater Melbourne,207011148,Balwyn North,145.096146,-37.789188,1000
Greater Melbourne,Greater Melbourne,207011149,Camberwell,145.07973,-37.837168,1000
Greater Melbourne,Greater Melbourne,207011149,Camberwell,145.064877,-37.842653,1000
Greater Melbourne,Greater Melbourne,207011149,Camberwell,145.067037,-37.847107,1000
Greater Melbourne,Greater Melbourne,207011150,Glen Iris - East,145.07284,-37.859022,1000
Greater Melbourne,Greater Melbourne,207011150,Glen Iris - East,145.054167,-37.846769,1000
Greater Melbourne,Greater Melbourne,207011150,Glen Iris - East,145.088585,-37.856573,1000
Greater Melbourne,Greater Melbourne,207011152,Hawthorn East,145.056116,-37.833296,1000
Greater Melbourne,Greater Melbourne,207011152,Hawthorn East,145.054764,-37.83635,1000
Greater Melbourne,Greater Melbourne,207011154,Kew East,145.051313,-37.798949,1000
Greater Melbourne,Greater Melbourne,207011155,Surrey Hills (West) - Canterbury,145.081964,-37.818707,1000
Greater Melbourne,Greater Melbourne,207011155,Surrey Hills (West) - Canterbury,145.094991,-37.816173,1000
Greater Melbourne,Greater Melbourne,207011155,Surrey Hills (West) - Canterbury,145.079596,-37.825125,1000
Greater Melbourne,Greater Melbourne,207011519,Hawthorn - North,145.021148,-37.815313,1000
Greater Melbourne,Greater Melbourne,207011519,Hawthorn - North,145.020985,-37.822913,1000
Greater Melbourne,Greater Melbourne,207011520,Hawthorn - South,145.041029,-37.836945,1000
Greater Melbourne,Greater Melbourne,207011520,Hawthorn - South,145.023478,-37.824697,1000
Greater Melbourne,Greater Melbourne,207011521,Kew - South,145.044244,-37.811026,1000
Greater Melbourne,Greater Melbourne,207011521,Kew - South,145.036001,-37.80766,1000
Greater Melbourne,Greater Melbourne,207011522,Kew - West,145.022406,-37.801834,1000
Greater Melbourne,Greater Melbourne,207011522,Kew - West,145.005087,-37.801355,1000
Greater Melbourne,Greater Melbourne,207021156,Bulleen,145.06943,-37.774747,1000
Greater Melbourne,Greater Melbourne,207021157,Doncaster,145.126287,-37.785574,1000
Greater Melbourne,Greater Melbourne,207021157,Doncaster,145.114102,-37.781079,1000
Greater Melbourne,Greater Melbourne,207021159,Templestowe,145.161729,-37.772086,1000
Greater Melbourne,Greater Melbourne,207021159,Templestowe,145.151712,-37.752617,1000
Greater Melbourne,Greater Melbourne,207021160,Templestowe Lower,145.103851,-37.771338,1000
Greater Melbourne,Greater Melbourne,207021424,Doncaster East - North,145.177322,-37.769683,1000
Greater Melbourne,Greater Melbourne,207021425,Doncaster East - South,145.163653,-37.79289,1000
Greater Melbourne,Greater Melbourne,207031161,Blackburn,145.147865,-37.827037,1000
Greater Melbourne,Greater Melbourne,207031161,Blackburn,145.154321,-37.82455,1000
Greater Melbourne,Greater Melbourne,207031161,Blackburn,145.159116,-37.810104,1000
Greater Melbourne,Greater Melbourne,207031162,Blackburn South,145.148759,-37.834816,1000
Greater Melbourne,Greater Melbourne,207031163,Box Hill,145.132608,-37.827509,1000
Greater Melbourne,Greater Melbourne,207031163,Box Hill,145.124227,-37.81731,1000
Greater Melbourne,Greater Melbourne,207031164,Box Hill North,145.137882,-37.812058,1000
Greater Melbourne,Greater Melbourne,207031164,Box Hill North,145.118585,-37.80823,1000
Greater Melbourne,Greater Melbourne,207031165,Burwood (Vic.),145.102958,-37.844706,1000
Greater Melbourne,Greater Melbourne,207031166,Burwood East,145.140184,-37.854094,1000
Greater Melbourne,Greater Melbourne,207031167,Surrey Hills (East) - Mont Albert,145.105848,-37.826616,1000
Greater Melbourne,Greater Melbourne,208011168,Beaumaris,145.034685,-37.98437,1000
Greater Melbourne,Greater Melbourne,208011168,Beaumaris,145.052026,-37.975668,1000
Greater Melbourne,Greater Melbourne,208011169,Brighton (Vic.),144.993945,-37.898142,1000
Greater Melbourne,Greater Melbourne,208011169,Brighton (Vic.),144.994482,-37.888836,1000
Greater Melbourne,Greater Melbourne,208011169,Brighton (Vic.),145.006337,-37.906519,1000
Greater Melbourne,Greater Melbourne,208011169,Brighton (Vic.),144.993062,-37.916744,1000
Greater Melbourne,Greater Melbourne,208011170,Brighton East,145.018996,-37.92272,1000
Greater Melbourne,Greater Melbourne,208011170,Brighton East,145.021713,-37.904644,1000
Greater Melbourne,Greater Melbourne,208011170,Brighton East,145.023762,-37.912181,1000
Greater Melbourne,Greater Melbourne,208011171,Highett (West) - Cheltenham,145.040252,-37.954819,1000
Greater Melbourne,Greater Melbourne,208011171,Highett (West) - Cheltenham,145.037228,-37.969659,1000
Greater Melbourne,Greater Melbourne,208011172,Hampton,144.999438,-37.932521,1000
Greater Melbourne,Greater Melbourne,208011172,Hampton,145.015359,-37.93271,1000
Greater Melbourne,Greater Melbourne,208011172,Hampton,145.003085,-37.93747,1000
Greater Melbourne,Greater Melbourne,208011173,Sandringham - Black Rock,145.023841,-37.961858,1000
Greater Melbourne,Greater Melbourne,208011173,Sandringham - Black Rock,145.023635,-37.983211,1000
Greater Melbourne,Greater Melbourne,208011173,Sandringham - Black Rock,145.026706,-37.966977,1000
Greater Melbourne,Greater Melbourne,208021174,Bentleigh - McKinnon,145.03357,-37.927507,1000
Greater Melbourne,Greater Melbourne,208021174,Bentleigh - McKinnon,145.026803,-37.921093,1000
Greater Melbourne,Greater Melbourne,208021174,Bentleigh - McKinnon,145.036892,-37.928134,1000
Greater Melbourne,Greater Melbourne,208021176,Carnegie,145.065291,-37.886635,1000
Greater Melbourne,Greater Melbourne,208021176,Carnegie,145.064588,-37.885927,1000
Greater Melbourne,Greater Melbourne,208021177,Caulfield - North,145.033162,-37.880001,1000
Greater Melbourne,Greater Melbourne,208021177,Caulfield - North,145.02805,-37.867877,1000
Greater Melbourne,Greater Melbourne,208021177,Caulfield - North,145.019891,-37.86925,1000
Greater Melbourne,Greater Melbourne,208021178,Caulfield - South,145.028715,-37.897671,1000
Greater Melbourne,Greater Melbourne,208021178,Caulfield - South,145.022563,-37.901131,1000
Greater Melbourne,Greater Melbourne,208021179,Elsternwick,145.000123,-37.879551,1000
Greater Melbourne,Greater Melbourne,208021179,Elsternwick,145.005091,-37.886231,1000
Greater Melbourne,Greater Melbourne,208021180,Hughesdale,145.078856,-37.891242,1000
Greater Melbourne,Greater Melbourne,208021181,Murrumbeena,145.06953,-37.887274,1000
Greater Melbourne,Greater Melbourne,208021182,Ormond - Glen Huntly,145.040953,-37.888002,1000
Greater Melbourne,Greater Melbourne,208021182,Ormond - Glen Huntly,145.028296,-37.904041,1000
Greater Melbourne,Greater Melbourne,208021426,Bentleigh East - North,145.082339,-37.915507,1000
Greater Melbourne,Greater Melbourne,208021426,Bentleigh East - North,145.071132,-37.91245,1000
Greater Melbourne,Greater Melbourne,208021427,Bentleigh East - South,145.0752,-37.930559,1000
Greater Melbourne,Greater Melbourne,208021427,Bentleigh East - South,145.068517,-37.925267,1000
Greater Melbourne,Greater Melbourne,208031183,Aspendale Gardens - Waterways,145.127004,-38.019603,1000
Greater Melbourne,Greater Melbourne,208031185,Carrum - Patterson Lakes,145.147809,-38.083008,1000
Greater Melbourne,Greater Melbourne,208031186,Chelsea - Bonbeach,145.126483,-38.050672,1000
Greater Melbourne,Greater Melbourne,208031188,Highett (East) - Cheltenham,145.046948,-37.950275,1000
Greater Melbourne,Greater Melbourne,208031188,Highett (East) - Cheltenham,145.086578,-37.964435,1000
Greater Melbourne,Greater Melbourne,208031188,Highett (East) - Cheltenham,145.073495,-37.951813,1000
Greater Melbourne,Greater Melbourne,208031189,Edithvale - Aspendale,145.100083,-38.016119,1000
Greater Melbourne,Greater Melbourne,208031189,Edithvale - Aspendale,145.108782,-38.037026,1000
Greater Melbourne,Greater Melbourne,208031190,Mentone,145.081529,-37.979664,1000
Greater Melbourne,Greater Melbourne,208031190,Mentone,145.081259,-37.980988,1000
Greater Melbourne,Greater Melbourne,208031191,Moorabbin - Heatherton,145.074239,-37.940069,1000
Greater Melbourne,Greater Melbourne,208031193,Mordialloc - Parkdale,145.081241,-38.002866,1000
Greater Melbourne,Greater Melbourne,208031193,Mordialloc - Parkdale,145.087935,-38.008824,1000
Greater Melbourne,Greater Melbourne,208031193,Mordialloc - Parkdale,145.085959,-38.009618,1000
Greater Melbourne,Greater Melbourne,208041194,Malvern - Glen Iris,145.041784,-37.858514,1000
Greater Melbourne,Greater Melbourne,208041194,Malvern - Glen Iris,145.030102,-37.852243,1000
Greater Melbourne,Greater Melbourne,208041194,Malvern - Glen Iris,145.042156,-37.856566,1000
Greater Melbourne,Greater Melbourne,208041195,Malvern East,145.057123,-37.869517,1000
Greater Melbourne,Greater Melbourne,208041195,Malvern East,145.078478,-37.8845,1000
Greater Melbourne,Greater Melbourne,208041195,Malvern East,145.049718,-37.875093,1000
Greater Melbourne,Greater Melbourne,209011196,Bundoora - East,145.065335,-37.695164,1000
Greater Melbourne,Greater Melbourne,209011197,Greensborough,145.105481,-37.716769,1000
Greater Melbourne,Greater Melbourne,209011197,Greensborough,145.091899,-37.709564,1000
Greater Melbourne,Greater Melbourne,209011198,Heidelberg - Rosanna,145.070695,-37.757024,1000
Greater Melbourne,Greater Melbourne,209011198,Heidelberg - Rosanna,145.058777,-37.752289,1000
Greater Melbourne,Greater Melbourne,209011199,Heidelberg West,145.053239,-37.7511,1000
Greater Melbourne,Greater Melbourne,209011200,Ivanhoe,145.047418,-37.776171,1000
Greater Melbourne,Greater Melbourne,209011200,Ivanhoe,145.040039,-37.771865,1000
Greater Melbourne,Greater Melbourne,209011201,Ivanhoe East - Eaglemont,145.068271,-37.761164,1000
Greater Melbourne,Greater Melbourne,209011202,Montmorency - Briar Hill,145.124564,-37.70734,1000
Greater Melbourne,Greater Melbourne,209011202,Montmorency - Briar Hill,145.105072,-37.744278,1000
Greater Melbourne,Greater Melbourne,209011203,Viewbank - Yallambie,145.103374,-37.728112,1000
Greater Melbourne,Greater Melbourne,209011203,Viewbank - Yallambie,145.073018,-37.724185,1000
Greater Melbourne,Greater Melbourne,209011204,Watsonia,145.088428,-37.705217,1000
Greater Melbourne,Greater Melbourne,209021205,Kingsbury,145.038385,-37.710814,1000
Greater Melbourne,Greater Melbourne,209021428,Preston - East,145.009218,-37.738653,1000
Greater Melbourne,Greater Melbourne,209021428,Preston - East,145.009842,-37.738462,1000
Greater Melbourne,Greater Melbourne,209021429,Preston - West,144.986282,-37.733648,1000
Greater Melbourne,Greater Melbourne,209021523,Reservoir - North East,145.01645,-37.697008,1000
Greater Melbourne,Greater Melbourne,209021524,Reservoir - North West,145.008364,-37.698084,1000
Greater Melbourne,Greater Melbourne,209021525,Reservoir - South East,145.020149,-37.721307,1000
Greater Melbourne,Greater Melbourne,209021526,Reservoir - South West,144.999281,-37.717833,1000
Greater Melbourne,Greater Melbourne,209031209,Eltham,145.162006,-37.711738,1000
Greater Melbourne,Greater Melbourne,209031209,Eltham,145.160185,-37.726898,1000
Greater Melbourne,Greater Melbourne,209031209,Eltham,145.158061,-37.713711,1000
Greater Melbourne,Greater Melbourne,209031212,Panton Hill - St Andrews,145.239589,-37.525072,1000
Greater Melbourne,Greater Melbourne,209031213,Plenty - Yarrambat,145.086228,-37.689849,1000
Greater Melbourne,Greater Melbourne,209031214,Research - North Warrandyte,145.238602,-37.681272,1000
Greater Melbourne,Greater Melbourne,209031215,Wattle Glen - Diamond Creek,145.195078,-37.667512,1000
Greater Melbourne,Greater Melbourne,209031215,Wattle Glen - Diamond Creek,145.159024,-37.678634,1000
Greater Melbourne,Greater Melbourne,209041216,Bundoora - North,145.090959,-37.6845,1000
Greater Melbourne,Greater Melbourne,209041220,Mill Park - North,145.08797,-37.659602,1000
Greater Melbourne,Greater Melbourne,209041221,Mill Park - South,145.072123,-37.677575,1000
Greater Melbourne,Greater Melbourne,209041223,Thomastown,145.005017,-37.680159,1000
Greater Melbourne,Greater Melbourne,209041224,Wallan,145.167501,-37.376262,1000
Greater Melbourne,Greater Melbourne,209041224,Wallan,144.962676,-37.401584,1000
Greater Melbourne,Greater Melbourne,209041225,Whittlesea,145.016931,-37.516044,1000
Greater Melbourne,Greater Melbourne,209041431,Epping - East,145.046495,-37.626143,1000
Greater Melbourne,Greater Melbourne,209041433,Epping (Vic.) - West,145.005456,-37.631633,1000
Greater Melbourne,Greater Melbourne,209041435,South Morang - North,145.07837,-37.615435,1000
Greater Melbourne,Greater Melbourne,209041436,South Morang - South,145.065976,-37.646139,1000
Greater Melbourne,Greater Melbourne,209041437,Wollert,145.006041,-37.579505,1000
Greater Melbourne,Greater Melbourne,209041527,Doreen - North,145.12493,-37.601029,1000
Greater Melbourne,Greater Melbourne,209041528,Doreen - South,145.136551,-37.613711,1000
Greater Melbourne,Greater Melbourne,209041530,Lalor - West,145.002657,-37.657674,1000
Greater Melbourne,Greater Melbourne,209041531,Mernda - North,145.104195,-37.578602,1000
Greater Melbourne,Greater Melbourne,209041532,Mernda - South,145.085443,-37.611878,1000
Greater Melbourne,Greater Melbourne,210011226,Airport West,144.874665,-37.725502,1000
Greater Melbourne,Greater Melbourne,210011228,Keilor,144.839487,-37.745619,1000
Greater Melbourne,Greater Melbourne,210011230,Niddrie - Essendon West,144.885282,-37.73687,1000
Greater Melbourne,Greater Melbourne,210011231,Strathmore,144.911445,-37.740786,1000
Greater Melbourne,Greater Melbourne,210011533,Avondale Heights,144.853173,-37.753303,1000
Greater Melbourne,Greater Melbourne,210011534,Keilor East,144.863725,-37.734426,1000
Greater Melbourne,Greater Melbourne,210021232,Gisborne,144.516297,-37.497317,1000
Greater Melbourne,Greater Melbourne,210021232,Gisborne,144.579965,-37.541706,1000
Greater Melbourne,Greater Melbourne,210021235,Romsey,144.766058,-37.327252,1000
Greater Melbourne,Greater Melbourne,210031236,Coburg North,144.970249,-37.724818,1000
Greater Melbourne,Greater Melbourne,210031237,Fawkner,144.974232,-37.701332,1000
Greater Melbourne,Greater Melbourne,210031535,Glenroy - East,144.943239,-37.692929,1000
Greater Melbourne,Greater Melbourne,210031536,Glenroy - West,144.907102,-37.697813,1000
Greater Melbourne,Greater Melbourne,210031537,Oak Park,144.923136,-37.727285,1000
Greater Melbourne,Greater Melbourne,210031538,Pascoe Vale,144.949295,-37.731389,1000
Greater Melbourne,Greater Melbourne,210031538,Pascoe Vale,144.938646,-37.717459,1000
Greater Melbourne,Greater Melbourne,210041240,Sunbury,144.814833,-37.542293,1000
Greater Melbourne,Greater Melbourne,210041540,Sunbury - South,144.746581,-37.645849,1000
Greater Melbourne,Greater Melbourne,210041541,Sunbury - West,144.673345,-37.555314,1000
Greater Melbourne,Greater Melbourne,210051245,Gladstone Park - Westmeadows,144.890303,-37.699729,1000
Greater Melbourne,Greater Melbourne,210051246,Greenvale - Bulla,144.859136,-37.588164,1000
Greater Melbourne,Greater Melbourne,210051246,Greenvale - Bulla,144.813253,-37.648693,1000
Greater Melbourne,Greater Melbourne,210051442,Craigieburn - North,144.925108,-37.573088,1000
Greater Melbourne,Greater Melbourne,210051443,Craigieburn - South,144.932161,-37.611048,1000
Greater Melbourne,Greater Melbourne,210051445,Mickleham - Yuroke,144.887411,-37.553272,1000
Greater Melbourne,Greater Melbourne,210051543,Craigieburn - West,144.910388,-37.592212,1000
Greater Melbourne,Greater Melbourne,210051545,Roxburgh Park - North,144.9258,-37.619691,1000
Greater Melbourne,Greater Melbourne,211011251,Bayswater,145.260046,-37.848297,1000
Greater Melbourne,Greater Melbourne,211011254,Knoxfield - Scoresby,145.249228,-37.878632,1000
Greater Melbourne,Greater Melbourne,211011255,Lysterfield,145.309717,-37.910265,1000
Greater Melbourne,Greater Melbourne,211011256,Rowville - Central,145.225003,-37.926531,1000
Greater Melbourne,Greater Melbourne,211011257,Rowville - North,145.280479,-37.905108,1000
Greater Melbourne,Greater Melbourne,211011258,Rowville - South,145.245714,-37.927813,1000
Greater Melbourne,Greater Melbourne,211011259,Wantirna,145.217433,-37.853759,1000
Greater Melbourne,Greater Melbourne,211011260,Wantirna South,145.218132,-37.873665,1000
Greater Melbourne,Greater Melbourne,211011260,Wantirna South,145.240282,-37.870341,1000
Greater Melbourne,Greater Melbourne,211011446,Boronia,145.302468,-37.846278,1000
Greater Melbourne,Greater Melbourne,211011446,Boronia,145.294042,-37.859829,1000
Greater Melbourne,Greater Melbourne,211011447,Ferntree Gully - North,145.299193,-37.871296,1000
Greater Melbourne,Greater Melbourne,211011448,Ferntree Gully (South) - Upper Ferntree Gully,145.263843,-37.897206,1000
Greater Melbourne,Greater Melbourne,211021261,Donvale - Park Orchards,145.181407,-37.780529,1000
Greater Melbourne,Greater Melbourne,211021261,Donvale - Park Orchards,145.222496,-37.780863,1000
Greater Melbourne,Greater Melbourne,211021262,Warrandyte - Wonga Park,145.246829,-37.726315,1000
Greater Melbourne,Greater Melbourne,211031263,Bayswater North,145.297987,-37.824864,1000
Greater Melbourne,Greater Melbourne,211031265,Croydon Hills - Warranwood,145.287408,-37.777455,1000
Greater Melbourne,Greater Melbourne,211031265,Croydon Hills - Warranwood,145.242185,-37.77534,1000
Greater Melbourne,Greater Melbourne,211031266,Ringwood,145.216027,-37.826177,1000
Greater Melbourne,Greater Melbourne,211031266,Ringwood,145.231374,-37.823757,1000
Greater Melbourne,Greater Melbourne,211031267,Ringwood East,145.255996,-37.810954,1000
Greater Melbourne,Greater Melbourne,211031267,Ringwood East,145.264368,-37.829133,1000
Greater Melbourne,Greater Melbourne,211031268,Ringwood North,145.227678,-37.793784,1000
Greater Melbourne,Greater Melbourne,211031450,Croydon - East,145.297786,-37.795472,1000
Greater Melbourne,Greater Melbourne,211031451,Croydon - West,145.277914,-37.792068,1000
Greater Melbourne,Greater Melbourne,211041269,Forest Hill,145.175837,-37.841477,1000
Greater Melbourne,Greater Melbourne,211041270,Mitcham (Vic.),145.209747,-37.810437,1000
Greater Melbourne,Greater Melbourne,211041270,Mitcham (Vic.),145.203372,-37.81665,1000
Greater Melbourne,Greater Melbourne,211041271,Nunawading,145.169198,-37.810608,1000
Greater Melbourne,Greater Melbourne,211041272,Vermont,145.196782,-37.84067,1000
Greater Melbourne,Greater Melbourne,211041273,Vermont South,145.202481,-37.849245,1000
Greater Melbourne,Greater Melbourne,211051274,Belgrave - Selby,145.398601,-37.91412,1000
Greater Melbourne,Greater Melbourne,211051275,Chirnside Park,145.303051,-37.75754,1000
Greater Melbourne,Greater Melbourne,211051276,Healesville - Yarra Glen,145.400326,-37.668976,1000
Greater Melbourne,Greater Melbourne,211051277,Kilsyth,145.330147,-37.835761,1000
Greater Melbourne,Greater Melbourne,211051278,Lilydale - Coldstream,145.418766,-37.666487,1000
Greater Melbourne,Greater Melbourne,211051278,Lilydale - Coldstream,145.42576,-37.671142,1000
Greater Melbourne,Greater Melbourne,211051280,Montrose,145.331019,-37.831288,1000
Greater Melbourne,Greater Melbourne,211051281,Mooroolbark,145.323909,-37.765268,1000
Greater Melbourne,Greater Melbourne,211051281,Mooroolbark,145.326082,-37.775004,1000
Greater Melbourne,Greater Melbourne,211051282,Mount Dandenong - Olinda,145.385593,-37.900696,1000
Greater Melbourne,Greater Melbourne,211051283,Mount Evelyn,145.408887,-37.80366,1000
Greater Melbourne,Greater Melbourne,211051284,Upwey - Tecoma,145.329409,-37.897618,1000
Greater Melbourne,Greater Melbourne,211051285,Wandin - Seville,145.474664,-37.798661,1000
Greater Melbourne,Greater Melbourne,211051286,Yarra Valley,145.799835,-37.769886,1000
Greater Melbourne,Greater Melbourne,212011289,Emerald - Cockatoo,145.509477,-37.942937,1000
Greater Melbourne,Greater Melbourne,212011289,Emerald - Cockatoo,145.48307,-37.993126,1000
Greater Melbourne,Greater Melbourne,212011546,Beaconsfield - Officer,145.375175,-38.037276,1000
Greater Melbourne,Greater Melbourne,212011546,Beaconsfield - Officer,145.425022,-38.02952,1000
Greater Melbourne,Greater Melbourne,212011547,Bunyip - Garfield,145.753681,-38.107934,1000
Greater Melbourne,Greater Melbourne,212011548,Koo Wee Rup,145.501194,-38.277424,1000
Greater Melbourne,Greater Melbourne,212011549,Pakenham - North East,145.53005,-38.060003,1000
Greater Melbourne,Greater Melbourne,212011552,Pakenham - South West,145.472226,-38.083898,1000
Greater Melbourne,Greater Melbourne,212021293,Berwick - North,145.364856,-38.044821,1000
Greater Melbourne,Greater Melbourne,212021293,Berwick - North,145.358863,-38.012478,1000
Greater Melbourne,Greater Melbourne,212021299,Narre Warren North,145.284116,-37.994622,1000
Greater Melbourne,Greater Melbourne,212021453,Endeavour Hills - North,145.243617,-37.97024,1000
Greater Melbourne,Greater Melbourne,212021454,Endeavour Hills - South,145.262964,-37.988417,1000
Greater Melbourne,Greater Melbourne,212021455,Narre Warren - North East,145.32292,-38.001187,1000
Greater Melbourne,Greater Melbourne,212021456,Narre Warren - South West,145.286644,-38.016558,1000
Greater Melbourne,Greater Melbourne,212021553,Berwick - South East,145.371068,-38.064396,1000
Greater Melbourne,Greater Melbourne,212021553,Berwick - South East,145.358736,-38.073197,1000
Greater Melbourne,Greater Melbourne,212021554,Berwick - South West,145.326979,-38.070081,1000
Greater Melbourne,Greater Melbourne,212031300,Cranbourne,145.281364,-38.111883,1000
Greater Melbourne,Greater Melbourne,212031303,Cranbourne South,145.39661,-38.149486,1000
Greater Melbourne,Greater Melbourne,212031304,Cranbourne West,145.247275,-38.078958,1000
Greater Melbourne,Greater Melbourne,212031306,Lynbrook - Lyndhurst,145.258856,-38.075487,1000
Greater Melbourne,Greater Melbourne,212031308,Pearcedale - Tooradin,145.292966,-38.221008,1000
Greater Melbourne,Greater Melbourne,212031457,Narre Warren South - East,145.318043,-38.056793,1000
Greater Melbourne,Greater Melbourne,212031458,Narre Warren South - West,145.28592,-38.041007,1000
Greater Melbourne,Greater Melbourne,212031555,Clyde North - North,145.342565,-38.078008,1000
Greater Melbourne,Greater Melbourne,212031556,Clyde North - South,145.383737,-38.115882,1000
Greater Melbourne,Greater Melbourne,212031557,Cranbourne East - North,145.306906,-38.086404,1000
Greater Melbourne,Greater Melbourne,212031558,Cranbourne East - South,145.288972,-38.119117,1000
Greater Melbourne,Greater Melbourne,212031559,Cranbourne North - East,145.319329,-38.085884,1000
Greater Melbourne,Greater Melbourne,212031560,Cranbourne North - West,145.291892,-38.074034,1000
Greater Melbourne,Greater Melbourne,212031561,Hampton Park - East,145.267044,-38.050086,1000
Greater Melbourne,Greater Melbourne,212041309,Clarinda - Oakleigh South,145.099544,-37.940981,1000
Greater Melbourne,Greater Melbourne,212041310,Clayton South,145.120268,-37.949789,1000
Greater Melbourne,Greater Melbourne,212041312,Dandenong North,145.20404,-37.939187,1000
Greater Melbourne,Greater Melbourne,212041313,Dingley Village,145.13379,-37.967495,1000
Greater Melbourne,Greater Melbourne,212041317,Springvale,145.145784,-37.955941,1000
Greater Melbourne,Greater Melbourne,212041318,Springvale South,145.141881,-37.968689,1000
Greater Melbourne,Greater Melbourne,212041459,Noble Park - East,145.19344,-37.975618,1000
Greater Melbourne,Greater Melbourne,212041460,Noble Park - West,145.163498,-37.972615,1000
Greater Melbourne,Greater Melbourne,212041563,Dandenong - North,145.209305,-37.986242,1000
Greater Melbourne,Greater Melbourne,212041565,Keysborough - North,145.19163,-37.995159,1000
Greater Melbourne,Greater Melbourne,212041566,Keysborough - South,145.180223,-38.017159,1000
Greater Melbourne,Greater Melbourne,212041566,Keysborough - South,145.162861,-38.039524,1000
Greater Melbourne,Greater Melbourne,212051319,Ashwood - Chadstone,145.096287,-37.890948,1000
Greater Melbourne,Greater Melbourne,212051319,Ashwood - Chadstone,145.09978,-37.874559,1000
Greater Melbourne,Greater Melbourne,212051321,Glen Waverley - East,145.168543,-37.892543,1000
Greater Melbourne,Greater Melbourne,212051321,Glen Waverley - East,145.171743,-37.879148,1000
Greater Melbourne,Greater Melbourne,212051322,Glen Waverley - West,145.15984,-37.867906,1000
Greater Melbourne,Greater Melbourne,212051322,Glen Waverley - West,145.146998,-37.885545,1000
Greater Melbourne,Greater Melbourne,212051323,Mount Waverley - North,145.131762,-37.864145,1000
Greater Melbourne,Greater Melbourne,212051323,Mount Waverley - North,145.117432,-37.863646,1000
Greater Melbourne,Greater Melbourne,212051324,Mount Waverley - South,145.132388,-37.895508,1000
Greater Melbourne,Greater Melbourne,212051324,Mount Waverley - South,145.117081,-37.882946,1000
Greater Melbourne,Greater Melbourne,212051325,Mulgrave,145.156058,-37.919526,1000
Greater Melbourne,Greater Melbourne,212051325,Mulgrave,145.17347,-37.928509,1000
Greater Melbourne,Greater Melbourne,212051326,Oakleigh - Huntingdale,145.090031,-37.89209,1000
Greater Melbourne,Greater Melbourne,212051326,Oakleigh - Huntingdale,145.085853,-37.911396,1000
Greater Melbourne,Greater Melbourne,212051327,Wheelers Hill,145.190296,-37.9175,1000
Greater Melbourne,Greater Melbourne,212051327,Wheelers Hill,145.182636,-37.900604,1000
Greater Melbourne,Greater Melbourne,212051568,Clayton - Central,145.114382,-37.913061,1000
Greater Melbourne,Greater Melbourne,213011329,Cairnlea,144.788303,-37.750032,1000
Greater Melbourne,Greater Melbourne,213011332,Keilor Downs,144.814812,-37.723388,1000
Greater Melbourne,Greater Melbourne,213011334,St Albans - North,144.788328,-37.735905,1000
Greater Melbourne,Greater Melbourne,213011335,St Albans - South,144.815833,-37.763678,1000
Greater Melbourne,Greater Melbourne,213011336,Sunshine,144.842182,-37.792398,1000
Greater Melbourne,Greater Melbourne,213011337,Sunshine North,144.817669,-37.766643,1000
Greater Melbourne,Greater Melbourne,213011338,Sunshine West,144.825193,-37.816082,1000
Greater Melbourne,Greater Melbourne,213011339,Sydenham,144.766565,-37.70603,1000
Greater Melbourne,Greater Melbourne,213011340,Taylors Lakes,144.780061,-37.707338,1000
Greater Melbourne,Greater Melbourne,213011340,Taylors Lakes,144.770421,-37.685063,1000
Greater Melbourne,Greater Melbourne,213011569,Deer Park,144.763641,-37.776442,1000
Greater Melbourne,Greater Melbourne,213011570,Derrimut,144.781208,-37.782667,1000
Greater Melbourne,Greater Melbourne,213021341,Altona,144.847165,-37.860325,1000
Greater Melbourne,Greater Melbourne,213021341,Altona,144.830022,-37.869454,1000
Greater Melbourne,Greater Melbourne,213021342,Altona Meadows,144.76998,-37.872969,1000
Greater Melbourne,Greater Melbourne,213021343,Altona North,144.840811,-37.841662,1000
Greater Melbourne,Greater Melbourne,213021344,Newport,144.87214,-37.839727,1000
Greater Melbourne,Greater Melbourne,213021344,Newport,144.877983,-37.834393,1000
Greater Melbourne,Greater Melbourne,213021344,Newport,144.883905,-37.827266,1000
Greater Melbourne,Greater Melbourne,213021346,Williamstown,144.862024,-37.854065,1000
Greater Melbourne,Greater Melbourne,213021346,Williamstown,144.874743,-37.849944,1000
Greater Melbourne,Greater Melbourne,213031347,Braybrook,144.849883,-37.784571,1000
Greater Melbourne,Greater Melbourne,213031348,Footscray,144.896518,-37.788837,1000
Greater Melbourne,Greater Melbourne,213031348,Footscray,144.891815,-37.798838,1000
Greater Melbourne,Greater Melbourne,213031349,Maribyrnong,144.887498,-37.767069,1000
Greater Melbourne,Greater Melbourne,213031350,Seddon - Kingsville,144.88837,-37.807305,1000
Greater Melbourne,Greater Melbourne,213031351,West Footscray - Tottenham,144.878045,-37.805923,1000
Greater Melbourne,Greater Melbourne,213031352,Yarraville,144.881585,-37.813911,1000
Greater Melbourne,Greater Melbourne,213031352,Yarraville,144.881625,-37.821159,1000
Greater Melbourne,Greater Melbourne,213041353,Bacchus Marsh,144.507521,-37.635459,1000
Greater Melbourne,Greater Melbourne,213041353,Bacchus Marsh,144.418705,-37.66054,1000
Greater Melbourne,Greater Melbourne,213041358,Melton West,144.55764,-37.654982,1000
Greater Melbourne,Greater Melbourne,213041359,Rockbank - Mount Cottrell,144.620715,-37.746438,1000
Greater Melbourne,Greater Melbourne,213041360,Taylors Hill,144.751787,-37.711052,1000
Greater Melbourne,Greater Melbourne,213041360,Taylors Hill,144.739765,-37.719977,1000
Greater Melbourne,Greater Melbourne,213041462,Burnside Heights,144.758389,-37.725042,1000
Greater Melbourne,Greater Melbourne,213041463,Caroline Springs,144.741493,-37.755054,1000
Greater Melbourne,Greater Melbourne,213041463,Caroline Springs,144.740603,-37.752221,1000
Greater Melbourne,Greater Melbourne,213041574,Fraser Rise - Plumpton,144.716058,-37.677649,1000
Greater Melbourne,Greater Melbourne,213041575,Hillside,144.745108,-37.70355,1000
Greater Melbourne,Greater Melbourne,213041576,Kurunjang - Toolern Vale,144.60031,-37.664215,1000
Greater Melbourne,Greater Melbourne,213051361,Hoppers Crossing - North,144.732223,-37.871422,1000
Greater Melbourne,Greater Melbourne,213051362,Hoppers Crossing - South,144.692506,-37.86442,1000
Greater Melbourne,Greater Melbourne,213051363,Laverton,144.752882,-37.855115,1000
Greater Melbourne,Greater Melbourne,213051368,Werribee - South,144.68531,-37.955776,1000
Greater Melbourne,Greater Melbourne,213051464,Point Cook - East,144.756586,-37.937617,1000
Greater Melbourne,Greater Melbourne,213051464,Point Cook - East,144.780804,-37.906485,1000
Greater Melbourne,Greater Melbourne,213051466,Point Cook - South,144.722917,-37.903903,1000
Greater Melbourne,Greater Melbourne,213051466,Point Cook - South,144.740515,-37.924511,1000
Greater Melbourne,Greater Melbourne,213051467,Werribee - East,144.676768,-37.883019,1000
Greater Melbourne,Greater Melbourne,213051468,Werribee - West,144.531156,-37.95256,1000
Greater Melbourne,Greater Melbourne,213051468,Werribee - West,144.604214,-37.936353,1000
Greater Melbourne,Greater Melbourne,213051579,Manor Lakes - Quandong,144.467576,-37.862786,1000
Greater Melbourne,Greater Melbourne,213051580,Point Cook - North East,144.748316,-37.878419,1000
Greater Melbourne,Greater Melbourne,213051581,Point Cook - North West,144.71954,-37.883327,1000
Greater Melbourne,Greater Melbourne,213051582,Tarneit (West) - Mount Cottrell,144.628434,-37.838047,1000
Greater Melbourne,Greater Melbourne,213051583,Tarneit - Central,144.684618,-37.841362,1000
Greater Melbourne,Greater Melbourne,213051583,Tarneit - Central,144.665794,-37.842495,1000
Greater Melbourne,Greater Melbourne,213051585,Tarneit - South,144.661778,-37.867657,1000
Greater Melbourne,Greater Melbourne,213051586,Truganina - North,144.724736,-37.822537,1000
Greater Melbourne,Greater Melbourne,213051587,Truganina - South East,144.731115,-37.852113,1000
Greater Melbourne,Greater Melbourne,213051588,Truganina - South West,144.728852,-37.844329,1000
Greater Melbourne,Greater Melbourne,213051590,Wyndham Vale - South,144.619379,-37.880394,1000
Greater Melbourne,Greater Melbourne,214011370,Carrum Downs,145.185188,-38.119397,1000
Greater Melbourne,Greater Melbourne,214011371,Frankston,145.122762,-38.133899,1000
Greater Melbourne,Greater Melbourne,214011372,Frankston North,145.167773,-38.114787,1000
Greater Melbourne,Greater Melbourne,214011373,Frankston South,145.13509,-38.168785,1000
Greater Melbourne,Greater Melbourne,214011373,Frankston South,145.12696,-38.166087,1000
Greater Melbourne,Greater Melbourne,214011374,Langwarrin,145.196042,-38.143687,1000
Greater Melbourne,Greater Melbourne,214011374,Langwarrin,145.164266,-38.178023,1000
Greater Melbourne,Greater Melbourne,214011375,Seaford (Vic.),145.142894,-38.117986,1000
Greater Melbourne,Greater Melbourne,214011376,Skye - Sandhurst,145.224424,-38.086802,1000
Greater Melbourne,Greater Melbourne,214021377,Dromana,144.989288,-38.35453,1000
Greater Melbourne,Greater Melbourne,214021378,Flinders,145.058058,-38.411884,1000
Greater Melbourne,Greater Melbourne,214021379,Hastings - Somers,145.19192,-38.31505,1000
Greater Melbourne,Greater Melbourne,214021381,Mount Eliza,145.075374,-38.192068,1000
Greater Melbourne,Greater Melbourne,214021381,Mount Eliza,145.087844,-38.193626,1000
Greater Melbourne,Greater Melbourne,214021382,Mount Martha,145.002102,-38.272925,1000
Greater Melbourne,Greater Melbourne,214021382,Mount Martha,144.995827,-38.284677,1000
Greater Melbourne,Greater Melbourne,214021383,Point Nepean,144.815182,-38.382977,1000
Greater Melbourne,Greater Melbourne,214021384,Rosebud - McCrae,144.884847,-38.363696,1000
Greater Melbourne,Greater Melbourne,214021385,Somerville,145.175828,-38.194637,1000
Greater Melbourne,Greater Melbourne,214021591,Mornington - East,145.057793,-38.246874,1000
Greater Melbourne,Greater Melbourne,214021592,Mornington - West,145.033853,-38.217564,1000
Greater Brisbane,Greater Brisbane,301011001,Alexandra Hills,153.233438,-27.512821,1000
Greater Brisbane,Greater Brisbane,301011002,Belmont - Gumdale,153.144767,-27.519168,1000
Greater Brisbane,Greater Brisbane,301011003,Birkdale,153.227181,-27.488418,1000
Greater Brisbane,Greater Brisbane,301011004,Capalaba,153.183458,-27.541105,1000
Greater Brisbane,Greater Brisbane,301011006,Wellington Point,153.244094,-27.504001,1000
Greater Brisbane,Greater Brisbane,301021007,Cleveland,153.28864,-27.515329,1000
Greater Brisbane,Greater Brisbane,301021008,Ormiston,153.250479,-27.51846,1000
Greater Brisbane,Greater Brisbane,301021009,Redland Bay,153.300907,-27.663939,1000
Greater Brisbane,Greater Brisbane,301021009,Redland Bay,153.291246,-27.599323,1000
Greater Brisbane,Greater Brisbane,301021011,Sheldon - Mount Cotton,153.190453,-27.591704,1000
Greater Brisbane,Greater Brisbane,301021012,Thornlands,153.277863,-27.583444,1000
Greater Brisbane,Greater Brisbane,301021012,Thornlands,153.253994,-27.573004,1000
Greater Brisbane,Greater Brisbane,301021013,Victoria Point,153.282094,-27.596352,1000
Greater Brisbane,Greater Brisbane,301031015,Manly - Lota,153.188654,-27.474106,1000
Greater Brisbane,Greater Brisbane,301031016,Manly West,153.171707,-27.464762,1000
Greater Brisbane,Greater Brisbane,301031017,Murarrie,153.109576,-27.461276,1000
Greater Brisbane,Greater Brisbane,301031018,Tingalpa,153.139687,-27.476309,1000
Greater Brisbane,Greater Brisbane,301031019,Wakerley,153.15944,-27.479533,1000
Greater Brisbane,Greater Brisbane,301031020,Wynnum,153.157935,-27.446019,1000
Greater Brisbane,Greater Brisbane,301031020,Wynnum,153.176571,-27.445137,1000
Greater Brisbane,Greater Brisbane,301031021,Wynnum West - Hemmant,153.154904,-27.463996,1000
Greater Brisbane,Greater Brisbane,302011022,Bald Hills,153.001409,-27.302546,1000
Greater Brisbane,Greater Brisbane,302011023,Bridgeman Downs,153.000388,-27.338673,1000
Greater Brisbane,Greater Brisbane,302011023,Bridgeman Downs,152.985823,-27.369787,1000
Greater Brisbane,Greater Brisbane,302011024,Carseldine,153.013867,-27.343782,1000
Greater Brisbane,Greater Brisbane,302011025,Everton Park,152.990076,-27.399588,1000
Greater Brisbane,Greater Brisbane,302011026,McDowall,152.987738,-27.378851,1000
Greater Brisbane,Greater Brisbane,302021027,Aspley,153.026006,-27.368731,1000
Greater Brisbane,Greater Brisbane,302021028,Chermside,153.022697,-27.386287,1000
Greater Brisbane,Greater Brisbane,302021029,Chermside West,153.00917,-27.389927,1000
Greater Brisbane,Greater Brisbane,302021031,Kedron - Gordon Park,153.02623,-27.406577,1000
Greater Brisbane,Greater Brisbane,302021031,Kedron - Gordon Park,153.030951,-27.40135,1000
Greater Brisbane,Greater Brisbane,302021032,Stafford,153.012758,-27.41008,1000
Greater Brisbane,Greater Brisbane,302021033,Stafford Heights,153.010543,-27.391225,1000
Greater Brisbane,Greater Brisbane,302021034,Wavell Heights,153.04651,-27.392771,1000
Greater Brisbane,Greater Brisbane,302021034,Wavell Heights,153.042899,-27.399112,1000
Greater Brisbane,Greater Brisbane,302031035,Boondall,153.067883,-27.36713,1000
Greater Brisbane,Greater Brisbane,302031038,Northgate - Virginia,153.064929,-27.377125,1000
Greater Brisbane,Greater Brisbane,302031039,Nudgee - Banyo,153.074812,-27.364704,1000
Greater Brisbane,Greater Brisbane,302031040,Nundah,153.057411,-27.398561,1000
Greater Brisbane,Greater Brisbane,302041041,Bracken Ridge,153.040834,-27.32506,1000
Greater Brisbane,Greater Brisbane,302041042,Brighton (Qld),153.050035,-27.308968,1000
Greater Brisbane,Greater Brisbane,302041044,Sandgate - Shorncliffe,153.075017,-27.321479,1000
Greater Brisbane,Greater Brisbane,302041045,Taigum - Fitzgibbon,153.032681,-27.343482,1000
Greater Brisbane,Greater Brisbane,302041046,Zillmere,153.042324,-27.360831,1000
Greater Brisbane,Greater Brisbane,303011047,Camp Hill,153.076604,-27.507419,1000
Greater Brisbane,Greater Brisbane,303011047,Camp Hill,153.08297,-27.50557,1000
Greater Brisbane,Greater Brisbane,303011048,Cannon Hill,153.103418,-27.475168,1000
Greater Brisbane,Greater Brisbane,303011049,Carina,153.098621,-27.485876,1000
Greater Brisbane,Greater Brisbane,303011050,Carina Heights,153.088407,-27.508823,1000
Greater Brisbane,Greater Brisbane,303011051,Carindale,153.100968,-27.504463,1000
Greater Brisbane,Greater Brisbane,303011051,Carindale,153.114615,-27.496851,1000
Greater Brisbane,Greater Brisbane,303021052,Annerley,153.03561,-27.514928,1000
Greater Brisbane,Greater Brisbane,303021053,Coorparoo,153.063604,-27.506347,1000
Greater Brisbane,Greater Brisbane,303021053,Coorparoo,153.07334,-27.512143,1000
Greater Brisbane,Greater Brisbane,303021054,Fairfield - Dutton Park,153.023311,-27.506325,1000
Greater Brisbane,Greater Brisbane,303021055,Greenslopes,153.050506,-27.512794,1000
Greater Brisbane,Greater Brisbane,303021056,Holland Park,153.075234,-27.515036,1000
Greater Brisbane,Greater Brisbane,303021057,Holland Park West,153.068464,-27.530814,1000
Greater Brisbane,Greater Brisbane,303021058,Woolloongabba,153.047241,-27.492649,1000
Greater Brisbane,Greater Brisbane,303021059,Yeronga,153.013119,-27.52875,1000
Greater Brisbane,Greater Brisbane,303031060,Eight Mile Plains,153.106485,-27.592581,1000
Greater Brisbane,Greater Brisbane,303031062,Mansfield (Qld),153.096645,-27.52097,1000
Greater Brisbane,Greater Brisbane,303031063,Mount Gravatt,153.082568,-27.537349,1000
Greater Brisbane,Greater Brisbane,303031063,Mount Gravatt,153.074523,-27.546317,1000
Greater Brisbane,Greater Brisbane,303031064,Rochedale - Burbank,153.117336,-27.561944,1000
Greater Brisbane,Greater Brisbane,303031065,Upper Mount Gravatt,153.0713,-27.549312,1000
Greater Brisbane,Greater Brisbane,303031066,Wishart,153.097972,-27.550127,1000
Greater Brisbane,Greater Brisbane,303041068,Moorooka,153.028649,-27.535877,1000
Greater Brisbane,Greater Brisbane,303041070,Salisbury - Nathan,153.044296,-27.555888,1000
Greater Brisbane,Greater Brisbane,303041071,Tarragindi,153.042106,-27.522114,1000
Greater Brisbane,Greater Brisbane,303041071,Tarragindi,153.048725,-27.53223,1000
Greater Brisbane,Greater Brisbane,303051072,Algester,153.031501,-27.618185,1000
Greater Brisbane,Greater Brisbane,303051073,Calamvale - Stretton,153.033193,-27.627009,1000
Greater Brisbane,Greater Brisbane,303051073,Calamvale - Stretton,153.085649,-27.647836,1000
Greater Brisbane,Greater Brisbane,303051074,Pallara - Willawong,153.011945,-27.620371,1000
Greater Brisbane,Greater Brisbane,303051075,Parkinson - Drewvale,153.038157,-27.643828,1000
Greater Brisbane,Greater Brisbane,303061077,Kuraby,153.081794,-27.607788,1000
Greater Brisbane,Greater Brisbane,303061078,Runcorn,153.078246,-27.592673,1000
Greater Brisbane,Greater Brisbane,303061079,Sunnybank,153.065113,-27.57775,1000
Greater Brisbane,Greater Brisbane,303061080,Sunnybank Hills,153.057533,-27.611204,1000
Greater Brisbane,Greater Brisbane,304011081,Jindalee - Mount Ommaney,152.945245,-27.529874,1000
Greater Brisbane,Greater Brisbane,304011082,Middle Park - Jamboree Heights,152.917045,-27.552234,1000
Greater Brisbane,Greater Brisbane,304011084,Seventeen Mile Rocks - Sinnamon Park,152.957732,-27.552471,1000
Greater Brisbane,Greater Brisbane,304011085,Westlake,152.9063,-27.547596,1000
Greater Brisbane,Greater Brisbane,304021086,Bellbowrie - Moggill,152.865677,-27.574228,1000
Greater Brisbane,Greater Brisbane,304021087,Brookfield - Kenmore Hills,152.836042,-27.45065,1000
Greater Brisbane,Greater Brisbane,304021088,Chapel Hill,152.945868,-27.494507,1000
Greater Brisbane,Greater Brisbane,304021088,Chapel Hill,152.951946,-27.506955,1000
Greater Brisbane,Greater Brisbane,304021089,Fig Tree Pocket,152.949483,-27.520559,1000
Greater Brisbane,Greater Brisbane,304021090,Kenmore,152.928666,-27.521471,1000
Greater Brisbane,Greater Brisbane,304021091,Pinjarra Hills - Pullenvale,152.853091,-27.557881,1000
Greater Brisbane,Greater Brisbane,304031092,Chelmer - Graceville,152.973112,-27.517188,1000
Greater Brisbane,Greater Brisbane,304031093,Corinda,152.986061,-27.538093,1000
Greater Brisbane,Greater Brisbane,304031094,Indooroopilly,152.998678,-27.521668,1000
Greater Brisbane,Greater Brisbane,304031094,Indooroopilly,152.973209,-27.49545,1000
Greater Brisbane,Greater Brisbane,304031095,Sherwood,152.986692,-27.527833,1000
Greater Brisbane,Greater Brisbane,304031096,St Lucia,153.013677,-27.494743,1000
Greater Brisbane,Greater Brisbane,304031097,Taringa,152.986746,-27.496355,1000
Greater Brisbane,Greater Brisbane,304041098,Enoggera,152.954564,-27.434809,1000
Greater Brisbane,Greater Brisbane,304041100,Keperra,152.942289,-27.404975,1000
Greater Brisbane,Greater Brisbane,304041101,Mitchelton,152.96967,-27.399177,1000
Greater Brisbane,Greater Brisbane,304041103,The Gap,152.926431,-27.433046,1000
Greater Brisbane,Greater Brisbane,304041103,The Gap,152.950127,-27.436194,1000
Greater Brisbane,Greater Brisbane,304041104,Upper Kedron - Ferny Grove,152.91312,-27.421222,1000
Greater Brisbane,Greater Brisbane,305011105,Brisbane City,153.028992,-27.469487,1000
Greater Brisbane,Greater Brisbane,305011106,Fortitude Valley,153.033922,-27.453964,1000
Greater Brisbane,Greater Brisbane,305011107,Highgate Hill,153.014936,-27.490028,1000
Greater Brisbane,Greater Brisbane,305011108,Kangaroo Point,153.035364,-27.470347,1000
Greater Brisbane,Greater Brisbane,305011109,New Farm,153.047062,-27.464029,1000
Greater Brisbane,Greater Brisbane,305011109,New Farm,153.040733,-27.46327,1000
Greater Brisbane,Greater Brisbane,305011110,South Brisbane,153.017953,-27.471434,1000
Greater Brisbane,Greater Brisbane,305011111,Spring Hill,153.020626,-27.459635,1000
Greater Brisbane,Greater Brisbane,305011112,West End,153.010881,-27.478965,1000
Greater Brisbane,Greater Brisbane,305011112,West End,153.002144,-27.48913,1000
Greater Brisbane,Greater Brisbane,305021113,Balmoral,153.066436,-27.454586,1000
Greater Brisbane,Greater Brisbane,305021114,Bulimba,153.067743,-27.446576,1000
Greater Brisbane,Greater Brisbane,305021115,East Brisbane,153.055599,-27.481185,1000
Greater Brisbane,Greater Brisbane,305021116,Hawthorne,153.060416,-27.4695,1000
Greater Brisbane,Greater Brisbane,305021117,Morningside - Seven Hills,153.079467,-27.472758,1000
Greater Brisbane,Greater Brisbane,305021117,Morningside - Seven Hills,153.080082,-27.457426,1000
Greater Brisbane,Greater Brisbane,305021118,Norman Park,153.068858,-27.484817,1000
Greater Brisbane,Greater Brisbane,305031119,Albion,153.047072,-27.4289,1000
Greater Brisbane,Greater Brisbane,305031120,Alderley,153.004463,-27.420636,1000
Greater Brisbane,Greater Brisbane,305031121,Ascot,153.053496,-27.429789,1000
Greater Brisbane,Greater Brisbane,305031122,Clayfield,153.059538,-27.41585,1000
Greater Brisbane,Greater Brisbane,305031123,Grange,153.021179,-27.421829,1000
Greater Brisbane,Greater Brisbane,305031124,Hamilton (Qld),153.072241,-27.433994,1000
Greater Brisbane,Greater Brisbane,305031125,Hendra,153.075428,-27.415932,1000
Greater Brisbane,Greater Brisbane,305031126,Kelvin Grove - Herston,153.011154,-27.44788,1000
Greater Brisbane,Greater Brisbane,305031127,Newmarket,153.010282,-27.432203,1000
Greater Brisbane,Greater Brisbane,305031128,Newstead - Bowen Hills,153.046129,-27.454765,1000
Greater Brisbane,Greater Brisbane,305031128,Newstead - Bowen Hills,153.043825,-27.45053,1000
Greater Brisbane,Greater Brisbane,305031128,Newstead - Bowen Hills,153.031335,-27.451552,1000
Greater Brisbane,Greater Brisbane,305031129,Wilston,153.014258,-27.430477,1000
Greater Brisbane,Greater Brisbane,305031130,Windsor,153.03606,-27.428648,1000
Greater Brisbane,Greater Brisbane,305031131,Wooloowin - Lutwyche,153.047217,-27.412716,1000
Greater Brisbane,Greater Brisbane,305041132,Ashgrove,152.99724,-27.443417,1000
Greater Brisbane,Greater Brisbane,305041132,Ashgrove,153.001245,-27.444365,1000
Greater Brisbane,Greater Brisbane,305041133,Auchenflower,152.993182,-27.475277,1000
Greater Brisbane,Greater Brisbane,305041134,Bardon,152.971063,-27.469577,1000
Greater Brisbane,Greater Brisbane,305041134,Bardon,152.98136,-27.460251,1000
Greater Brisbane,Greater Brisbane,305041135,Paddington - Milton,152.999532,-27.461693,1000
Greater Brisbane,Greater Brisbane,305041135,Paddington - Milton,152.992307,-27.458691,1000
Greater Brisbane,Greater Brisbane,305041136,Red Hill (Qld),153.003499,-27.453022,1000
Greater Brisbane,Greater Brisbane,305041137,Toowong,152.980827,-27.485022,1000
Greater Brisbane,Greater Brisbane,310011275,Oxley (Qld),152.987924,-27.565838,1000
Greater Brisbane,Greater Brisbane,310011564,Forest Lake - Ellen Grove,152.966665,-27.630466,1000
Greater Brisbane,Greater Brisbane,310011564,Forest Lake - Ellen Grove,152.965483,-27.619349,1000
Greater Brisbane,Greater Brisbane,310021277,Boonah,152.593998,-28.242674,1000
Greater Brisbane,Greater Brisbane,310021280,Lockyer Valley - East,152.418821,-27.582017,1000
Greater Brisbane,Greater Brisbane,310021281,Lowood,152.564136,-27.499291,1000
Greater Brisbane,Greater Brisbane,310021282,Rosewood,152.53199,-27.624738,1000
Greater Brisbane,Greater Brisbane,310031283,Brassall,152.725313,-27.595988,1000
Greater Brisbane,Greater Brisbane,310031287,Ipswich - East,152.788828,-27.614318,1000
Greater Brisbane,Greater Brisbane,310031289,Karalee - Barellan Point,152.838467,-27.551763,1000
Greater Brisbane,Greater Brisbane,310031290,Karana Downs,152.752649,-27.528539,1000
Greater Brisbane,Greater Brisbane,310031293,Raceview,152.77171,-27.656808,1000
Greater Brisbane,Greater Brisbane,310031294,Ripley,152.803498,-27.637119,1000
Greater Brisbane,Greater Brisbane,310041297,Camira - Gailes,152.903298,-27.627753,1000
Greater Brisbane,Greater Brisbane,310041299,Collingwood Park - Redbank,152.845554,-27.63159,1000
Greater Brisbane,Greater Brisbane,310041302,Redbank Plains,152.869459,-27.648315,1000
Greater Brisbane,Greater Brisbane,310041303,Springfield,152.898813,-27.640484,1000
Greater Brisbane,Greater Brisbane,310041304,Springfield Lakes,152.910464,-27.673284,1000
Greater Brisbane,Greater Brisbane,310041304,Springfield Lakes,152.9189,-27.668997,1000
Greater Brisbane,Greater Brisbane,310041565,Augustine Heights - Brookwater,152.874303,-27.673909,1000
Greater Brisbane,Greater Brisbane,311011305,Beaudesert,153.080062,-28.072576,1000
Greater Brisbane,Greater Brisbane,311021310,Wolffdene - Bahrs Scrub,153.159525,-27.787102,1000
Greater Brisbane,Greater Brisbane,311031311,Boronia Heights - Park Ridge,153.027762,-27.706573,1000
Greater Brisbane,Greater Brisbane,311031316,Hillcrest,153.014044,-27.657393,1000
Greater Brisbane,Greater Brisbane,311031319,Regents Park - Heritage Park,153.033555,-27.673167,1000
Greater Brisbane,Greater Brisbane,311041322,Logan Village,153.140772,-27.729621,1000
Greater Brisbane,Greater Brisbane,311041568,Flagstone (West) - New Beith,152.821468,-27.842207,1000
Greater Brisbane,Greater Brisbane,311041569,Greenbank - North Maclean,153.009786,-27.769509,1000
Greater Brisbane,Greater Brisbane,311041570,Jimboomba - Glenlogan,153.01217,-27.906285,1000
Greater Brisbane,Greater Brisbane,311051324,Cornubia - Carbrook,153.207185,-27.649018,1000
Greater Brisbane,Greater Brisbane,311051325,Loganholme - Tanah Merah,153.162803,-27.66659,1000
Greater Brisbane,Greater Brisbane,311051327,Shailer Park,153.188739,-27.665354,1000
Greater Brisbane,Greater Brisbane,311061329,Daisy Hill,153.17284,-27.638368,1000
Greater Brisbane,Greater Brisbane,311061332,Rochedale South - Priestdale,153.120914,-27.603861,1000
Greater Brisbane,Greater Brisbane,311061334,Springwood,153.137427,-27.619498,1000
Greater Brisbane,Greater Brisbane,311061335,Underwood,153.111128,-27.603678,1000
Greater Brisbane,Greater Brisbane,313011362,Beachmere - Sandstone Point,153.055221,-27.050235,1000
Greater Brisbane,Greater Brisbane,313011363,Bribie Island,153.176494,-27.021884,1000
Greater Brisbane,Greater Brisbane,313021364,Burpengary - East,152.986191,-27.119282,1000
Greater Brisbane,Greater Brisbane,313021366,Caboolture - South,152.953607,-27.113865,1000
Greater Brisbane,Greater Brisbane,313021572,Caboolture - East,152.958932,-27.075013,1000
Greater Brisbane,Greater Brisbane,313021573,Caboolture - West,152.926464,-27.058669,1000
Greater Brisbane,Greater Brisbane,313041372,Burpengary,152.946987,-27.14739,1000
Greater Brisbane,Greater Brisbane,313041373,Deception Bay,153.038523,-27.19951,1000
Greater Brisbane,Greater Brisbane,313041374,Morayfield,152.906123,-27.153211,1000
Greater Brisbane,Greater Brisbane,313041375,Narangba,152.946442,-27.18653,1000
Greater Brisbane,Greater Brisbane,313041375,Narangba,152.901497,-27.18273,1000
Greater Brisbane,Greater Brisbane,313051378,Margate - Woody Point,153.102831,-27.255651,1000
Greater Brisbane,Greater Brisbane,313051379,Redcliffe,153.102045,-27.229164,1000
Greater Brisbane,Greater Brisbane,313051380,Rothwell - Kippa-Ring,153.048434,-27.203095,1000
Greater Brisbane,Greater Brisbane,313051575,Scarborough - Newport,153.082447,-27.214882,1000
Greater Brisbane,Greater Brisbane,314011382,Albany Creek,152.971882,-27.346288,1000
Greater Brisbane,Greater Brisbane,314011382,Albany Creek,152.975721,-27.343589,1000
Greater Brisbane,Greater Brisbane,314011383,Cashmere,152.872956,-27.277225,1000
Greater Brisbane,Greater Brisbane,314011383,Cashmere,152.938196,-27.278541,1000
Greater Brisbane,Greater Brisbane,314011384,Dayboro,152.72457,-27.258889,1000
Greater Brisbane,Greater Brisbane,314011385,Eatons Hill,152.933748,-27.336124,1000
Greater Brisbane,Greater Brisbane,314011386,The Hills District,152.936921,-27.36677,1000
Greater Brisbane,Greater Brisbane,314011386,The Hills District,152.961483,-27.377203,1000
Greater Brisbane,Greater Brisbane,314011386,The Hills District,152.942212,-27.396051,1000
Greater Brisbane,Greater Brisbane,314011387,Samford Valley,152.868115,-27.30617,1000
Greater Brisbane,Greater Brisbane,314011387,Samford Valley,152.792601,-27.328175,1000
Greater Brisbane,Greater Brisbane,314021389,Murrumba Downs - Griffin,153.022468,-27.266005,1000
Greater Brisbane,Greater Brisbane,314021389,Murrumba Downs - Griffin,153.04946,-27.271648,1000
Greater Brisbane,Greater Brisbane,314021577,Kallangur,152.97788,-27.250733,1000
Greater Brisbane,Greater Brisbane,314021578,Mango Hill,153.034807,-27.250896,1000
Greater Brisbane,Greater Brisbane,314021579,North Lakes,153.028141,-27.237104,1000
Greater Brisbane,Greater Brisbane,314021579,North Lakes,153.024899,-27.228375,1000
Greater Brisbane,Greater Brisbane,314031391,Bray Park,152.960029,-27.297189,1000
Greater Brisbane,Greater Brisbane,314031393,Petrie,152.970045,-27.249566,1000
Greater Brisbane,Greater Brisbane,314031394,Strathpine - Brendale,152.991752,-27.301584,1000
Greater Adelaide,Greater Adelaide,401011001,Adelaide,138.583557,-34.930753,1000
Greater Adelaide,Greater Adelaide,401011002,North Adelaide,138.602829,-34.905426,1000
Greater Adelaide,Greater Adelaide,401021003,Adelaide Hills,138.943437,-34.899941,1000
Greater Adelaide,Greater Adelaide,401021004,Aldgate - Stirling,138.725916,-35.086325,1000
Greater Adelaide,Greater Adelaide,401021004,Aldgate - Stirling,138.7081,-35.098272,1000
Greater Adelaide,Greater Adelaide,401021006,Lobethal - Woodside,138.899369,-34.883313,1000
Greater Adelaide,Greater Adelaide,401021007,Mount Barker,138.868621,-35.094193,1000
Greater Adelaide,Greater Adelaide,401021007,Mount Barker,138.839147,-35.084815,1000
Greater Adelaide,Greater Adelaide,401021010,Uraidla - Summertown,138.717836,-34.939623,1000
Greater Adelaide,Greater Adelaide,401031011,Burnside - Wattle Park,138.695531,-34.923583,1000
Greater Adelaide,Greater Adelaide,401031011,Burnside - Wattle Park,138.683063,-34.931508,1000
Greater Adelaide,Greater Adelaide,401031012,Beaumont - Glen Osmond,138.667781,-34.949357,1000
Greater Adelaide,Greater Adelaide,401031013,Toorak Gardens,138.636631,-34.941916,1000
Greater Adelaide,Greater Adelaide,401031013,Toorak Gardens,138.629431,-34.929099,1000
Greater Adelaide,Greater Adelaide,401041014,Athelstone,138.705102,-34.865889,1000
Greater Adelaide,Greater Adelaide,401041015,Paradise - Newton,138.655513,-34.882939,1000
Greater Adelaide,Greater Adelaide,401041016,Rostrevor - Magill,138.698696,-34.888238,1000
Greater Adelaide,Greater Adelaide,401041016,Rostrevor - Magill,138.694345,-34.889714,1000
Greater Adelaide,Greater Adelaide,401051017,Norwood (SA),138.641366,-34.924488,1000
Greater Adelaide,Greater Adelaide,401051018,Payneham - Felixstow,138.656869,-34.909756,1000
Greater Adelaide,Greater Adelaide,401051019,St Peters - Marden,138.61402,-34.914387,1000
Greater Adelaide,Greater Adelaide,401051019,St Peters - Marden,138.622652,-34.897253,1000
Greater Adelaide,Greater Adelaide,401061020,Nailsworth - Broadview,138.618445,-34.880034,1000
Greater Adelaide,Greater Adelaide,401061021,Prospect,138.596783,-34.875796,1000
Greater Adelaide,Greater Adelaide,401061021,Prospect,138.595238,-34.87731,1000
Greater Adelaide,Greater Adelaide,401061022,Walkerville,138.619798,-34.885842,1000
Greater Adelaide,Greater Adelaide,401071023,Goodwood - Millswood,138.593053,-34.958973,1000
Greater Adelaide,Greater Adelaide,401071023,Goodwood - Millswood,138.585457,-34.962341,1000
Greater Adelaide,Greater Adelaide,401071024,Unley - Parkside,138.62713,-34.96002,1000
Greater Adelaide,Greater Adelaide,401071024,Unley - Parkside,138.604283,-34.943179,1000
Greater Adelaide,Greater Adelaide,401071024,Unley - Parkside,138.618908,-34.957354,1000
Greater Adelaide,Greater Adelaide,402011025,Gawler - North,138.680339,-34.598369,1000
Greater Adelaide,Greater Adelaide,402011026,Gawler - South,138.820833,-34.577648,1000
Greater Adelaide,Greater Adelaide,402021028,Craigmore - Blakeview,138.702948,-34.710828,1000
Greater Adelaide,Greater Adelaide,402021032,Munno Para West - Angle Vale,138.636848,-34.668416,1000
Greater Adelaide,Greater Adelaide,402031036,Enfield - Blair Athol,138.610409,-34.875764,1000
Greater Adelaide,Greater Adelaide,402031038,Windsor Gardens,138.631415,-34.870268,1000
Greater Adelaide,Greater Adelaide,402031175,Northgate - Northfield,138.629876,-34.847182,1000
Greater Adelaide,Greater Adelaide,402031176,Valley View - Gilles Plains,138.657028,-34.835201,1000
Greater Adelaide,Greater Adelaide,402041040,Ingle Farm,138.666363,-34.82009,1000
Greater Adelaide,Greater Adelaide,402041041,Para Hills,138.668137,-34.793879,1000
Greater Adelaide,Greater Adelaide,402041043,Parafield Gardens,138.600305,-34.781519,1000
Greater Adelaide,Greater Adelaide,402041044,Paralowie,138.626204,-34.754829,1000
Greater Adelaide,Greater Adelaide,402041047,Salisbury East,138.661388,-34.766265,1000
Greater Adelaide,Greater Adelaide,402041171,Mawson Lakes - Globe Derby Park,138.593115,-34.789479,1000
Greater Adelaide,Greater Adelaide,402051049,Golden Grove,138.707223,-34.780854,1000
Greater Adelaide,Greater Adelaide,402051050,Greenwith,138.72104,-34.755684,1000
Greater Adelaide,Greater Adelaide,402051051,Highbury - Dernancourt,138.703306,-34.85483,1000
Greater Adelaide,Greater Adelaide,402051052,Hope Valley - Modbury,138.680354,-34.837121,1000
Greater Adelaide,Greater Adelaide,402051053,Modbury Heights,138.690095,-34.804427,1000
Greater Adelaide,Greater Adelaide,402051054,Redwood Park,138.730536,-34.806424,1000
Greater Adelaide,Greater Adelaide,402051055,St Agnes - Ridgehaven,138.700831,-34.832352,1000
Greater Adelaide,Greater Adelaide,403011056,Brighton (SA),138.522759,-35.016015,1000
Greater Adelaide,Greater Adelaide,403011056,Brighton (SA),138.519586,-35.008254,1000
Greater Adelaide,Greater Adelaide,403011057,Glenelg (SA),138.517882,-34.976127,1000
Greater Adelaide,Greater Adelaide,403011057,Glenelg (SA),138.517817,-34.997395,1000
Greater Adelaide,Greater Adelaide,403021058,Edwardstown,138.561833,-34.985169,1000
Greater Adelaide,Greater Adelaide,403021059,Hallett Cove,138.509007,-35.079798,1000
Greater Adelaide,Greater Adelaide,403021060,Marino - Seaview Downs,138.50773,-35.055544,1000
Greater Adelaide,Greater Adelaide,403021061,Mitchell Park,138.57287,-34.999331,1000
Greater Adelaide,Greater Adelaide,403021062,Morphettville,138.55268,-34.970439,1000
Greater Adelaide,Greater Adelaide,403021063,Sheidow Park - Trott Park,138.537451,-35.058774,1000
Greater Adelaide,Greater Adelaide,403021064,Warradale,138.542128,-35.001649,1000
Greater Adelaide,Greater Adelaide,403031065,Belair,138.665353,-35.007127,1000
Greater Adelaide,Greater Adelaide,403031066,Bellevue Heights,138.577634,-35.033847,1000
Greater Adelaide,Greater Adelaide,403031067,Blackwood,138.64054,-35.034553,1000
Greater Adelaide,Greater Adelaide,403031068,Colonel Light Gardens,138.581481,-34.97751,1000
Greater Adelaide,Greater Adelaide,403031068,Colonel Light Gardens,138.586226,-34.972166,1000
Greater Adelaide,Greater Adelaide,403031069,Mitcham (SA),138.623141,-34.971214,1000
Greater Adelaide,Greater Adelaide,403031069,Mitcham (SA),138.631425,-34.967958,1000
Greater Adelaide,Greater Adelaide,403031070,Panorama,138.584894,-34.997834,1000
Greater Adelaide,Greater Adelaide,403041071,Aberfoyle Park,138.599207,-35.080121,1000
Greater Adelaide,Greater Adelaide,403041072,Aldinga,138.468593,-35.314554,1000
Greater Adelaide,Greater Adelaide,403041076,Coromandel Valley,138.616448,-35.042967,1000
Greater Adelaide,Greater Adelaide,403041077,Flagstaff Hill,138.580581,-35.058886,1000
Greater Adelaide,Greater Adelaide,403041080,Happy Valley,138.594084,-35.081287,1000
Greater Adelaide,Greater Adelaide,403041083,McLaren Vale,138.552294,-35.208267,1000
Greater Adelaide,Greater Adelaide,403041089,Woodcroft,138.561155,-35.112486,1000
Greater Adelaide,Greater Adelaide,403041177,Seaford - Seaford Meadows,138.495247,-35.178917,1000
Greater Adelaide,Greater Adelaide,403041178,Seaford Rise - Moana,138.472591,-35.21694,1000
Greater Adelaide,Greater Adelaide,404011090,Beverley,138.543453,-34.897611,1000
Greater Adelaide,Greater Adelaide,404011091,Flinders Park,138.532488,-34.908162,1000
Greater Adelaide,Greater Adelaide,404011092,Henley Beach,138.510672,-34.911152,1000
Greater Adelaide,Greater Adelaide,404011092,Henley Beach,138.518384,-34.906501,1000
Greater Adelaide,Greater Adelaide,404011093,Hindmarsh - Brompton,138.575239,-34.899916,1000
Greater Adelaide,Greater Adelaide,404011093,Hindmarsh - Brompton,138.582293,-34.890082,1000
Greater Adelaide,Greater Adelaide,404011095,Seaton - Grange,138.498811,-34.888133,1000
Greater Adelaide,Greater Adelaide,404011096,West Lakes,138.496624,-34.868787,1000
Greater Adelaide,Greater Adelaide,404011097,Woodville - Cheltenham,138.530509,-34.872814,1000
Greater Adelaide,Greater Adelaide,404021099,Largs Bay - Semaphore,138.504717,-34.824261,1000
Greater Adelaide,Greater Adelaide,404021100,North Haven,138.491131,-34.802784,1000
Greater Adelaide,Greater Adelaide,404021101,Port Adelaide,138.526557,-34.83248,1000
Greater Adelaide,Greater Adelaide,404021102,The Parks,138.550765,-34.858752,1000
Greater Adelaide,Greater Adelaide,404031106,Lockleys,138.527536,-34.919905,1000
Greater Adelaide,Greater Adelaide,404031107,Plympton,138.563178,-34.947573,1000
Greater Adelaide,Greater Adelaide,404031107,Plympton,138.554264,-34.945485,1000
Greater Adelaide,Greater Adelaide,404031108,Richmond (SA),138.554937,-34.927275,1000
Greater Adelaide,Greater Adelaide,404031109,West Beach,138.516025,-34.938401,1000
Greater Perth,Greater Perth,502011021,Dawesville - Bouvard,115.635501,-32.608717,1000
Greater Perth,Greater Perth,502011022,Falcon - Wannanup,115.670065,-32.59571,1000
Greater Perth,Greater Perth,502011024,Halls Head - Erskine,115.696273,-32.560304,1000
Greater Perth,Greater Perth,502011027,Mandurah - North,115.745399,-32.479881,1000
Greater Perth,Greater Perth,502011027,Mandurah - North,115.754373,-32.481807,1000
Greater Perth,Greater Perth,502011028,Mandurah - South,115.73999,-32.543933,1000
Greater Perth,Greater Perth,502011029,Pinjarra,115.841837,-32.488701,1000
Greater Perth,Greater Perth,503011030,City Beach,115.764878,-31.951007,1000
Greater Perth,Greater Perth,503011031,Claremont (WA),115.791108,-31.980815,1000
Greater Perth,Greater Perth,503011032,Cottesloe,115.753634,-31.998659,1000
Greater Perth,Greater Perth,503011033,Floreat,115.794821,-31.937744,1000
Greater Perth,Greater Perth,503011033,Floreat,115.793061,-31.930616,1000
Greater Perth,Greater Perth,503011034,Mosman Park - Peppermint Grove,115.758648,-32.009916,1000
Greater Perth,Greater Perth,503011034,Mosman Park - Peppermint Grove,115.755589,-32.010774,1000
Greater Perth,Greater Perth,503011035,Nedlands - Dalkeith - Crawley,115.816448,-31.976623,1000
Greater Perth,Greater Perth,503011035,Nedlands - Dalkeith - Crawley,115.809507,-31.975017,1000
Greater Perth,Greater Perth,503011035,Nedlands - Dalkeith - Crawley,115.799321,-32.002988,1000
Greater Perth,Greater Perth,503011036,Swanbourne - Mount Claremont,115.761253,-31.958986,1000
Greater Perth,Greater Perth,503011036,Swanbourne - Mount Claremont,115.791267,-31.952672,1000
Greater Perth,Greater Perth,503021038,Mount Hawthorn - Leederville,115.840723,-31.930204,1000
Greater Perth,Greater Perth,503021038,Mount Hawthorn - Leederville,115.829374,-31.916925,1000
Greater Perth,Greater Perth,503021039,Mount Lawley - Inglewood,115.877969,-31.911903,1000
Greater Perth,Greater Perth,503021039,Mount Lawley - Inglewood,115.877531,-31.921144,1000
Greater Perth,Greater Perth,503021040,North Perth,115.846295,-31.920823,1000
Greater Perth,Greater Perth,503021042,Subiaco - Shenton Park,115.815991,-31.954493,1000
Greater Perth,Greater Perth,503021042,Subiaco - Shenton Park,115.824971,-31.947712,1000
Greater Perth,Greater Perth,503021042,Subiaco - Shenton Park,115.823061,-31.944372,1000
Greater Perth,Greater Perth,503021043,Wembley - West Leederville - Glendalough,115.810171,-31.931128,1000
Greater Perth,Greater Perth,503021043,Wembley - West Leederville - Glendalough,115.832138,-31.936153,1000
Greater Perth,Greater Perth,503021295,East Perth,115.874068,-31.95623,1000
Greater Perth,Greater Perth,503021295,East Perth,115.868001,-31.962017,1000
Greater Perth,Greater Perth,503021296,Perth (North) - Highgate,115.848377,-31.940364,1000
Greater Perth,Greater Perth,503021297,Perth (West) - Northbridge,115.847605,-31.9528,1000
Greater Perth,Greater Perth,504011044,Bassendean - Eden Hill - Ashfield,115.939684,-31.90127,1000
Greater Perth,Greater Perth,504011045,Bayswater - Embleton - Bedford,115.914091,-31.898244,1000
Greater Perth,Greater Perth,504011045,Bayswater - Embleton - Bedford,115.916358,-31.902933,1000
Greater Perth,Greater Perth,504011045,Bayswater - Embleton - Bedford,115.935044,-31.924239,1000
Greater Perth,Greater Perth,504011046,Maylands,115.902456,-31.933769,1000
Greater Perth,Greater Perth,504011047,Morley,115.901906,-31.880263,1000
Greater Perth,Greater Perth,504011047,Morley,115.928149,-31.89302,1000
Greater Perth,Greater Perth,504011048,Noranda,115.891791,-31.878445,1000
Greater Perth,Greater Perth,504021050,Glen Forrest - Darlington,116.081191,-31.900545,1000
Greater Perth,Greater Perth,504021051,Helena Valley - Koongamia,116.017713,-31.907341,1000
Greater Perth,Greater Perth,504021053,Mundaring,116.208328,-31.854467,1000
Greater Perth,Greater Perth,504021054,Swan View - Greenmount - Midvale,116.072744,-31.899796,1000
Greater Perth,Greater Perth,504031056,Ballajura,115.886606,-31.796185,1000
Greater Perth,Greater Perth,504031057,Beechboro,115.933839,-31.849854,1000
Greater Perth,Greater Perth,504031061,Hazelmere - Guildford,115.963353,-31.905882,1000
Greater Perth,Greater Perth,504031062,Lockridge - Kiara,115.978976,-31.882625,1000
Greater Perth,Greater Perth,504031066,Midland - Guildford,115.975653,-31.897804,1000
Greater Perth,Greater Perth,504031067,Stratton - Jane Brook,116.076576,-31.826817,1000
Greater Perth,Greater Perth,504031068,The Vines,116.077931,-31.768775,1000
Greater Perth,Greater Perth,504031298,Aveley,116.000117,-31.789891,1000
Greater Perth,Greater Perth,504031299,Brabham - Henley Brook,115.999021,-31.794672,1000
Greater Perth,Greater Perth,504031300,Ellenbrook,115.968039,-31.776267,1000
Greater Perth,Greater Perth,505011070,Craigie - Beldon,115.761784,-31.779772,1000
Greater Perth,Greater Perth,505011071,Currambine - Kinross,115.744166,-31.731359,1000
Greater Perth,Greater Perth,505011072,Duncraig,115.778424,-31.822931,1000
Greater Perth,Greater Perth,505011072,Duncraig,115.771857,-31.830715,1000
Greater Perth,Greater Perth,505011073,Greenwood - Warwick,115.819145,-31.837008,1000
Greater Perth,Greater Perth,505011074,Heathridge - Connolly,115.754648,-31.755895,1000
Greater Perth,Greater Perth,505011075,Hillarys,115.743849,-31.802709,1000
Greater Perth,Greater Perth,505011075,Hillarys,115.738613,-31.798082,1000
Greater Perth,Greater Perth,505011076,Iluka - Burns Beach,115.719784,-31.729992,1000
Greater Perth,Greater Perth,505011076,Iluka - Burns Beach,115.715067,-31.716018,1000
Greater Perth,Greater Perth,505011077,Joondalup - Edgewater,115.785737,-31.739055,1000
Greater Perth,Greater Perth,505011078,Kingsley,115.799925,-31.812234,1000
Greater Perth,Greater Perth,505011079,Mullaloo - Kallaroo,115.749453,-31.771793,1000
Greater Perth,Greater Perth,505011080,Ocean Reef,115.737423,-31.757634,1000
Greater Perth,Greater Perth,505011081,Padbury,115.763071,-31.812811,1000
Greater Perth,Greater Perth,505011082,Sorrento - Marmion,115.756174,-31.829971,1000
Greater Perth,Greater Perth,505011083,Woodvale,115.814444,-31.797984,1000
Greater Perth,Greater Perth,505021084,Balcatta - Hamersley,115.82577,-31.8691,1000
Greater Perth,Greater Perth,505021085,Balga - Mirrabooka,115.868398,-31.857143,1000
Greater Perth,Greater Perth,505021088,Innaloo - Doubleview,115.780334,-31.906577,1000
Greater Perth,Greater Perth,505021088,Innaloo - Doubleview,115.778548,-31.906668,1000
Greater Perth,Greater Perth,505021089,Karrinyup - Gwelup - Carine,115.769896,-31.864452,1000
Greater Perth,Greater Perth,505021089,Karrinyup - Gwelup - Carine,115.768068,-31.875703,1000
Greater Perth,Greater Perth,505021089,Karrinyup - Gwelup - Carine,115.767328,-31.845399,1000
Greater Perth,Greater Perth,505021090,Nollamara - Westminster,115.837737,-31.86762,1000
Greater Perth,Greater Perth,505021092,Scarborough,115.759123,-31.907123,1000
Greater Perth,Greater Perth,505021092,Scarborough,115.766204,-31.888276,1000
Greater Perth,Greater Perth,505021093,Stirling - Osborne Park,115.82727,-31.913394,1000
Greater Perth,Greater Perth,505021093,Stirling - Osborne Park,115.802302,-31.869688,1000
Greater Perth,Greater Perth,505021094,Trigg - North Beach - Watermans Bay,115.755504,-31.865301,1000
Greater Perth,Greater Perth,505021095,Tuart Hill - Joondanna,115.836451,-31.907453,1000
Greater Perth,Greater Perth,505021096,Wembley Downs - Churchlands - Woodlands,115.776561,-31.914515,1000
Greater Perth,Greater Perth,505021096,Wembley Downs - Churchlands - Woodlands,115.78024,-31.930061,1000
Greater Perth,Greater Perth,505021097,Yokine - Coolbinia - Menora,115.85843,-31.915013,1000
Greater Perth,Greater Perth,505021097,Yokine - Coolbinia - Menora,115.841322,-31.894723,1000
Greater Perth,Greater Perth,505021301,Dianella - North,115.871972,-31.874665,1000
Greater Perth,Greater Perth,505021302,Dianella - South,115.866123,-31.892697,1000
Greater Perth,Greater Perth,505031098,Alexander Heights - Koondoola,115.858623,-31.843337,1000
Greater Perth,Greater Perth,505031099,Butler - Merriwa - Ridgewood,115.721665,-31.65862,1000
Greater Perth,Greater Perth,505031100,Carramar,115.811085,-31.686041,1000
Greater Perth,Greater Perth,505031101,Clarkson,115.734811,-31.710386,1000
Greater Perth,Greater Perth,505031104,Marangaroo,115.825444,-31.832185,1000
Greater Perth,Greater Perth,505031105,Mindarie - Quinns Rocks - Jindalee,115.68582,-31.634433,1000
Greater Perth,Greater Perth,505031105,Mindarie - Quinns Rocks - Jindalee,115.697968,-31.680447,1000
Greater Perth,Greater Perth,505031107,Tapping - Ashby - Sinagra,115.879678,-31.694317,1000
Greater Perth,Greater Perth,505031255,Alkimos - Eglinton,115.689481,-31.60041,1000
Greater Perth,Greater Perth,505031258,Yanchep,115.656467,-31.554158,1000
Greater Perth,Greater Perth,505031303,Hocking - Pearsall,115.814729,-31.777558,1000
Greater Perth,Greater Perth,505031304,Landsdale,115.874132,-31.798565,1000
Greater Perth,Greater Perth,505031305,Madeley - Darch,115.830783,-31.820062,1000
Greater Perth,Greater Perth,505031306,Wanneroo - Sinagra,115.811919,-31.754803,1000
Greater Perth,Greater Perth,506011110,Armadale - Wungong - Brookdale,116.017566,-32.135659,1000
Greater Perth,Greater Perth,506011114,Kelmscott,116.041191,-32.095878,1000
Greater Perth,Greater Perth,506011115,Mount Nasura - Mount Richon - Bedfordale,116.021634,-32.137496,1000
Greater Perth,Greater Perth,506011116,Roleystone,116.053472,-32.124471,1000
Greater Perth,Greater Perth,506011307,Harrisdale,115.927576,-32.126417,1000
Greater Perth,Greater Perth,506011308,Piara Waters - Forrestdale,115.96522,-32.147224,1000
Greater Perth,Greater Perth,506011308,Piara Waters - Forrestdale,115.936832,-32.177545,1000
Greater Perth,Greater Perth,506021118,Belmont - Ascot - Redcliffe,115.921777,-31.949572,1000
Greater Perth,Greater Perth,506021119,East Victoria Park - Carlisle,115.917573,-31.986129,1000
Greater Perth,Greater Perth,506021119,East Victoria Park - Carlisle,115.923329,-31.986539,1000
Greater Perth,Greater Perth,506021123,Victoria Park - Lathlain - Burswood,115.892899,-31.955327,1000
Greater Perth,Greater Perth,506021123,Victoria Park - Lathlain - Burswood,115.897969,-31.960959,1000
Greater Perth,Greater Perth,506021309,Cloverdale,115.946894,-31.956722,1000
Greater Perth,Greater Perth,506021311,Rivervale,115.906495,-31.957213,1000
Greater Perth,Greater Perth,506031124,Bentley - Wilson - St James,115.907444,-32.004811,1000
Greater Perth,Greater Perth,506031125,Canning Vale - West,115.906894,-32.09812,1000
Greater Perth,Greater Perth,506031127,Cannington - Queens Park,115.936945,-32.013538,1000
Greater Perth,Greater Perth,506031128,Parkwood - Ferndale - Lynwood,115.917882,-32.038937,1000
Greater Perth,Greater Perth,506031129,Riverton - Shelley - Rossmoyne,115.865892,-32.038736,1000
Greater Perth,Greater Perth,506031129,Riverton - Shelley - Rossmoyne,115.896081,-32.029491,1000
Greater Perth,Greater Perth,506031131,Willetton,115.898025,-32.059678,1000
Greater Perth,Greater Perth,506031131,Willetton,115.898222,-32.051172,1000
Greater Perth,Greater Perth,506041132,Beckenham - Kenwick - Langford,115.946169,-32.043731,1000
Greater Perth,Greater Perth,506041133,Canning Vale - East,115.920904,-32.087175,1000
Greater Perth,Greater Perth,506041133,Canning Vale - East,115.92939,-32.076383,1000
Greater Perth,Greater Perth,506041134,Gosnells,115.991476,-32.061888,1000
Greater Perth,Greater Perth,506041135,Huntingdale - Southern River,115.955743,-32.083687,1000
Greater Perth,Greater Perth,506041135,Huntingdale - Southern River,115.944127,-32.089092,1000
Greater Perth,Greater Perth,506041136,Maddington - Orange Grove - Martin,116.058126,-32.063307,1000
Greater Perth,Greater Perth,506041137,Thornlie,115.954631,-32.064933,1000
Greater Perth,Greater Perth,506051138,Forrestfield - Wattle Grove,115.9876,-31.958434,1000
Greater Perth,Greater Perth,506051139,High Wycombe,116.000647,-31.956589,1000
Greater Perth,Greater Perth,506051140,Kalamunda - Maida Vale - Gooseberry Hill,116.0463,-31.943149,1000
Greater Perth,Greater Perth,506051140,Kalamunda - Maida Vale - Gooseberry Hill,116.026801,-31.941237,1000
Greater Perth,Greater Perth,506051141,Lesmurdie - Bickley - Carmel,116.136993,-32.077716,1000
Greater Perth,Greater Perth,506061142,Byford,115.978928,-32.238396,1000
Greater Perth,Greater Perth,506061143,Mundijong,116.051414,-32.275014,1000
Greater Perth,Greater Perth,506071145,Como,115.865359,-32.002537,1000
Greater Perth,Greater Perth,506071145,Como,115.863911,-32.015221,1000
Greater Perth,Greater Perth,506071146,Manning - Waterford,115.893238,-32.014083,1000
Greater Perth,Greater Perth,506071147,South Perth - Kensington,115.874599,-31.978027,1000
Greater Perth,Greater Perth,506071147,South Perth - Kensington,115.87489,-31.971007,1000
Greater Perth,Greater Perth,507011148,Banjup,115.865696,-32.139083,1000
Greater Perth,Greater Perth,507011148,Banjup,115.87265,-32.161406,1000
Greater Perth,Greater Perth,507011152,Coogee,115.782438,-32.144594,1000
Greater Perth,Greater Perth,507011153,Coolbellup,115.80087,-32.07758,1000
Greater Perth,Greater Perth,507011154,Hamilton Hill,115.774422,-32.087132,1000
Greater Perth,Greater Perth,507011158,North Coogee,115.758399,-32.086304,1000
Greater Perth,Greater Perth,507011159,South Lake - Cockburn Central,115.841579,-32.087474,1000
Greater Perth,Greater Perth,507011160,Spearwood,115.784639,-32.115027,1000
Greater Perth,Greater Perth,507011161,Success - Hammond Park,115.839924,-32.1364,1000
Greater Perth,Greater Perth,507011161,Success - Hammond Park,115.843726,-32.148527,1000
Greater Perth,Greater Perth,507011163,Yangebup,115.825215,-32.113264,1000
Greater Perth,Greater Perth,507011259,Beeliar - Wattleup,115.828138,-32.139754,1000
Greater Perth,Greater Perth,507021164,East Fremantle,115.764494,-32.044466,1000
Greater Perth,Greater Perth,507021165,Fremantle,115.763272,-32.053668,1000
Greater Perth,Greater Perth,507021165,Fremantle,115.506736,-31.997421,1000
Greater Perth,Greater Perth,507021166,Fremantle - South,115.799605,-32.066493,1000
Greater Perth,Greater Perth,507021166,Fremantle - South,115.771159,-32.064227,1000
Greater Perth,Greater Perth,507031169,Wellard (West) - Bertram,115.825458,-32.269743,1000
Greater Perth,Greater Perth,507031261,Casuarina - Wandi,115.869751,-32.251682,1000
Greater Perth,Greater Perth,507041175,Applecross - Ardross,115.827866,-32.026744,1000
Greater Perth,Greater Perth,507041175,Applecross - Ardross,115.835524,-32.023087,1000
Greater Perth,Greater Perth,507041177,Bicton - Palmyra,115.787547,-32.042771,1000
Greater Perth,Greater Perth,507041177,Bicton - Palmyra,115.788654,-32.029456,1000
Greater Perth,Greater Perth,507041178,Booragoon,115.85604,-32.041762,1000
Greater Perth,Greater Perth,507041178,Booragoon,115.845682,-32.043643,1000
Greater Perth,Greater Perth,507041179,Bull Creek,115.858363,-32.060121,1000
Greater Perth,Greater Perth,507041180,Leeming,115.863655,-32.076687,1000
Greater Perth,Greater Perth,507041181,Melville,115.821247,-32.034038,1000
Greater Perth,Greater Perth,507041181,Melville,115.818254,-32.044873,1000
Greater Perth,Greater Perth,507041182,Murdoch - Kardinya,115.829483,-32.068167,1000
Greater Perth,Greater Perth,507041184,Winthrop,115.832984,-32.047714,1000
Greater Perth,Greater Perth,507051187,Port Kennedy,115.75789,-32.368957,1000
Greater Perth,Greater Perth,507051188,Rockingham,115.752773,-32.284662,1000
Greater Perth,Greater Perth,507051190,Safety Bay - Shoalwater,115.704027,-32.296085,1000
Greater Perth,Greater Perth,507051191,Singleton - Golden Bay - Secret Harbour,115.751059,-32.428481,1000
Greater Perth,Greater Perth,507051191,Singleton - Golden Bay - Secret Harbour,115.762211,-32.429118,1000
Greater Perth,Greater Perth,507051192,Waikiki,115.765287,-32.314108,1000
Greater Perth,Greater Perth,507051193,Warnbro,115.761595,-32.32865,1000
Greater Perth,Greater Perth,507051312,Baldivis - North,115.861482,-32.31885,1000
Greater Perth,Greater Perth,507051313,Baldivis - South,115.807514,-32.353716,1000
Greater Perth,Greater Perth,507051313,Baldivis - South,115.802245,-32.369978,1000
Greater Hobart,Greater Hobart,601021004,Bellerive - Rosny,147.384879,-42.875493,1000
Greater Hobart,Greater Hobart,601021005,Cambridge,147.431916,-42.785456,1000
Greater Hobart,Greater Hobart,601021007,Howrah - Tranmere,147.415841,-42.918861,1000
Greater Hobart,Greater Hobart,601021008,Lindisfarne - Rose Bay,147.350048,-42.845186,1000
Greater Hobart,Greater Hobart,601021012,South Arm,147.429684,-43.037442,1000
Greater Hobart,Greater Hobart,601031017,Glenorchy,147.24497,-42.844464,1000
Greater Hobart,Greater Hobart,601041022,Kingston - Huntingfield,147.278128,-42.952513,1000
Greater Hobart,Greater Hobart,601041023,Kingston Beach - Blackmans Bay,147.324519,-43.007916,1000
Greater Hobart,Greater Hobart,601041024,Margate - Snug,147.145031,-43.02406,1000
Greater Hobart,Greater Hobart,601051027,Hobart,147.323419,-42.882959,1000
Greater Hobart,Greater Hobart,601051028,Lenah Valley - Mount Stuart,147.253877,-42.87371,1000
Greater Hobart,Greater Hobart,601051029,Mount Nelson - Dynnyrne,147.331202,-42.928216,1000
Greater Hobart,Greater Hobart,601051030,New Town,147.30214,-42.859069,1000
Greater Hobart,Greater Hobart,601051031,Sandy Bay,147.336992,-42.90238,1000
Greater Hobart,Greater Hobart,601051032,South Hobart - Fern Tree,147.300315,-42.892981,1000
Greater Hobart,Greater Hobart,601051033,West Hobart,147.298113,-42.888793,1000
Greater Hobart,Greater Hobart,601061035,Sorell - Richmond,147.529091,-42.79233,1000
Greater Darwin,Greater Darwin,701011002,Darwin City,130.845052,-12.458448,1000
Greater Darwin,Greater Darwin,701011004,Fannie Bay - The Gardens,130.835702,-12.41943,1000
Greater Darwin,Greater Darwin,701011005,Larrakeyah,130.820056,-12.453713,1000
Greater Darwin,Greater Darwin,701011008,Stuart Park,130.845854,-12.441868,1000
Greater Darwin,Greater Darwin,701011009,Woolner - Bayview - Winnellie,130.858584,-12.440561,1000
Greater Darwin,Greater Darwin,701021020,Leanyer,130.897948,-12.370163,1000
Greater Darwin,Greater Darwin,701021021,Lyons (NT),130.89912,-12.349607,1000
Greater Darwin,Greater Darwin,701021025,Nightcliff,130.843829,-12.385297,1000
Greater Darwin,Greater Darwin,701031032,Humpty Doo,131.157221,-12.580277,1000
Greater Darwin,Greater Darwin,701041038,Durack - Marlow Lagoon,130.969723,-12.486029,1000
Greater Darwin,Greater Darwin,701041041,Palmerston - North,130.988287,-12.475045,1000
Greater Darwin,Greater Darwin,701041042,Palmerston - South,130.967875,-12.528329,1000
Greater Darwin,Greater Darwin,701041043,Rosebery - Bellamack,130.990225,-12.508348,1000
Australian Capital Territory,Canberra / ACT,801011002,Belconnen,149.059213,-35.240974,1000
Australian Capital Territory,Canberra / ACT,801011003,Bruce,149.106134,-35.242635,1000
Australian Capital Territory,Canberra / ACT,801011006,Dunlop,149.022325,-35.186166,1000
Australian Capital Territory,Canberra / ACT,801011007,Evatt,149.069968,-35.213178,1000
Australian Capital Territory,Canberra / ACT,801011008,Florey,149.053149,-35.229437,1000
Australian Capital Territory,Canberra / ACT,801011009,Flynn (ACT),149.04779,-35.199224,1000
Australian Capital Territory,Canberra / ACT,801011015,Holt,149.018461,-35.219781,1000
Australian Capital Territory,Canberra / ACT,801011016,Kaleen,149.113417,-35.217265,1000
Australian Capital Territory,Canberra / ACT,801011019,Macgregor (ACT),148.997791,-35.211135,1000
Australian Capital Territory,Canberra / ACT,801011026,Weetangera,149.054877,-35.250402,1000
Australian Capital Territory,Canberra / ACT,801041034,Amaroo,149.12706,-35.166484,1000
Australian Capital Territory,Canberra / ACT,801041035,Bonner,149.137936,-35.158895,1000
Australian Capital Territory,Canberra / ACT,801041036,Casey,149.094956,-35.169375,1000
Australian Capital Territory,Canberra / ACT,801041037,Crace,149.1067,-35.201166,1000
Australian Capital Territory,Canberra / ACT,801041038,Forde,149.148726,-35.171565,1000
Australian Capital Territory,Canberra / ACT,801041039,Franklin,149.139085,-35.204725,1000
Australian Capital Territory,Canberra / ACT,801041040,Gungahlin,149.127158,-35.189064,1000
Australian Capital Territory,Canberra / ACT,801041044,Harrison,149.151073,-35.204961,1000
Australian Capital Territory,Canberra / ACT,801041046,Ngunnawal,149.118407,-35.174316,1000
Australian Capital Territory,Canberra / ACT,801041047,Nicholls,149.079957,-35.181907,1000
Australian Capital Territory,Canberra / ACT,801041048,Palmerston,149.120592,-35.190495,1000
Australian Capital Territory,Canberra / ACT,801041120,Moncrieff,149.120806,-35.154592,1000
Australian Capital Territory,Canberra / ACT,801051050,Ainslie,149.153597,-35.254454,1000
Australian Capital Territory,Canberra / ACT,801051051,Braddon,149.13816,-35.275645,1000
Australian Capital Territory,Canberra / ACT,801051053,Civic,149.12395,-35.279568,1000
Australian Capital Territory,Canberra / ACT,801051055,Downer,149.150177,-35.246262,1000
Australian Capital Territory,Canberra / ACT,801051056,Hackett,149.162379,-35.248527,1000
Australian Capital Territory,Canberra / ACT,801051057,Lyneham,149.125588,-35.232957,1000
Australian Capital Territory,Canberra / ACT,801051058,O'Connor (ACT),149.110958,-35.263471,1000
Australian Capital Territory,Canberra / ACT,801051060,Turner,149.118552,-35.268755,1000
Australian Capital Territory,Canberra / ACT,801051061,Watson,149.155068,-35.240566,1000
Australian Capital Territory,Canberra / ACT,801051124,Campbell,149.149242,-35.285609,1000
Australian Capital Territory,Canberra / ACT,801061062,Deakin,149.10449,-35.317357,1000
Australian Capital Territory,Canberra / ACT,801061064,Griffith (ACT),149.1377,-35.325056,1000
Australian Capital Territory,Canberra / ACT,801061067,Narrabundah,149.152366,-35.327742,1000
Australian Capital Territory,Canberra / ACT,801061069,Red Hill (ACT),149.109598,-35.324657,1000
Australian Capital Territory,Canberra / ACT,801061070,Yarralumla,149.092346,-35.290134,1000
Australian Capital Territory,Canberra / ACT,801061131,Kingston (ACT),149.145489,-35.309036,1000
Australian Capital Territory,Canberra / ACT,801071071,Banks,149.091102,-35.4724,1000
Australian Capital Territory,Canberra / ACT,801071073,Calwell,149.098993,-35.436175,1000
Australian Capital Territory,Canberra / ACT,801071074,Chisholm,149.115589,-35.42566,1000
Australian Capital Territory,Canberra / ACT,801071075,Conder,149.111548,-35.468677,1000
Australian Capital Territory,Canberra / ACT,801071076,Fadden,149.119125,-35.396186,1000
Australian Capital Territory,Canberra / ACT,801071078,Gordon (ACT),149.09034,-35.460694,1000
Australian Capital Territory,Canberra / ACT,801071081,Isabella Plains,149.0938,-35.423964,1000
Australian Capital Territory,Canberra / ACT,801071082,Kambah,149.047936,-35.390457,1000
Australian Capital Territory,Canberra / ACT,801071082,Kambah,149.04475,-35.386193,1000
Australian Capital Territory,Canberra / ACT,801071084,Monash,149.09445,-35.407878,1000
Australian Capital Territory,Canberra / ACT,801071088,Theodore,149.119623,-35.456716,1000
Australian Capital Territory,Canberra / ACT,801071090,Wanniassa,149.077874,-35.395078,1000
Australian Capital Territory,Canberra / ACT,801081091,Chapman,149.03465,-35.357028,1000
Australian Capital Territory,Canberra / ACT,801081092,Duffy,149.030156,-35.33851,1000
Australian Capital Territory,Canberra / ACT,801081098,Weston,149.064874,-35.347711,1000
Australian Capital Territory,Canberra / ACT,801091100,Curtin,149.081197,-35.329163,1000
Australian Capital Territory,Canberra / ACT,801091101,Farrer,149.114745,-35.379829,1000
Australian Capital Territory,Canberra / ACT,801091102,Garran,149.100037,-35.347679,1000
Australian Capital Territory,Canberra / ACT,801091103,Hughes,149.08691,-35.331984,1000
Australian Capital Territory,Canberra / ACT,801091109,Phillip,149.09013,-35.346659,1000
Australian Capital Territory,Canberra / ACT,801101135,Coombs,149.047073,-35.31995,1000
Australian Capital Territory,Canberra / ACT,801101136,Denman Prospect,149.026016,-35.293067,1000
Australian Capital Territory,Canberra / ACT,801101139,Wright,149.029524,-35.311215,1000
