sa2_code,sa2_name,sa3_code,sa3_name,sa4_code,sa4_name,gcc_code,gcc_name,state_code,state_name,state_abbr,area_sqkm,median_age,median_mortgage_monthly,median_personal_income_weekly,median_rent_weekly,median_family_income_weekly,avg_persons_per_bedroom,median_household_income_weekly,avg_household_size,households_income_stated,households_total,income_stated_rate,share_below_800,share_below_1000,share_2000_plus,share_3000_plus,share_4000_plus,tenure_total,owned_outright_share,owned_with_mortgage_share,rented_share,map_quality_500plus,map_quality_1000plus
101021007,Braidwood,10102,Queanbeyan,101,Capital Region,1RNSW,Rest of NSW,1,New South Wales,NSW,3418.3525,51,1732,760,330,1886,0.8,1429,2.2,1601,1719,0.9313554392088423,0.2767020612117427,0.3566520924422236,0.3610243597751405,0.19862585883822612,0.10368519675202999,1719,0.4973821989528796,0.3182082606166376,0.14717859220477023,1,1
101021008,Karabar,10102,Queanbeyan,101,Capital Region,1RNSW,Rest of NSW,1,New South Wales,NSW,6.9825,38,1950,975,350,2334,0.8,1989,2.6,2859,3075,0.9297560975609757,0.19412381951731375,0.24833857992305003,0.4963273871983211,0.28436516264428124,0.14270724029380902,3075,0.2910569105691057,0.40227642276422765,0.28552845528455284,1,1
101021009,Queanbeyan,10102,Queanbeyan,101,Capital Region,1RNSW,Rest of NSW,1,New South Wales,NSW,4.762,37,1700,996,330,2233,0.9,1703,2.1,4717,4916,0.959519934906428,0.2090311638753445,0.26648293406826373,0.4100063599745601,0.201187195251219,0.09963960144159423,4916,0.22599674532139952,0.31550040683482505,0.4310414971521562,1,1
101021010,Queanbeyan - East,10102,Queanbeyan,101,Capital Region,1RNSW,Rest of NSW,1,New South Wales,NSW,13.0032,36,1700,1104,310,2412,0.9,1796,2.1,2160,2276,0.9490333919156415,0.17453703703703705,0.23703703703703705,0.4310185185185185,0.22361111111111112,0.11574074074074074,2276,0.22934973637961337,0.31282952548330406,0.4318980667838313,1,1
101021012,Queanbeyan West - Jerrabomberra,10102,Queanbeyan,101,Capital Region,1RNSW,Rest of NSW,1,New South Wales,NSW,13.6748,37,2300,1357,430,3332,0.8,3014,2.9,4059,4305,0.9428571428571428,0.08721359940872137,0.11924119241192412,0.7041143138704115,0.5006159152500615,0.33013057403301305,4305,0.2854819976771196,0.4713124274099884,0.2295005807200929,1,1
101021610,Googong,10102,Queanbeyan,101,Capital Region,1RNSW,Rest of NSW,1,New South Wales,NSW,6.9164,31,2600,1629,531,3444,0.8,3363,3.1,1835,1929,0.9512700881285641,0.029427792915531336,0.03651226158038147,0.8506811989100818,0.6032697547683924,0.34005449591280656,1929,0.06687402799377916,0.7159149818558839,0.2052877138413686,1,1
101021611,Queanbeyan Surrounds,10102,Queanbeyan,101,Capital Region,1RNSW,Rest of NSW,1,New South Wales,NSW,3047.7057,42,2417,1243,465,3117,0.8,2926,2.9,5008,5374,0.93189430591738,0.0902555910543131,0.12280351437699681,0.6853035143769968,0.4882188498402556,0.32448083067092653,5374,0.35001860811313734,0.528656494231485,0.09825083736509117,1,1
101031013,Bombala,10103,Snowy Mountains,101,Capital Region,1RNSW,Rest of NSW,1,New South Wales,NSW,3990.144,49,1083,704,200,1759,0.7,1253,2.2,919,981,0.9367991845056065,0.3307943416757345,0.41458106637649617,0.3003264417845484,0.13601741022850924,0.056583242655059846,981,0.4964322120285423,0.25076452599388377,0.18246687054026503,1,0
101031014,Cooma,10103,Snowy Mountains,101,Capital Region,1RNSW,Rest of NSW,1,New South Wales,NSW,103.6371,44,1300,771,290,1911,0.7,1377,2.2,2534,2738,0.9254930606281958,0.30189423835832674,0.3800315706393054,0.34806629834254144,0.1653512233622731,0.07261247040252565,2738,0.38093498904309714,0.2888970051132213,0.2921840759678597,1,1
101031015,Cooma Surrounds,10103,Snowy Mountains,101,Capital Region,1RNSW,Rest of NSW,1,New South Wales,NSW,6251.0158,50,1627,794,290,2068,0.7,1596,2.4,1163,1277,0.9107282693813625,0.26827171109200343,0.33276010318142735,0.40842648323301806,0.21840068787618228,0.11092003439380911,1277,0.5121378230227095,0.34690681284259983,0.09240407204385279,1,1
101031016,Jindabyne - Berridale,10103,Snowy Mountains,101,Capital Region,1RNSW,Rest of NSW,1,New South Wales,NSW,3939.7888,38,1729,912,380,2275,0.8,1911,2.5,2514,2741,0.9171835096680043,0.19013524264120923,0.2549721559268099,0.4785202863961814,0.25139220365950676,0.1284805091487669,2741,0.34804815760671287,0.3112002918642831,0.29405326523166725,1,1
101041017,Batemans Bay,10104,South Coast,101,Capital Region,1RNSW,Rest of NSW,1,New South Wales,NSW,63.7073,51,1519,596,330,1366,0.7,1120,2.2,3243,3468,0.9351211072664359,0.3613937711995066,0.4495837187789084,0.22725871106999693,0.08603145235892692,0.034535923527597906,3468,0.42560553633217996,0.2315455594002307,0.29988465974625145,1,1
101041018,Batemans Bay - South,10104,South Coast,101,Capital Region,1RNSW,Rest of NSW,1,New South Wales,NSW,30.5948,54,1600,638,350,1453,0.7,1215,2.2,3405,3697,0.9210170408439275,0.31776798825256974,0.4105726872246696,0.26607929515418505,0.11483113069016153,0.051982378854625554,3697,0.4809304841763592,0.23126859615904788,0.25615363808493374,1,1
101041019,Bega - Tathra,10104,South Coast,101,Capital Region,1RNSW,Rest of NSW,1,New South Wales,NSW,183.8984,46,1517,704,320,1655,0.7,1276,2.3,3307,3559,0.9291935937060972,0.3141820381009979,0.39733897792561235,0.3017840943453281,0.12972482612639855,0.05594194133655882,3559,0.42118572632762014,0.2798538915425681,0.26159033436358525,1,1
101041020,Bega-Eden Hinterland,10104,South Coast,101,Capital Region,1RNSW,Rest of NSW,1,New South Wales,NSW,4709.8265,51,1300,603,265,1457,0.8,1220,2.4,3389,3699,0.9161935658286023,0.33166125700796695,0.42077308940690467,0.2655650634405429,0.10711124225435231,0.047506639126586016,3699,0.5374425520410921,0.3060286563936199,0.10813733441470667,1,1
101041021,Broulee - Tomakin,10104,South Coast,101,Capital Region,1RNSW,Rest of NSW,1,New South Wales,NSW,24.2329,52,1733,738,360,1761,0.7,1378,2.3,1393,1514,0.9200792602377807,0.2663316582914573,0.36109117013639624,0.33237616654702085,0.17516152189519024,0.08255563531945441,1514,0.4749009247027741,0.25429326287978865,0.19352708058124174,1,1
101041022,Deua - Wadbilliga,10104,South Coast,101,Capital Region,1RNSW,Rest of NSW,1,New South Wales,NSW,2781.9988,59,758,462,0,866,1.1,875,2.4,9,10,0.9,0.3333333333333333,1.0,0.0,0.0,0.0,10,1.2,0.0,0.0,0,0
101041023,Eden,10104,South Coast,101,Capital Region,1RNSW,Rest of NSW,1,New South Wales,NSW,94.8138,53,1517,573,270,1345,0.7,1013,2.2,1212,1378,0.8795355587808418,0.400990099009901,0.4909240924092409,0.21534653465346534,0.07425742574257425,0.02557755775577558,1378,0.4455732946298984,0.19593613933236576,0.29753265602322204,1,1
101041024,Eurobodalla Hinterland,10104,South Coast,101,Capital Region,1RNSW,Rest of NSW,1,New South Wales,NSW,1460.0118,53,1387,639,300,1502,0.8,1290,2.3,1237,1325,0.9335849056603773,0.29668552950687144,0.3904607922392886,0.2926434923201294,0.11721907841552143,0.05578011317704123,1325,0.5275471698113208,0.2807547169811321,0.12528301886792453,1,1
101041025,Merimbula - Tura Beach,10104,South Coast,101,Capital Region,1RNSW,Rest of NSW,1,New South Wales,NSW,97.3395,54,1600,679,340,1614,0.7,1235,2.1,4559,4863,0.9374871478511208,0.3191489361702128,0.4044746654968195,0.2895371792059662,0.12349199385830226,0.05593331871024348,4863,0.4926999794365618,0.2541640962368908,0.215916101172116,1,1
101041026,Moruya - Tuross Head,10104,South Coast,101,Capital Region,1RNSW,Rest of NSW,1,New South Wales,NSW,165.4118,56,1517,612,310,1451,0.7,1150,2.2,3341,3586,0.9316787506971556,0.3516911104459743,0.4405866507033822,0.25591140377132593,0.10445974259203832,0.04310086800359174,3586,0.5167317345231456,0.2573898494143893,0.18767428890128277,1,1
101041027,Narooma - Bermagui,10104,South Coast,101,Capital Region,1RNSW,Rest of NSW,1,New South Wales,NSW,252.652,59,1500,579,290,1342,0.7,1017,2.1,3922,4206,0.9324774132192106,0.3931667516573177,0.4946455889852116,0.2118816930137685,0.0815910249872514,0.036970933197348295,4206,0.5620542082738944,0.19923918212077985,0.20137898240608654,1,1
101051539,Goulburn,10105,Goulburn - Mulwaree,101,Capital Region,1RNSW,Rest of NSW,1,New South Wales,NSW,64.7865,40,1636,749,320,1911,0.7,1418,2.3,8873,9486,0.9353784524562513,0.29223486982982083,0.364251098839175,0.35219204327735826,0.15890904992674407,0.06728276794770653,9486,0.3299599409656336,0.30423782416192285,0.334809192494202,1,1
101051540,Goulburn Surrounds,10105,Goulburn - Mulwaree,101,Capital Region,1RNSW,Rest of NSW,1,New South Wales,NSW,9035.1222,48,1733,735,300,1922,0.7,1516,2.5,4658,5054,0.9216462208151959,0.270502361528553,0.34285100901674537,0.38986689566337485,0.2013739802490339,0.10283383426363246,5054,0.4845666798575386,0.3333992876929165,0.1260387811634349,1,1
101061541,Yass,10106,Young - Yass,101,Capital Region,1RNSW,Rest of NSW,1,New South Wales,NSW,99.7341,42,1773,867,340,2185,0.8,1739,2.5,2347,2524,0.9298732171156894,0.21389007243289304,0.28248828291435873,0.43289305496378355,0.2390285470813805,0.10694503621644652,2524,0.3312202852614897,0.39857369255150554,0.23494453248811412,1,1
101061542,Yass Surrounds,10106,Young - Yass,101,Capital Region,1RNSW,Rest of NSW,1,New South Wales,NSW,5680.5696,43,2275,1129,400,2916,0.8,2575,2.8,3878,4180,0.9277511961722488,0.12532233109850438,0.1629706034038164,0.6178442496132027,0.43424445590510574,0.2810727178958226,4180,0.3688995215311005,0.48564593301435405,0.09856459330143541,1,1
101061543,Young,10106,Young - Yass,101,Capital Region,1RNSW,Rest of NSW,1,New South Wales,NSW,505.753,42,1300,661,250,1526,0.7,1170,2.4,3850,4209,0.9147065811356617,0.3420779220779221,0.43532467532467534,0.27610389610389613,0.11584415584415585,0.051688311688311686,4209,0.3815633167023046,0.28652886671418387,0.2872416250890948,1,1
101061544,Young Surrounds,10106,Young - Yass,101,Capital Region,1RNSW,Rest of NSW,1,New South Wales,NSW,5849.8086,49,1083,646,220,1572,0.7,1169,2.3,2709,2990,0.9060200668896321,0.35105204872646734,0.4359542266519011,0.28313030638612036,0.12181616832779624,0.05906238464377999,2990,0.4765886287625418,0.2665551839464883,0.16722408026755853,1,1
102011028,Avoca Beach - Copacabana,10201,Gosford,102,Central Coast,1GSYD,Greater Sydney,1,New South Wales,NSW,6.4376,43,2438,915,520,2562,0.8,2276,2.8,2371,2530,0.9371541501976285,0.1425558835934205,0.18894981020666385,0.5622100379586672,0.37368199072121466,0.22901729228173767,2530,0.36798418972332014,0.42569169960474307,0.18893280632411066,1,1
102011029,Box Head - MacMasters Beach,10201,Gosford,102,Central Coast,1GSYD,Greater Sydney,1,New South Wales,NSW,32.0802,49,2167,780,450,2187,0.7,1775,2.5,3978,4221,0.9424307036247335,0.23906485671191555,0.30618401206636503,0.4482151835093012,0.27425842131724487,0.15535444947209653,4221,0.4906420279554608,0.35939350864724,0.11774461028192372,1,1
102011030,Calga - Kulnura,10201,Gosford,102,Central Coast,1GSYD,Greater Sydney,1,New South Wales,NSW,767.9512,48,2167,780,350,2102,0.8,1777,2.6,1487,1641,0.9061547836684948,0.22326832548755884,0.2898453261600538,0.4445191661062542,0.2649630127774042,0.16072629455279086,1641,0.4034125533211456,0.3229737964655698,0.20597196831200487,1,1
102011031,Erina - Green Point,10201,Gosford,102,Central Coast,1GSYD,Greater Sydney,1,New South Wales,NSW,33.7934,50,2167,692,410,2087,0.7,1434,2.4,5244,5609,0.9349260117668033,0.3093058733790999,0.37795575896262396,0.39569031273836763,0.2467581998474447,0.14664378337147216,5609,0.4453556783740417,0.3050454626493136,0.17133178819753966,1,1
102011032,Gosford - Springfield,10201,Gosford,102,Central Coast,1GSYD,Greater Sydney,1,New South Wales,NSW,16.9123,39,1885,796,390,1995,0.8,1460,2.2,8739,9219,0.9479336153595834,0.2792081473852844,0.3467215928595949,0.35976656368005494,0.17038562764618378,0.08124499370637372,9219,0.22692265972448206,0.2652131467621217,0.4768413059984814,1,1
102011033,Kariong,10201,Gosford,102,Central Coast,1GSYD,Greater Sydney,1,New South Wales,NSW,8.3063,36,2080,850,450,2352,0.8,2200,3.0,1969,2093,0.9407548972766364,0.1462671406805485,0.18943626206196038,0.5596749619095988,0.2915185373285932,0.13306246825799897,2093,0.24510272336359293,0.5117056856187291,0.22408026755852842,1,1
102011034,Kincumber - Picketts Valley,10201,Gosford,102,Central Coast,1GSYD,Greater Sydney,1,New South Wales,NSW,11.7169,47,2100,691,400,1952,0.8,1343,2.4,2795,3001,0.931356214595135,0.3262969588550984,0.39892665474060823,0.36493738819320215,0.19391771019677997,0.0962432915921288,3001,0.3208930356547817,0.3252249250249917,0.17660779740086638,1,1
102011035,Narara,10201,Gosford,102,Central Coast,1GSYD,Greater Sydney,1,New South Wales,NSW,7.7021,39,1993,814,420,2185,0.8,1950,2.8,2376,2509,0.9469908330011957,0.18855218855218855,0.2478956228956229,0.4861111111111111,0.24915824915824916,0.11195286195286196,2509,0.32044639298525307,0.4627341570346752,0.20007971303308092,1,1
102011036,Niagara Park - Lisarow,10201,Gosford,102,Central Coast,1GSYD,Greater Sydney,1,New South Wales,NSW,16.7316,40,2000,798,425,2287,0.8,1987,2.8,2628,2804,0.9372325249643366,0.19140030441400305,0.24429223744292236,0.4954337899543379,0.2785388127853881,0.1400304414003044,2804,0.31847360912981454,0.47788873038516405,0.17510699001426533,1,1
102011037,Point Clare - Koolewong,10201,Gosford,102,Central Coast,1GSYD,Greater Sydney,1,New South Wales,NSW,6.7794,46,2000,765,400,2264,0.8,1717,2.5,2419,2513,0.9625945085555113,0.2558908639933857,0.322860686233981,0.4381976023150062,0.2426622571310459,0.12773873501446878,2513,0.3728611221647433,0.36927974532431357,0.2395543175487465,1,1
102011038,Saratoga - Davistown,10201,Gosford,102,Central Coast,1GSYD,Greater Sydney,1,New South Wales,NSW,4.7683,45,2167,783,460,2144,0.8,1760,2.6,2539,2682,0.9466815809097688,0.22607325718786925,0.2898779046868846,0.4415124064592359,0.2461599054745963,0.13115399763686492,2682,0.38031319910514544,0.412751677852349,0.14914243102162567,1,1
102011039,Terrigal - North Avoca,10201,Gosford,102,Central Coast,1GSYD,Greater Sydney,1,New South Wales,NSW,10.4791,43,2500,933,520,2506,0.7,2130,2.6,5100,5438,0.9378447958808386,0.17254901960784313,0.2235294117647059,0.5256862745098039,0.3476470588235294,0.2143137254901961,5438,0.38966531813166605,0.3613460831187937,0.22747333578521514,1,1
102011040,Umina - Booker Bay - Patonga,10201,Gosford,102,Central Coast,1GSYD,Greater Sydney,1,New South Wales,NSW,25.2285,47,2080,678,400,1792,0.8,1329,2.2,9678,10267,0.9426317327359501,0.3126679065922711,0.3902665840049597,0.3305435007232899,0.16749328373630915,0.08638148377764,10267,0.37518262394078117,0.2576215057952664,0.3335930651602221,1,1
102011041,Wamberal - Forresters Beach,10201,Gosford,102,Central Coast,1GSYD,Greater Sydney,1,New South Wales,NSW,13.7221,42,2434,897,500,2520,0.8,2188,2.8,3437,3653,0.9408705173829729,0.17544370090194938,0.2365434972359616,0.5385510619726506,0.35234215885947046,0.2080302589467559,3653,0.3646318094716671,0.40843142622502054,0.15932110594032303,1,1
102011042,Woy Woy - Blackwall,10201,Gosford,102,Central Coast,1GSYD,Greater Sydney,1,New South Wales,NSW,17.3963,47,2000,642,380,1727,0.8,1261,2.2,5676,6092,0.9317137229152987,0.3426708949964764,0.4226568005637773,0.3095489781536293,0.1506342494714588,0.07399577167019028,6092,0.3442219304005253,0.2649376231122784,0.3532501641497045,1,1
102011043,Wyoming,10201,Gosford,102,Central Coast,1GSYD,Greater Sydney,1,New South Wales,NSW,8.381,41,1950,697,400,1900,0.8,1430,2.5,4068,4320,0.9416666666666667,0.2967059980334317,0.3684857423795477,0.3675024582104228,0.16052114060963618,0.06637168141592921,4320,0.2835648148148148,0.37916666666666665,0.24467592592592594,1,1
102021044,Bateau Bay - Killarney Vale,10202,Wyong,102,Central Coast,1GSYD,Greater Sydney,1,New South Wales,NSW,10.8595,41,2000,719,400,1947,0.8,1515,2.6,7812,8341,0.9365783479199137,0.26868919610855097,0.3399897593445981,0.38940092165898615,0.18394777265745008,0.07590885816692268,8341,0.3334132598009831,0.3776525596451265,0.24781201294808777,1,1
102021045,Blue Haven - San Remo,10202,Wyong,102,Central Coast,1GSYD,Greater Sydney,1,New South Wales,NSW,20.9795,34,1733,691,400,1647,0.8,1497,2.8,3666,3913,0.9368770764119602,0.24058919803600654,0.3153300600109111,0.34997272231314785,0.12356792144026187,0.044189852700491,3913,0.2568361870687452,0.40250447227191416,0.31689240991566575,1,1
102021046,Budgewoi - Buff Point - Halekulani,10202,Wyong,102,Central Coast,1GSYD,Greater Sydney,1,New South Wales,NSW,9.3297,45,1733,639,360,1569,0.8,1232,2.3,3668,3935,0.9321473951715374,0.33587786259541985,0.4173936750272628,0.29498364231188656,0.12104689203925845,0.04471101417666303,3935,0.40660736975857686,0.32579415501905973,0.23939008894536212,1,1
102021047,Chittaway Bay - Tumbi Umbi,10202,Wyong,102,Central Coast,1GSYD,Greater Sydney,1,New South Wales,NSW,24.4986,40,2000,787,425,2084,0.8,1803,2.7,5374,5708,0.9414856341976173,0.21473762560476367,0.27651656122069224,0.4536657982880536,0.22906587272050613,0.10588016375139561,5708,0.33076384022424665,0.44341275402943237,0.1769446391030133,1,1
102021048,Gorokan - Kanwal - Charmhaven,10202,Wyong,102,Central Coast,1GSYD,Greater Sydney,1,New South Wales,NSW,11.249,42,1700,625,360,1536,0.8,1239,2.4,7939,8559,0.9275616310316626,0.31679052777427885,0.409245496913969,0.2813956417684847,0.1112230759541504,0.04446403829197632,8559,0.32188339759317675,0.3153405771702302,0.32515480780465006,1,1
102021049,Jilliby - Yarramalong,10202,Wyong,102,Central Coast,1GSYD,Greater Sydney,1,New South Wales,NSW,346.7662,44,2600,861,440,2576,0.8,2575,3.1,945,1036,0.9121621621621622,0.1365079365079365,0.1746031746031746,0.6158730158730159,0.4148148148148148,0.2571428571428571,1036,0.40540540540540543,0.46814671814671815,0.0888030888030888,1,0
102021050,Lake Munmorah - Mannering Park,10202,Wyong,102,Central Coast,1GSYD,Greater Sydney,1,New South Wales,NSW,35.4946,52,1733,594,380,1449,0.7,1079,2.2,4298,4652,0.9239036973344797,0.3818054909260121,0.47417403443462075,0.25616565844578876,0.10190786412284783,0.043973941368078175,4652,0.5165520206362855,0.2824591573516767,0.17046431642304385,1,1
102021051,Ourimbah - Fountaindale,10202,Wyong,102,Central Coast,1GSYD,Greater Sydney,1,New South Wales,NSW,114.1172,40,2000,835,400,2263,0.8,2011,2.8,1594,1711,0.9316189362945646,0.1737766624843162,0.23337515683814303,0.5050188205771644,0.2848180677540778,0.1537013801756587,1711,0.34307422559906486,0.42840444184687315,0.2033898305084746,1,1
102021052,Summerland Point - Gwandalan,10202,Wyong,102,Central Coast,1GSYD,Greater Sydney,1,New South Wales,NSW,9.1793,45,1753,669,395,1701,0.7,1413,2.5,2320,2472,0.9385113268608414,0.29094827586206895,0.36681034482758623,0.3443965517241379,0.14870689655172414,0.0625,2472,0.39684466019417475,0.39037216828478966,0.19741100323624594,1,1
102021053,The Entrance,10202,Wyong,102,Central Coast,1GSYD,Greater Sydney,1,New South Wales,NSW,13.8576,48,1950,662,365,1626,0.8,1176,2.1,6524,6974,0.9354746200172067,0.34733292458614345,0.43868792152053954,0.27805027590435316,0.12660944206008584,0.0605456774984672,6974,0.33710926297677085,0.20519070834528247,0.42873530255233727,1,1
102021054,Toukley - Norah Head,10202,Wyong,102,Central Coast,1GSYD,Greater Sydney,1,New South Wales,NSW,10.5216,47,1950,639,350,1609,0.8,1157,2.2,3829,4151,0.9224283305227656,0.3619744058500914,0.4424131627056673,0.274745364324889,0.12979890310786105,0.05615043092191173,4151,0.37436762225969644,0.2500602264514575,0.3403999036376777,1,1
102021055,Tuggerah - Kangy Angy,10202,Wyong,102,Central Coast,1GSYD,Greater Sydney,1,New South Wales,NSW,27.8463,38,1866,784,425,2069,0.8,1795,2.7,1747,1858,0.9402583423035522,0.21236405266170577,0.2621637092157985,0.4470520892959359,0.21465369204350315,0.10532341156267888,1858,0.30193756727664156,0.38105489773950485,0.29117330462863295,1,1
102021056,Warnervale - Wadalba,10202,Wyong,102,Central Coast,1GSYD,Greater Sydney,1,New South Wales,NSW,42.89,35,2167,790,495,2168,0.8,2022,3.0,5899,6322,0.933090794052515,0.1849466011188337,0.2380064417697915,0.5078826919816918,0.2539413459908459,0.10595016104424479,6322,0.2469155330591585,0.41474217019930404,0.3127174944637773,1,1
102021057,Wyong,10202,Wyong,102,Central Coast,1GSYD,Greater Sydney,1,New South Wales,NSW,15.0334,40,1690,624,360,1538,0.8,1214,2.4,3223,3484,0.9250861079219288,0.3251628917157927,0.4219671113869066,0.28948184920881165,0.12659013341607198,0.05553831833695315,3484,0.2927669345579793,0.284443168771527,0.3932261768082664,1,1
103011059,Bathurst - East,10301,Bathurst,103,Central West,1RNSW,Rest of NSW,1,New South Wales,NSW,94.0342,36,1800,799,360,2073,0.7,1788,2.7,3879,4201,0.9233515829564389,0.208558906934777,0.2719773137406548,0.451405001288992,0.21680845578757413,0.09976798143851508,4201,0.3306355629611997,0.3949059747679124,0.24851225898595572,1,1
103011060,Bathurst Surrounds,10301,Bathurst,103,Central West,1RNSW,Rest of NSW,1,New South Wales,NSW,3798.2628,47,1863,824,273,2211,0.8,1835,2.6,2172,2372,0.9156829679595279,0.22467771639042358,0.2900552486187845,0.457182320441989,0.2523020257826888,0.12661141804788215,2372,0.46585160202360876,0.3962900505902192,0.08853288364249579,1,1
103011061,Oberon,10301,Bathurst,103,Central West,1RNSW,Rest of NSW,1,New South Wales,NSW,2972.3813,48,1517,735,280,1751,0.7,1381,2.3,1660,1795,0.924791086350975,0.3042168674698795,0.3783132530120482,0.3216867469879518,0.14096385542168674,0.05421686746987952,1795,0.42674094707520893,0.29526462395543174,0.22506963788300835,1,1
103011612,Bathurst - South,10301,Bathurst,103,Central West,1RNSW,Rest of NSW,1,New South Wales,NSW,37.4794,39,1430,704,295,1648,0.7,1198,2.0,4102,4376,0.9373857404021938,0.32008776206728423,0.4173573866406631,0.2691370063383715,0.10970258410531449,0.04729400292540224,4376,0.2755941499085923,0.17755941499085923,0.5107404021937842,1,1
103011613,Bathurst - West,10301,Bathurst,103,Central West,1RNSW,Rest of NSW,1,New South Wales,NSW,82.0252,37,1733,875,350,2141,0.7,1788,2.6,4857,5239,0.9270853216262646,0.2017706403129504,0.2606547251389747,0.44368952028000824,0.21803582458307597,0.101502985381923,5239,0.34605840809314753,0.37850734873067376,0.25768276388623784,1,1
103021062,Condobolin,10302,Lachlan Valley,103,Central West,1RNSW,Rest of NSW,1,New South Wales,NSW,15858.8502,41,867,645,180,1574,0.7,1208,2.4,2052,2291,0.8956787429070275,0.34941520467836257,0.4327485380116959,0.27631578947368424,0.11403508771929824,0.05165692007797271,2291,0.43125272806634657,0.23876036665211697,0.25796595373199477,1,1
103021063,Cowra,10302,Lachlan Valley,103,Central West,1RNSW,Rest of NSW,1,New South Wales,NSW,242.201,45,1213,607,230,1427,0.7,1078,2.3,3446,3760,0.9164893617021277,0.375507835171213,0.4698200812536274,0.23969820081253626,0.08676726639582125,0.04004643064422519,3760,0.4098404255319149,0.2550531914893617,0.2954787234042553,1,1
103021064,Cowra Surrounds,10302,Lachlan Valley,103,Central West,1RNSW,Rest of NSW,1,New South Wales,NSW,3037.1556,50,1164,601,210,1490,0.7,1157,2.3,2002,2187,0.9154092363968908,0.3661338661338661,0.44905094905094906,0.27472527472527475,0.12187812187812187,0.054945054945054944,2187,0.4983996342021033,0.2839506172839506,0.15592135345221764,1,1
103021065,Forbes,10302,Lachlan Valley,103,Central West,1RNSW,Rest of NSW,1,New South Wales,NSW,4598.0438,43,1257,714,230,1688,0.7,1257,2.3,3464,3805,0.9103810775295663,0.3253464203233256,0.40502309468822173,0.31437644341801385,0.14838337182448036,0.0701501154734411,3805,0.38633377135348224,0.29461235216819975,0.2614980289093298,1,1
103021066,Grenfell,10302,Lachlan Valley,103,Central West,1RNSW,Rest of NSW,1,New South Wales,NSW,3294.0766,52,953,575,198,1394,0.7,1043,2.2,1365,1497,0.9118236472945892,0.3868131868131868,0.4879120879120879,0.2205128205128205,0.0945054945054945,0.04908424908424908,1497,0.5156980627922512,0.24649298597194388,0.18303273213092852,1,1
103021067,Parkes (NSW),10302,Lachlan Valley,103,Central West,1RNSW,Rest of NSW,1,New South Wales,NSW,234.7555,39,1300,728,260,1854,0.7,1389,2.4,3864,4148,0.9315332690453231,0.29528985507246375,0.3752587991718426,0.3475672877846791,0.16097308488612835,0.06987577639751552,4148,0.33413693346190937,0.32690453230472516,0.29725168756027,1,1
103021068,Parkes Surrounds,10302,Lachlan Valley,103,Central West,1RNSW,Rest of NSW,1,New South Wales,NSW,5418.1649,45,1083,623,180,1556,0.7,1205,2.4,1072,1194,0.897822445561139,0.3292910447761194,0.4076492537313433,0.30223880597014924,0.13152985074626866,0.06063432835820896,1194,0.46733668341708545,0.24790619765494137,0.20268006700167504,1,1
103021069,West Wyalong,10302,Lachlan Valley,103,Central West,1RNSW,Rest of NSW,1,New South Wales,NSW,8317.473,43,1083,730,200,1810,0.7,1324,2.3,1896,2142,0.8851540616246498,0.314873417721519,0.39135021097046413,0.33122362869198313,0.14345991561181434,0.06223628691983123,2142,0.469187675070028,0.2698412698412698,0.1792717086834734,1,1
103031070,Lithgow,10303,Lithgow - Mudgee,103,Central West,1RNSW,Rest of NSW,1,New South Wales,NSW,119.9844,46,1462,610,270,1510,0.7,1088,2.2,4790,5149,0.9302777238298698,0.38183716075156576,0.46951983298538624,0.26576200417536533,0.125678496868476,0.06450939457202505,5149,0.390172849096912,0.260244707710235,0.2979219265876869,1,1
103031071,Lithgow Surrounds,10303,Lithgow - Mudgee,103,Central West,1RNSW,Rest of NSW,1,New South Wales,NSW,2514.0698,47,1517,671,270,1862,0.8,1393,2.4,2909,3169,0.9179551909119597,0.30663458233069785,0.37813681677552424,0.35854245445170163,0.17600550017188038,0.089377793056033,3169,0.4660776270116756,0.35342379299463555,0.1489428841905964,1,1
103031072,Mudgee,10303,Lithgow - Mudgee,103,Central West,1RNSW,Rest of NSW,1,New South Wales,NSW,65.8949,37,1733,786,363,2164,0.7,1742,2.5,4405,4727,0.9318806854241591,0.24290578887627695,0.31169125993189556,0.4438138479001135,0.22633371169125993,0.11782065834279228,4727,0.3109794795853607,0.3230378675692828,0.3357309075523588,1,1
103031073,Mudgee Surrounds - East,10303,Lithgow - Mudgee,103,Central West,1RNSW,Rest of NSW,1,New South Wales,NSW,2852.0843,53,1083,494,230,1324,0.7,890,2.1,1327,1459,0.9095270733379027,0.46571213262999245,0.557648831951771,0.2027128862094951,0.08138658628485305,0.03692539562923888,1459,0.5161069225496916,0.20287868403015763,0.20630568882796435,1,1
103031074,Mudgee Surrounds - West,10303,Lithgow - Mudgee,103,Central West,1RNSW,Rest of NSW,1,New South Wales,NSW,8043.8633,45,1651,664,280,1841,0.8,1414,2.5,3592,3975,0.9036477987421384,0.29983296213808464,0.3741648106904232,0.3660913140311804,0.18624721603563474,0.09214922048997773,3975,0.45031446540880504,0.34918238993710693,0.1479245283018868,1,1
103031075,Wollangambe - Wollemi,10303,Lithgow - Mudgee,103,Central West,1RNSW,Rest of NSW,1,New South Wales,NSW,2448.7276,0,0,0,0,0,0.0,0,0.0,0,0,,,,,,,0,,,,0,0
103041076,Blayney,10304,Orange,103,Central West,1RNSW,Rest of NSW,1,New South Wales,NSW,1642.6748,43,1517,765,270,1977,0.8,1548,2.5,2512,2772,0.9062049062049062,0.25557324840764334,0.32762738853503187,0.3960987261146497,0.1875,0.08519108280254777,2772,0.40115440115440115,0.3445165945165945,0.21572871572871574,1,1
103041077,Orange,10304,Orange,103,Central West,1RNSW,Rest of NSW,1,New South Wales,NSW,45.2499,40,1510,742,300,1838,0.7,1342,2.2,7024,7577,0.9270159693810215,0.29869020501138954,0.37912870159453305,0.3281605922551253,0.15802961275626423,0.07360478359908884,7577,0.32440279794113763,0.2717434340768114,0.3672957634947869,1,1
103041078,Orange - North,10304,Orange,103,Central West,1RNSW,Rest of NSW,1,New South Wales,NSW,99.5119,34,1777,930,375,2322,0.8,2002,2.7,7503,8037,0.9335572974990668,0.19205651072904173,0.24923363987738237,0.5001999200319872,0.2677595628415301,0.13154738104758096,8037,0.28343909418937413,0.39380365808137363,0.30048525569242257,1,1
103041079,Orange Surrounds,10304,Orange,103,Central West,1RNSW,Rest of NSW,1,New South Wales,NSW,4480.0956,43,1773,855,260,2185,0.8,1799,2.6,3785,4158,0.9102934102934103,0.2261558784676354,0.2842800528401585,0.45548216644649936,0.25733157199471596,0.14451783355350067,4158,0.4329004329004329,0.38047138047138046,0.13564213564213565,1,1
104011080,Grafton,10401,Clarence Valley,104,Coffs Harbour - Grafton,1RNSW,Rest of NSW,1,New South Wales,NSW,106.2537,43,1300,607,300,1413,0.7,1125,2.3,7072,7616,0.9285714285714286,0.35548642533936653,0.446408371040724,0.24377828054298642,0.09247737556561086,0.0376131221719457,7616,0.36607142857142855,0.27310924369747897,0.3293067226890756,1,1
104011081,Grafton Surrounds,10401,Clarence Valley,104,Coffs Harbour - Grafton,1RNSW,Rest of NSW,1,New South Wales,NSW,8445.891,49,1365,552,300,1430,0.8,1193,2.5,5341,5860,0.9114334470989761,0.33177307620295826,0.4278225051488485,0.27354428009736004,0.10878112712975098,0.04512263621044748,5860,0.5001706484641638,0.3412969283276451,0.1196245733788396,1,1
104011082,Maclean - Yamba - Iluka,10401,Clarence Valley,104,Coffs Harbour - Grafton,1RNSW,Rest of NSW,1,New South Wales,NSW,711.0493,55,1517,571,360,1359,0.7,1079,2.2,6720,7273,0.9239653512993262,0.3632440476190476,0.4668154761904762,0.23288690476190477,0.09642857142857143,0.04389880952380952,7273,0.5028186443008387,0.22246665750034375,0.23676612127045235,1,1
104021083,Bellingen,10402,Coffs Harbour,104,Coffs Harbour - Grafton,1RNSW,Rest of NSW,1,New South Wales,NSW,1001.0481,46,1517,647,370,1614,0.8,1317,2.5,2096,2264,0.9257950530035336,0.30438931297709926,0.3883587786259542,0.3062977099236641,0.13024809160305342,0.05438931297709924,2264,0.44787985865724383,0.3047703180212014,0.21113074204946997,1,1
104021084,Coffs Harbour - North,10402,Coffs Harbour,104,Coffs Harbour - Grafton,1RNSW,Rest of NSW,1,New South Wales,NSW,25.6688,42,1733,655,355,1556,0.8,1257,2.3,6627,7154,0.9263349175286553,0.32443036064584274,0.4072732759921533,0.2811226799456768,0.11875660178059454,0.05387052965142598,7154,0.3428850992451775,0.26279004752585966,0.3607771875873637,1,1
104021085,Coffs Harbour - South,10402,Coffs Harbour,104,Coffs Harbour - Grafton,1RNSW,Rest of NSW,1,New South Wales,NSW,33.6996,45,1733,648,360,1568,0.8,1219,2.3,3999,4301,0.9297837712159963,0.3365841460365091,0.41385346336584145,0.2728182045511378,0.12378094523630907,0.058014503625906474,4301,0.328760753313183,0.21994884910485935,0.4143222506393862,1,1
104021086,Coramba - Nana Glen - Bucca,10402,Coffs Harbour,104,Coffs Harbour - Grafton,1RNSW,Rest of NSW,1,New South Wales,NSW,363.909,44,1733,723,365,1887,0.8,1676,2.7,1185,1333,0.8889722430607652,0.23122362869198312,0.29282700421940927,0.4092827004219409,0.17890295358649788,0.07932489451476793,1333,0.3765941485371343,0.4156039009752438,0.16429107276819205,1,1
104021087,Dorrigo,10402,Coffs Harbour,104,Coffs Harbour - Grafton,1RNSW,Rest of NSW,1,New South Wales,NSW,1987.6714,54,1200,532,280,1275,0.8,939,2.1,1239,1373,0.9024034959941734,0.4245359160613398,0.5286521388216303,0.18321226795803067,0.06537530266343826,0.029055690072639227,1373,0.5367807720320467,0.22359796067006554,0.1798980335032775,1,1
104021088,Korora - Emerald Beach,10402,Coffs Harbour,104,Coffs Harbour - Grafton,1RNSW,Rest of NSW,1,New South Wales,NSW,57.6882,43,2000,848,458,2066,0.8,1883,2.7,3403,3666,0.9282596835788325,0.18424919188950925,0.24390243902439024,0.47046723479282987,0.26388480752277405,0.13546870408463121,3666,0.4094380796508456,0.3750681942171304,0.19939989088925258,1,1
104021089,Sawtell - Boambee,10402,Coffs Harbour,104,Coffs Harbour - Grafton,1RNSW,Rest of NSW,1,New South Wales,NSW,118.2251,45,1700,683,370,1690,0.8,1352,2.4,7194,7713,0.9327110073901206,0.294968028912983,0.3758687795385043,0.3284681679177092,0.14234083958854601,0.06324715040311371,7713,0.37158044859328404,0.31336704265525733,0.26837806301050177,1,1
104021090,Urunga,10402,Coffs Harbour,104,Coffs Harbour - Grafton,1RNSW,Rest of NSW,1,New South Wales,NSW,108.4124,53,1680,603,350,1447,0.8,1178,2.3,1797,1966,0.9140386571719227,0.3427935447968837,0.431274346132443,0.2676683361157485,0.11741791875347801,0.047857540345019475,1966,0.4811800610376399,0.25025432349949134,0.24211597151576805,1,1
104021091,Woolgoolga - Arrawarra,10402,Coffs Harbour,104,Coffs Harbour - Grafton,1RNSW,Rest of NSW,1,New South Wales,NSW,270.2411,43,1733,674,380,1602,0.8,1346,2.5,4981,5365,0.9284249767008388,0.2943184099578398,0.378839590443686,0.3232282674161815,0.1377233487251556,0.05982734390684601,5365,0.4199440820130475,0.29319664492078285,0.2482758620689655,1,1
105011092,Bourke - Brewarrina,10501,Bourke - Cobar - Coonamble,105,Far West and Orana,1RNSW,Rest of NSW,1,New South Wales,NSW,56841.5222,36,867,770,160,1685,0.8,1358,2.4,993,1149,0.8642297650130548,0.30614300100704933,0.38872104733131924,0.3504531722054381,0.18026183282980865,0.09264853977844914,1149,0.29765013054830286,0.18450826805918188,0.40557006092254133,1,0
105011093,Cobar,10501,Bourke - Cobar - Coonamble,105,Far West and Orana,1RNSW,Rest of NSW,1,New South Wales,NSW,45551.398,37,1098,880,190,2232,0.7,1702,2.3,1261,1438,0.8769123783031989,0.2640761300555115,0.3251387787470262,0.4329896907216495,0.2386994448850119,0.11498810467882632,1438,0.34909596662030595,0.2663421418636996,0.32614742698191934,1,1
105011094,Coonamble,10501,Bourke - Cobar - Coonamble,105,Far West and Orana,1RNSW,Rest of NSW,1,New South Wales,NSW,12142.3532,38,867,675,190,1580,0.8,1261,2.4,1227,1359,0.9028697571743929,0.3382233088834556,0.41972290138549306,0.29095354523227385,0.1263243683781581,0.06275468622656886,1359,0.38704930095658574,0.22737306843267108,0.29286239882266374,1,1
105011095,Nyngan - Warren,10501,Bourke - Cobar - Coonamble,105,Far West and Orana,1RNSW,Rest of NSW,1,New South Wales,NSW,21216.0023,44,1083,750,200,1816,0.7,1347,2.4,1524,1745,0.873352435530086,0.3038057742782152,0.38648293963254593,0.33070866141732286,0.15879265091863518,0.07808398950131233,1745,0.4177650429799427,0.2303724928366762,0.25959885386819487,1,1
105011096,Walgett - Lightning Ridge,10501,Bourke - Cobar - Coonamble,105,Far West and Orana,1RNSW,Rest of NSW,1,New South Wales,NSW,27011.1328,44,852,547,179,1353,0.8,991,2.2,1591,1765,0.9014164305949008,0.40917661847894404,0.5053425518541798,0.2382149591451917,0.10685103708359522,0.05091137649277184,1765,0.40793201133144474,0.14674220963172804,0.31444759206798867,1,1
105021097,Broken Hill,10502,Broken Hill and Far West,105,Far West and Orana,1RNSW,Rest of NSW,1,New South Wales,NSW,170.1153,44,867,647,220,1623,0.7,1173,2.2,6691,7308,0.9155719759168035,0.3579435062023614,0.44193693020475266,0.2917351666417576,0.13361231505006727,0.05529816170975938,7308,0.4202244116037219,0.30035577449370554,0.2383689107827039,1,1
105021098,Far West,10502,Broken Hill and Far West,105,Far West and Orana,1RNSW,Rest of NSW,1,New South Wales,NSW,146684.7317,43,932,583,150,1288,0.8,1103,2.4,677,776,0.8724226804123711,0.36484490398818314,0.4638109305760709,0.2776957163958641,0.12850812407680945,0.06794682422451995,776,0.42396907216494845,0.10438144329896908,0.31056701030927836,1,0
105031099,Coonabarabran,10503,Dubbo,105,Far West and Orana,1RNSW,Rest of NSW,1,New South Wales,NSW,10474.1331,50,871,557,200,1382,0.7,1079,2.3,2623,2878,0.9113968033356498,0.38429279451010295,0.4696911932901258,0.23637056805184903,0.09264201296225696,0.046511627906976744,2878,0.490271021542738,0.23558026407227242,0.20222376650451704,1,1
105031100,Dubbo - East,10503,Dubbo,105,Far West and Orana,1RNSW,Rest of NSW,1,New South Wales,NSW,87.6912,35,1517,850,295,1987,0.8,1679,2.6,3348,3661,0.9145042338158973,0.20908004778972522,0.28166069295101553,0.4163679808841099,0.18847072879330945,0.08542413381123058,3661,0.2712373668396613,0.3419830647364108,0.362469270691068,1,1
105031101,Dubbo - South,10503,Dubbo,105,Far West and Orana,1RNSW,Rest of NSW,1,New South Wales,NSW,25.4336,35,1567,896,320,2077,0.8,1662,2.4,6777,7345,0.9226684819605173,0.23328906595838866,0.29526339088092074,0.4137523978161428,0.18857901726427623,0.08396045447838277,7345,0.2678012253233492,0.32294077603812116,0.37181756296800544,1,1
105031102,Dubbo - West,10503,Dubbo,105,Far West and Orana,1RNSW,Rest of NSW,1,New South Wales,NSW,69.436,34,1517,850,320,1949,0.8,1626,2.6,3225,3572,0.9028555431131019,0.2288372093023256,0.30387596899224806,0.408062015503876,0.19968992248062015,0.10263565891472869,3572,0.27547592385218367,0.3583426651735722,0.3093505039193729,1,1
105031103,Dubbo Surrounds,10503,Dubbo,105,Far West and Orana,1RNSW,Rest of NSW,1,New South Wales,NSW,4128.5682,42,1733,863,265,2154,0.8,1952,2.8,1691,1900,0.89,0.1868716735659373,0.24719101123595505,0.48492016558249557,0.25901833234772326,0.140153755174453,1900,0.4189473684210526,0.4378947368421053,0.09368421052631579,1,1
105031104,Gilgandra,10503,Dubbo,105,Far West and Orana,1RNSW,Rest of NSW,1,New South Wales,NSW,5393.4381,46,1083,633,200,1385,0.7,1151,2.3,1461,1629,0.8968692449355433,0.351129363449692,0.4401095140314853,0.2539356605065024,0.10198494182067078,0.039014373716632446,1629,0.4125230202578269,0.24984653161448742,0.234499693063229,1,1
105031105,Narromine,10503,Dubbo,105,Far West and Orana,1RNSW,Rest of NSW,1,New South Wales,NSW,5956.2535,41,1200,722,240,1732,0.7,1319,2.5,1999,2248,0.8892348754448398,0.31615807903951976,0.3936968484242121,0.3291645822911456,0.1470735367683842,0.07153576788394198,2248,0.422153024911032,0.28825622775800713,0.23754448398576514,1,1
105031106,Wellington,10503,Dubbo,105,Far West and Orana,1RNSW,Rest of NSW,1,New South Wales,NSW,3603.4369,41,1100,617,230,1444,0.7,1153,2.4,2638,2938,0.8978897208985704,0.3567096285064443,0.4488248673237301,0.25815011372251706,0.11258529188779379,0.04094010614101592,2938,0.4012933968686181,0.2838665759019741,0.2597004765146358,1,1
106011107,Branxton - Greta - Pokolbin,10601,Lower Hunter,106,Hunter Valley exc Newcastle,1RNSW,Rest of NSW,1,New South Wales,NSW,392.2862,36,1950,897,400,2360,0.8,2128,2.8,4089,4427,0.9236503275355772,0.16287600880410857,0.21887992174125703,0.5350941550501345,0.3003179261433113,0.15138175593054537,4427,0.28439123559972895,0.48068669527896996,0.21278518183871697,1,1
106011108,Cessnock,10601,Lower Hunter,106,Hunter Valley exc Newcastle,1RNSW,Rest of NSW,1,New South Wales,NSW,68.9812,39,1517,611,320,1533,0.8,1258,2.5,7701,8269,0.9313097109686782,0.3165822620438904,0.40890793403454095,0.29905207115958965,0.12712634722763277,0.055577197766523825,8269,0.3172088523400653,0.3114040391824888,0.33825130003628007,1,1
106011109,Cessnock Surrounds,10601,Lower Hunter,106,Hunter Valley exc Newcastle,1RNSW,Rest of NSW,1,New South Wales,NSW,1570.4345,42,1829,728,360,2039,0.8,1814,2.8,2870,3111,0.9225329476052716,0.21846689895470384,0.2787456445993031,0.45714285714285713,0.23832752613240418,0.11742160278745645,3111,0.4095146255223401,0.4603021536483446,0.09932497589199614,1,1
106011110,Dungog,10601,Lower Hunter,106,Hunter Valley exc Newcastle,1RNSW,Rest of NSW,1,New South Wales,NSW,2249.9983,46,1820,710,300,1856,0.8,1485,2.5,3270,3578,0.9139183901621017,0.26269113149847095,0.3327217125382263,0.37767584097859325,0.19327217125382262,0.09571865443425076,3578,0.4183901621017328,0.3893236444941308,0.14980435997764113,1,1
106011111,Kurri Kurri - Abermain,10601,Lower Hunter,106,Hunter Valley exc Newcastle,1RNSW,Rest of NSW,1,New South Wales,NSW,90.6145,35,1603,699,345,1762,0.8,1464,2.6,6978,7521,0.9278021539688871,0.26655202063628547,0.34035540269418174,0.3578389223273144,0.14502722843221552,0.05460017196904557,7521,0.29743385188139876,0.39170323095333065,0.28719585161547667,1,1
106011112,Singleton,10601,Lower Hunter,106,Hunter Valley exc Newcastle,1RNSW,Rest of NSW,1,New South Wales,NSW,127.2317,34,1760,823,330,2279,0.8,1935,2.6,5579,6020,0.9267441860465117,0.21939415665889944,0.27280874708729164,0.4861086216167772,0.27012009320666786,0.13586664276752106,6020,0.2898671096345515,0.39800664451827245,0.2877076411960133,1,1
106011113,Singleton Surrounds,10601,Lower Hunter,106,Hunter Valley exc Newcastle,1RNSW,Rest of NSW,1,New South Wales,NSW,4067.2348,42,2167,778,360,2248,0.8,2034,2.8,1564,1733,0.9024812463935372,0.19820971867007672,0.2557544757033248,0.5076726342710998,0.3037084398976982,0.16304347826086957,1733,0.3912290825158684,0.3912290825158684,0.17484131563762262,1,1
106021114,Maitland,10602,Maitland,106,Hunter Valley exc Newcastle,1RNSW,Rest of NSW,1,New South Wales,NSW,32.0793,34,1872,829,390,2087,0.8,1756,2.6,2924,3130,0.934185303514377,0.210328317373461,0.2807797537619699,0.4370725034199726,0.20998632010943913,0.09439124487004104,3130,0.23450479233226837,0.3853035143769968,0.35047923322683705,1,1
106021116,Maitland - North,10602,Maitland,106,Hunter Valley exc Newcastle,1RNSW,Rest of NSW,1,New South Wales,NSW,70.5478,38,2167,921,420,2552,0.8,2285,2.9,2756,2944,0.936141304347826,0.1549346879535559,0.19992743105950653,0.5729317851959361,0.35377358490566035,0.19013062409288825,2944,0.3773777173913043,0.47214673913043476,0.13145380434782608,1,1
106021614,East Maitland - Metford,10602,Maitland,106,Hunter Valley exc Newcastle,1RNSW,Rest of NSW,1,New South Wales,NSW,21.6762,39,1733,763,350,1990,0.8,1590,2.5,6406,6833,0.9375091467876482,0.24555104589447393,0.32048079925070244,0.3968154854823603,0.1929441148922885,0.09366219169528567,6833,0.2913800673203571,0.34216303234304113,0.3396751061027367,1,1
106021615,Rutherford (North) - Aberglasslyn,10602,Maitland,106,Hunter Valley exc Newcastle,1RNSW,Rest of NSW,1,New South Wales,NSW,136.1326,35,1869,788,400,2079,0.8,1835,2.8,5659,6140,0.9216612377850163,0.20180243859339106,0.2733698533309772,0.4576780349885139,0.21911998586322673,0.10125463862873299,6140,0.25667752442996744,0.40244299674267103,0.29739413680781757,1,1
106021616,Rutherford (South) - Telarah,10602,Maitland,106,Hunter Valley exc Newcastle,1RNSW,Rest of NSW,1,New South Wales,NSW,39.3028,34,1647,724,330,1786,0.8,1470,2.5,2783,3012,0.9239707835325365,0.2662594322673374,0.3359683794466403,0.3496227093065038,0.12432626661875673,0.044556234279554435,3012,0.25232403718459495,0.38313413014608233,0.3339973439575033,1,1
106021617,Tenambit - East Maitland,10602,Maitland,106,Hunter Valley exc Newcastle,1RNSW,Rest of NSW,1,New South Wales,NSW,17.2818,41,1733,742,360,1904,0.7,1426,2.4,3832,4089,0.9371484470530692,0.2831419624217119,0.35934237995824636,0.36247390396659707,0.17484342379958245,0.07646137787056367,4089,0.3343115676204451,0.3235509904622157,0.28270970897529957,1,1
106021618,Thornton - Millers Forest,10602,Maitland,106,Hunter Valley exc Newcastle,1RNSW,Rest of NSW,1,New South Wales,NSW,63.0964,33,2015,941,420,2350,0.8,2209,2.9,4978,5331,0.9337835302945039,0.13539574126155082,0.180996384089996,0.5642828445158699,0.2864604258738449,0.12354359180393733,5331,0.23372725567435754,0.455074094916526,0.2941286812980679,1,1
106031119,Anna Bay,10603,Port Stephens,106,Hunter Valley exc Newcastle,1RNSW,Rest of NSW,1,New South Wales,NSW,68.05,52,1842,627,400,1569,0.7,1283,2.4,2352,2519,0.9337038507344184,0.3278061224489796,0.39965986394557823,0.3163265306122449,0.1483843537414966,0.06845238095238096,2519,0.5224295355299722,0.28225486304088926,0.16355696705041683,1,1
106031120,Lemon Tree Passage - Tanilba Bay,10603,Port Stephens,106,Hunter Valley exc Newcastle,1RNSW,Rest of NSW,1,New South Wales,NSW,29.9822,50,1517,562,365,1365,0.7,1111,2.3,2594,2766,0.9378163412870572,0.3515805705474171,0.4518118735543562,0.24787972243639167,0.09637625289128758,0.03700848111025443,2766,0.4309472161966739,0.2856109906001446,0.25849602313810555,1,1
106031121,Nelson Bay Peninsula,10603,Port Stephens,106,Hunter Valley exc Newcastle,1RNSW,Rest of NSW,1,New South Wales,NSW,47.4762,55,1861,648,390,1600,0.7,1267,2.2,8503,9176,0.9266564952048822,0.314712454427849,0.40068211219569566,0.30483358814536043,0.1443020110549218,0.07538515817946607,9176,0.4657802964254577,0.2318003487358326,0.2529424585876199,1,1
106031122,Raymond Terrace,10603,Port Stephens,106,Hunter Valley exc Newcastle,1RNSW,Rest of NSW,1,New South Wales,NSW,109.4864,38,1517,650,320,1521,0.8,1272,2.5,5105,5539,0.9216465065896371,0.3012732615083252,0.38511263467189033,0.28344760039177275,0.1069539666993144,0.039569049951028404,5539,0.2796533670337606,0.304567611482217,0.3872540169705723,1,1
106031123,Seaham - Woodville,10603,Port Stephens,106,Hunter Valley exc Newcastle,1RNSW,Rest of NSW,1,New South Wales,NSW,247.4836,42,2167,876,380,2468,0.8,2327,3.0,1636,1801,0.9083842309827873,0.1271393643031785,0.17665036674816625,0.5751833740831296,0.35513447432762835,0.18887530562347188,1801,0.413659078289839,0.5036091060521932,0.06607440310938367,1,1
106031124,Tea Gardens - Hawks Nest,10603,Port Stephens,106,Hunter Valley exc Newcastle,1RNSW,Rest of NSW,1,New South Wales,NSW,204.3164,65,1600,552,350,1255,0.6,1036,2.0,2434,2604,0.934715821812596,0.37838948233360725,0.48726376335250615,0.20008216926869352,0.0961380443714051,0.04560394412489729,2604,0.5364823348694316,0.17012288786482335,0.15552995391705068,1,1
106031125,Williamtown - Medowie - Karuah,10603,Port Stephens,106,Hunter Valley exc Newcastle,1RNSW,Rest of NSW,1,New South Wales,NSW,365.182,40,1900,752,400,2019,0.8,1763,2.8,4724,5155,0.9163918525703201,0.21083827265029637,0.2787891617273497,0.44072819644369177,0.21867061812023708,0.08954276037256562,5155,0.35557710960232786,0.41493695441319106,0.205819592628516,1,1
106041126,Muswellbrook,10604,Upper Hunter,106,Hunter Valley exc Newcastle,1RNSW,Rest of NSW,1,New South Wales,NSW,262.3964,35,1517,759,310,1953,0.7,1603,2.5,4161,4545,0.9155115511551155,0.25739005046863733,0.32828646959865415,0.403268445085316,0.2009132420091324,0.09757269887046383,4545,0.2633663366336634,0.3282728272827283,0.3801980198019802,1,1
106041127,Muswellbrook Surrounds,10604,Upper Hunter,106,Hunter Valley exc Newcastle,1RNSW,Rest of NSW,1,New South Wales,NSW,3142.4877,42,1733,800,280,2210,0.7,1741,2.5,1325,1459,0.90815627141878,0.24830188679245283,0.30792452830188677,0.4437735849056604,0.259622641509434,0.12377358490566037,1459,0.35161069225496916,0.343385880740233,0.2227553118574366,1,1
106041128,Scone,10604,Upper Hunter,106,Hunter Valley exc Newcastle,1RNSW,Rest of NSW,1,New South Wales,NSW,118.5743,39,1625,805,290,2061,0.7,1526,2.4,2151,2352,0.9145408163265306,0.2673175267317527,0.32496513249651326,0.399814039981404,0.21292422129242214,0.09809390980939098,2352,0.320578231292517,0.3405612244897959,0.29804421768707484,1,1
106041129,Scone Surrounds,10604,Upper Hunter,106,Hunter Valley exc Newcastle,1RNSW,Rest of NSW,1,New South Wales,NSW,7948.9584,44,1500,706,250,1794,0.7,1362,2.4,2853,3147,0.9065776930409915,0.3073957237995093,0.37960042060988436,0.34735366281107605,0.1598317560462671,0.07255520504731862,3147,0.4026056561804894,0.30409914204003813,0.1992373689227836,1,1
107011131,Dapto - Avondale,10701,Dapto - Port Kembla,107,Illawarra,1RNSW,Rest of NSW,1,New South Wales,NSW,56.6003,41,1950,670,390,1782,0.8,1445,2.5,8625,9127,0.9449983565245973,0.27756521739130435,0.35246376811594204,0.35942028985507246,0.16092753623188405,0.06504347826086956,9127,0.37186370110660677,0.36386545414703625,0.2369891530623425,1,1
107011132,Horsley - Kembla Grange,10701,Dapto - Port Kembla,107,Illawarra,1RNSW,Rest of NSW,1,New South Wales,NSW,44.2402,34,2186,893,500,2404,0.8,2286,3.0,3669,3895,0.9419768934531451,0.13191605342055057,0.1749795584627964,0.5889888252929953,0.3085309348596348,0.1256473153447806,3895,0.2639281129653402,0.5545571245186136,0.16456996148908856,1,1
107011133,Port Kembla Industrial,10701,Dapto - Port Kembla,107,Illawarra,1RNSW,Rest of NSW,1,New South Wales,NSW,12.939,58,0,537,0,0,0.0,0,0.0,0,0,,,,,,,0,,,,0,0
107011134,Unanderra - Mount Kembla,10701,Dapto - Port Kembla,107,Illawarra,1RNSW,Rest of NSW,1,New South Wales,NSW,25.1483,41,2080,763,355,2274,0.8,1920,2.7,5080,5367,0.946525060555245,0.2279527559055118,0.28818897637795277,0.4830708661417323,0.2748031496062992,0.1437007874015748,5367,0.3661263275572946,0.368921185019564,0.23458170299981368,1,1
107011545,Berkeley - Lake Heights - Cringila,10701,Dapto - Port Kembla,107,Illawarra,1RNSW,Rest of NSW,1,New South Wales,NSW,12.5307,39,1764,560,350,1522,0.8,1251,2.6,4806,5133,0.9362945645821157,0.3349979192675822,0.41593841032043277,0.29317519766957967,0.12359550561797752,0.04972950478568456,5133,0.34911357880381844,0.28034287940775376,0.33489187609585036,1,1
107011546,Port Kembla - Warrawong,10701,Dapto - Port Kembla,107,Illawarra,1RNSW,Rest of NSW,1,New South Wales,NSW,6.9708,42,1820,551,300,1466,0.8,1108,2.4,3564,3791,0.9401213400158269,0.38159371492704824,0.4624017957351291,0.2738496071829405,0.12401795735129069,0.05667789001122334,3791,0.35214982854128196,0.20891585333685045,0.40305987865998416,1,1
107011547,Windang - Primbee,10701,Dapto - Port Kembla,107,Illawarra,1RNSW,Rest of NSW,1,New South Wales,NSW,5.5883,51,1929,609,345,1693,0.8,1036,2.2,1709,1822,0.937980241492865,0.409011117612639,0.4885898186073727,0.2896430661205383,0.1398478642480983,0.06904622586307782,1822,0.48902305159165754,0.23545554335894622,0.24588364434687157,1,1
107021135,Illawarra Catchment Reserve,10702,Illawarra Catchment Reserve,107,Illawarra,1RNSW,Rest of NSW,1,New South Wales,NSW,744.3423,38,1595,1749,270,3249,0.6,3249,2.5,0,0,,,,,,,0,,,,0,0
107031136,Albion Park - Macquarie Pass,10703,Kiama - Shellharbour,107,Illawarra,1RNSW,Rest of NSW,1,New South Wales,NSW,75.1254,34,2167,869,480,2240,0.8,2088,2.9,5992,6404,0.9356652092442224,0.16038050734312417,0.2167890520694259,0.5265353805073432,0.2628504672897196,0.1009679572763685,6404,0.2807620237351655,0.5226420986883198,0.18176139912554654,1,1
107031137,Albion Park Rail,10703,Kiama - Shellharbour,107,Illawarra,1RNSW,Rest of NSW,1,New South Wales,NSW,7.1682,41,1820,636,390,1645,0.8,1411,2.5,2424,2567,0.9442929489676666,0.2896039603960396,0.37004950495049505,0.33044554455445546,0.12912541254125412,0.05033003300330033,2567,0.33852746396571876,0.366186209583171,0.2645111024542267,1,1
107031138,Kiama,10703,Kiama - Shellharbour,107,Illawarra,1RNSW,Rest of NSW,1,New South Wales,NSW,13.8553,51,2167,794,480,2030,0.7,1589,2.3,3336,3559,0.9373419499859511,0.24880095923261392,0.3129496402877698,0.4064748201438849,0.223621103117506,0.1288968824940048,3559,0.4610845743186288,0.2646810901938747,0.214667041303737,1,1
107031139,Kiama Downs - Minnamurra,10703,Kiama - Shellharbour,107,Illawarra,1RNSW,Rest of NSW,1,New South Wales,NSW,7.261,44,2300,867,490,2346,0.8,2053,2.7,1978,2100,0.9419047619047619,0.16228513650151669,0.23255813953488372,0.5096056622851365,0.2982810920121335,0.16127401415571285,2100,0.4738095238095238,0.3780952380952381,0.13380952380952382,1,1
107031140,Kiama Hinterland - Gerringong,10703,Kiama - Shellharbour,107,Illawarra,1RNSW,Rest of NSW,1,New South Wales,NSW,222.2611,48,2167,836,500,2304,0.8,1985,2.6,2689,2915,0.9224699828473414,0.18185198958720714,0.2432130903681666,0.4968389735961324,0.2993677947192265,0.17329862402380067,2915,0.4888507718696398,0.2998284734133791,0.16500857632933105,1,1
107031141,Shellharbour - Flinders,10703,Kiama - Shellharbour,107,Illawarra,1RNSW,Rest of NSW,1,New South Wales,NSW,49.5813,39,2200,841,510,2380,0.8,2127,2.8,6199,6609,0.9379633832652443,0.17857718986933377,0.23987739958057752,0.5276657525407323,0.3129537022100339,0.15841264720116147,6609,0.34059615675593885,0.39627780299591464,0.23755484944772282,1,1
107031142,Shellharbour - Oak Flats,10703,Kiama - Shellharbour,107,Illawarra,1RNSW,Rest of NSW,1,New South Wales,NSW,6.051,43,1950,692,425,1846,0.8,1478,2.5,3745,3967,0.9440383161078901,0.2619492656875834,0.33564753004005343,0.37970627503337784,0.1903871829105474,0.08704939919893191,3967,0.40131081421729264,0.30148726997731284,0.2631711620872196,1,1
107031143,Warilla,10703,Kiama - Shellharbour,107,Illawarra,1RNSW,Rest of NSW,1,New South Wales,NSW,9.4949,43,1820,587,350,1484,0.8,1191,2.4,7434,7993,0.9300638058301013,0.34732311003497446,0.43422114608555284,0.28329297820823246,0.11783696529459241,0.047484530535377996,7993,0.3534342549731015,0.25046916051545104,0.36444388840235203,1,1
107041144,Balgownie - Fairy Meadow,10704,Wollongong,107,Illawarra,1RNSW,Rest of NSW,1,New South Wales,NSW,12.2638,40,2219,728,380,2190,0.8,1635,2.5,7698,8174,0.941766576951309,0.26955053260587164,0.33593141075604055,0.4268641205507924,0.2504546635489738,0.1322421408157963,8174,0.38182040616589186,0.2723268901394666,0.31306581844873993,1,1
107041145,Corrimal - Tarrawanna - Bellambi,10704,Wollongong,107,Illawarra,1RNSW,Rest of NSW,1,New South Wales,NSW,11.0648,41,2167,737,330,2002,0.8,1431,2.3,6104,6536,0.9339045287637698,0.2983289646133683,0.3697575360419397,0.3722149410222805,0.19708387942332897,0.09370904325032765,6536,0.30354957160342716,0.2821297429620563,0.38479192166462667,1,1
107041146,Figtree - Keiraville,10704,Wollongong,107,Illawarra,1RNSW,Rest of NSW,1,New South Wales,NSW,18.8129,36,2250,746,410,2387,0.8,1938,2.7,7262,7713,0.9415272915856346,0.2174332139906362,0.2725144588267695,0.48870834480859265,0.2915174882952355,0.15932250068851556,7713,0.38311940879035394,0.3448722935304032,0.24504084014002334,1,1
107041147,Helensburgh,10704,Wollongong,107,Illawarra,1RNSW,Rest of NSW,1,New South Wales,NSW,154.8373,39,2512,1005,530,2777,0.9,2542,2.9,2804,2994,0.9365397461589846,0.13052781740370897,0.17403708987161198,0.62660485021398,0.3930099857346648,0.22075606276747503,2994,0.3293253173012692,0.49298597194388777,0.15130260521042085,1,1
107041148,Thirroul - Austinmer - Coalcliff,10704,Wollongong,107,Illawarra,1RNSW,Rest of NSW,1,New South Wales,NSW,16.1558,43,2600,1014,550,2839,0.8,2423,2.7,3981,4220,0.9433649289099526,0.14770158251695553,0.1956794775182115,0.5930670685757348,0.41044963576990706,0.27480532529515195,4220,0.41753554502369666,0.37298578199052135,0.18507109004739336,1,1
107041150,Woonona - Bulli - Russell Vale,10704,Wollongong,107,Illawarra,1RNSW,Rest of NSW,1,New South Wales,NSW,15.7847,41,2349,843,390,2496,0.8,1968,2.6,7134,7572,0.9421553090332805,0.2321278385197645,0.2895991028875806,0.4935520044855621,0.3127277824502383,0.1822259601906364,7572,0.3629160063391442,0.3823296354992076,0.23283148441627047,1,1
107041548,Wollongong - East,10704,Wollongong,107,Illawarra,1RNSW,Rest of NSW,1,New South Wales,NSW,5.5039,36,1987,892,410,2098,0.9,1578,1.9,7394,7790,0.949165596919127,0.2453340546388964,0.30862861779821477,0.3900459832296457,0.18839599675412497,0.09805247497971328,7790,0.24801026957637998,0.17265725288831835,0.5418485237483954,1,1
107041549,Wollongong - West,10704,Wollongong,107,Illawarra,1RNSW,Rest of NSW,1,New South Wales,NSW,5.6592,34,2000,755,380,2082,0.9,1595,2.4,6069,6539,0.9281235662945404,0.24847586093260834,0.31718569780853517,0.4005602240896359,0.21272038227055529,0.10644257703081232,6539,0.25967273283376663,0.24973237498088394,0.46444410460315033,1,1
108011151,Bulahdelah - Stroud,10801,Great Lakes,108,Mid North Coast,1RNSW,Rest of NSW,1,New South Wales,NSW,2334.0245,51,1538,577,300,1449,0.8,1189,2.4,1760,1954,0.9007164790174002,0.35397727272727275,0.4403409090909091,0.26988636363636365,0.12272727272727273,0.05454545454545454,1954,0.4662231320368475,0.327021494370522,0.1519959058341863,1,1
108011152,Forster,10801,Great Lakes,108,Mid North Coast,1RNSW,Rest of NSW,1,New South Wales,NSW,33.873,57,1712,582,340,1353,0.7,1015,2.1,5975,6478,0.9223525779561593,0.3916317991631799,0.49271966527196653,0.221255230125523,0.09439330543933054,0.04334728033472803,6478,0.4864155603581352,0.19928990429144797,0.2576412472985489,1,1
108011153,Forster-Tuncurry Surrounds,10801,Great Lakes,108,Mid North Coast,1RNSW,Rest of NSW,1,New South Wales,NSW,749.4773,53,1500,572,350,1368,0.7,1142,2.3,2480,2710,0.915129151291513,0.35766129032258065,0.44475806451612904,0.25766129032258067,0.12056451612903225,0.05846774193548387,2710,0.5214022140221403,0.2992619926199262,0.13800738007380073,1,1
108011154,Tuncurry,10801,Great Lakes,108,Mid North Coast,1RNSW,Rest of NSW,1,New South Wales,NSW,15.6698,62,1322,499,310,1137,0.7,854,1.9,2714,2988,0.9082998661311914,0.4727339719970523,0.5792188651436994,0.14959469417833457,0.05121591746499631,0.02247605011053795,2988,0.5117135207496654,0.1609772423025435,0.2754350736278447,1,1
108021155,Kempsey,10802,Kempsey - Nambucca,108,Mid North Coast,1RNSW,Rest of NSW,1,New South Wales,NSW,195.1561,42,1300,542,285,1340,0.8,1081,2.5,4900,5347,0.9164017205909856,0.3681632653061224,0.4685714285714286,0.23224489795918368,0.08428571428571428,0.03346938775510204,5347,0.37086216570039277,0.2928745090705068,0.29493173742285395,1,1
108021156,Kempsey Surrounds,10802,Kempsey - Nambucca,108,Mid North Coast,1RNSW,Rest of NSW,1,New South Wales,NSW,3627.2591,51,1307,570,300,1413,0.8,1160,2.4,3304,3615,0.913969571230982,0.3516949152542373,0.44340193704600483,0.24878934624697335,0.09776029055690072,0.036924939467312345,3615,0.5178423236514523,0.2710926694329184,0.16597510373443983,1,1
108021157,Macksville - Scotts Head,10802,Kempsey - Nambucca,108,Mid North Coast,1RNSW,Rest of NSW,1,New South Wales,NSW,83.793,50,1382,525,330,1310,0.7,998,2.3,1885,2054,0.9177215189873418,0.3904509283819629,0.5023872679045093,0.2153846153846154,0.09177718832891246,0.035543766578249335,2054,0.47857838364167476,0.25511197663096397,0.22444011684518014,1,1
108021158,Nambucca Heads,10802,Kempsey - Nambucca,108,Mid North Coast,1RNSW,Rest of NSW,1,New South Wales,NSW,31.0503,56,1300,501,285,1244,0.7,850,2.0,2868,3142,0.9127943984723106,0.47733612273361226,0.5704323570432357,0.15690376569037656,0.05543933054393305,0.021966527196652718,3142,0.45926161680458305,0.16740929344366645,0.32749840865690644,1,1
108021159,Nambucca Heads Surrounds,10802,Kempsey - Nambucca,108,Mid North Coast,1RNSW,Rest of NSW,1,New South Wales,NSW,1356.0988,50,1400,554,300,1358,0.8,1111,2.4,2793,3069,0.9100684261974584,0.3634085213032581,0.45864661654135336,0.24740422484783386,0.11493018259935553,0.04869316147511636,3069,0.5099380905832519,0.3183447376995764,0.13391984359726294,1,1
108021160,South West Rocks,10802,Kempsey - Nambucca,108,Mid North Coast,1RNSW,Rest of NSW,1,New South Wales,NSW,45.9673,58,1517,537,330,1254,0.7,997,2.1,2286,2421,0.9442379182156134,0.39282589676290464,0.5017497812773404,0.21084864391951005,0.08530183727034121,0.03718285214348206,2421,0.5398595621643949,0.20487401900041305,0.22924411400247832,1,1
108031161,Lord Howe Island,10803,Lord Howe Island,108,Mid North Coast,1RNSW,Rest of NSW,1,New South Wales,NSW,16.2918,46,1400,961,310,1942,0.9,1699,2.2,145,161,0.9006211180124224,0.13793103448275862,0.2,0.36551724137931035,0.11724137931034483,0.034482758620689655,161,0.4161490683229814,0.15527950310559005,0.37267080745341613,0,0
108041162,Laurieton - Bonny Hills,10804,Port Macquarie,108,Mid North Coast,1RNSW,Rest of NSW,1,New South Wales,NSW,524.9062,58,1733,573,354,1368,0.7,1089,2.2,7321,7808,0.9376280737704918,0.36934844966534625,0.46510039612074855,0.23972134954241223,0.10435732823384783,0.045485589400355145,7808,0.5274077868852459,0.22861168032786885,0.17251536885245902,1,1
108041164,Port Macquarie - West,10804,Port Macquarie,108,Mid North Coast,1RNSW,Rest of NSW,1,New South Wales,NSW,54.1668,47,1820,644,385,1532,0.7,1193,2.2,8117,8705,0.9324526134405514,0.3391647160280892,0.4298386103240113,0.2780583959590982,0.11654552174448687,0.05297523715658495,8705,0.3624353819643883,0.23480758184951178,0.33716255025847214,1,1
108041165,Port Macquarie Surrounds,10804,Port Macquarie,108,Mid North Coast,1RNSW,Rest of NSW,1,New South Wales,NSW,2871.7473,50,1668,632,300,1534,0.8,1334,2.5,1736,1884,0.921443736730361,0.2966589861751152,0.3726958525345622,0.30069124423963134,0.1434331797235023,0.06451612903225806,1884,0.487791932059448,0.32537154989384287,0.1337579617834395,1,1
108041166,Wauchope,10804,Port Macquarie,108,Mid North Coast,1RNSW,Rest of NSW,1,New South Wales,NSW,194.8611,43,1733,653,360,1590,0.8,1355,2.6,4284,4620,0.9272727272727272,0.28734827264239027,0.3681139122315593,0.32633053221288516,0.13748832866479926,0.06045751633986928,4620,0.4010822510822511,0.3365800865800866,0.2305194805194805,1,1
108041619,Port Macquarie - East,10804,Port Macquarie,108,Mid North Coast,1RNSW,Rest of NSW,1,New South Wales,NSW,7.0934,46,1753,761,350,1929,0.8,1396,2.2,4713,4990,0.9444889779559118,0.27837895183534905,0.35879482283046893,0.3473371525567579,0.18077657542966263,0.09908762995968598,4990,0.33206412825651305,0.2440881763527054,0.4,1,1
108041620,Port Macquarie - South,10804,Port Macquarie,108,Mid North Coast,1RNSW,Rest of NSW,1,New South Wales,NSW,34.9946,49,1814,691,420,1774,0.7,1385,2.4,6448,6855,0.9406272793581327,0.2803970223325062,0.3646091811414392,0.34987593052109184,0.17819478908188585,0.08343672456575682,6855,0.45149525893508385,0.28665207877461707,0.21167031363967906,1,1
108051167,Gloucester,10805,Taree - Gloucester,108,Mid North Coast,1RNSW,Rest of NSW,1,New South Wales,NSW,2933.8676,55,1300,564,275,1362,0.7,1069,2.2,2057,2204,0.9333030852994555,0.38210986874088476,0.46912980068060284,0.21147301895964998,0.08896451142440447,0.043753038405444825,2204,0.5317604355716878,0.21234119782214156,0.2118874773139746,1,1
108051168,Old Bar - Manning Point - Red Head,10805,Taree - Gloucester,108,Mid North Coast,1RNSW,Rest of NSW,1,New South Wales,NSW,209.6182,53,1733,634,360,1473,0.7,1243,2.3,4632,5019,0.9228930065750149,0.3123920552677029,0.4067357512953368,0.2815198618307427,0.125,0.05375647668393782,5019,0.4823670053795577,0.2633990834827655,0.18888224745965332,1,1
108051169,Taree,10805,Taree - Gloucester,108,Mid North Coast,1RNSW,Rest of NSW,1,New South Wales,NSW,125.1186,46,1300,559,290,1327,0.7,1021,2.3,7629,8294,0.9198215577525922,0.3986105649495347,0.49154541879669683,0.2162799842705466,0.08008913356927513,0.03185214313802595,8294,0.3816011574632264,0.24282613937786351,0.33421750663129973,1,1
108051170,Taree Surrounds,10805,Taree - Gloucester,108,Mid North Coast,1RNSW,Rest of NSW,1,New South Wales,NSW,3344.9329,56,1500,524,310,1291,0.7,1069,2.3,4833,5225,0.9249760765550239,0.36995654872749845,0.47113594040968343,0.22677426029381337,0.08607490171735982,0.04407200496585972,5225,0.5707177033492823,0.25779904306220097,0.12899521531100477,1,1
108051171,Wingham,10805,Taree - Gloucester,108,Mid North Coast,1RNSW,Rest of NSW,1,New South Wales,NSW,61.5309,47,1371,577,306,1377,0.7,1105,2.3,1974,2128,0.9276315789473685,0.3617021276595745,0.46200607902735563,0.22492401215805471,0.07649442755825735,0.03090172239108409,2128,0.4323308270676692,0.30780075187969924,0.22227443609022557,1,1
109011172,Albury - East,10901,Albury,109,Murray,1RNSW,Rest of NSW,1,New South Wales,NSW,101.484,36,1625,894,320,2171,0.7,1792,2.6,6189,6588,0.9394353369763205,0.20132493132977863,0.25981580222976247,0.4474066892874455,0.2168363225076749,0.09856196477621587,6588,0.27656344869459626,0.3996660595021251,0.2809653916211293,1,1
109011173,Albury - North,10901,Albury,109,Murray,1RNSW,Rest of NSW,1,New South Wales,NSW,24.1552,39,1300,724,268,1728,0.7,1330,2.3,3838,4132,0.9288480154888674,0.29937467430953624,0.3791036998436686,0.3069306930693069,0.12193850964043773,0.0484627410109432,4132,0.2993707647628267,0.319215876089061,0.3514036786060019,1,1
109011174,Albury - South,10901,Albury,109,Murray,1RNSW,Rest of NSW,1,New South Wales,NSW,48.1442,45,1517,857,250,2115,0.7,1439,2.1,4232,4508,0.9387755102040817,0.28166351606805295,0.35775047258979203,0.3669659735349716,0.1930529300567108,0.09948015122873347,4508,0.354924578527063,0.23402839396628217,0.37777284826974267,1,1
109011175,Albury Surrounds,10901,Albury,109,Murray,1RNSW,Rest of NSW,1,New South Wales,NSW,5401.7533,44,1387,755,222,1949,0.8,1518,2.6,3981,4353,0.9145416953824949,0.26224566691785983,0.33107259482542073,0.38934940969605625,0.19065561416729465,0.0811353931173072,4353,0.42637261658626235,0.3767516655180335,0.14174132781989432,1,1
109011176,Lavington,10901,Albury,109,Murray,1RNSW,Rest of NSW,1,New South Wales,NSW,21.467,40,1300,647,250,1522,0.8,1138,2.2,5996,6473,0.9263092847211494,0.35140093395597066,0.44596397598398935,0.2513342228152101,0.08405603735823883,0.028018679119412943,6473,0.29877954580565425,0.2802410010814151,0.3814305577012205,1,1
109021177,Hay,10902,Lower Murray,109,Murray,1RNSW,Rest of NSW,1,New South Wales,NSW,13922.8975,48,894,701,175,1625,0.7,1236,2.2,981,1136,0.863556338028169,0.345565749235474,0.4271151885830785,0.28644240570846075,0.11009174311926606,0.059123343527013254,1136,0.4269366197183099,0.21654929577464788,0.2632042253521127,1,0
109021178,Wentworth - Buronga,10902,Lower Murray,109,Murray,1RNSW,Rest of NSW,1,New South Wales,NSW,322.4567,43,1300,708,200,1761,0.8,1386,2.5,2035,2257,0.9016393442622951,0.2938574938574939,0.38181818181818183,0.34987714987714985,0.17395577395577397,0.0800982800982801,2257,0.38856889676561807,0.3482498892334958,0.20646876384581303,1,1
109021179,Wentworth-Balranald Region,10902,Lower Murray,109,Murray,1RNSW,Rest of NSW,1,New South Wales,NSW,49722.5286,43,1083,746,200,1799,0.8,1404,2.5,1061,1180,0.8991525423728813,0.292177191328935,0.3656927426955702,0.3374175306314797,0.14326107445805844,0.06597549481621112,1180,0.4330508474576271,0.23728813559322035,0.21949152542372882,1,1
109031180,Corowa,10903,Upper Murray exc. Albury,109,Murray,1RNSW,Rest of NSW,1,New South Wales,NSW,77.1283,52,1213,634,230,1551,0.7,1130,2.1,2225,2405,0.9251559251559252,0.36719101123595504,0.4552808988764045,0.2507865168539326,0.09033707865168539,0.037303370786516854,2405,0.461954261954262,0.26943866943866945,0.23866943866943868,1,1
109031181,Corowa Surrounds,10903,Upper Murray exc. Albury,109,Murray,1RNSW,Rest of NSW,1,New South Wales,NSW,4495.1557,50,1300,662,265,1640,0.7,1248,2.3,2539,2799,0.9071096820292962,0.3371406065380071,0.41354864119732176,0.29696730996455295,0.11973217802284364,0.04096100827097282,2799,0.45837799214005004,0.3047516970346552,0.17184708824580208,1,1
109031182,Deniliquin,10903,Upper Murray exc. Albury,109,Murray,1RNSW,Rest of NSW,1,New South Wales,NSW,143.2081,47,1083,688,230,1680,0.7,1199,2.2,2591,2854,0.9078486334968465,0.3365495947510614,0.42416055576997297,0.2836742570436125,0.11925897336935547,0.05557699729834041,2854,0.4043447792571829,0.2925718290119131,0.26454099509460405,1,1
109031183,Deniliquin Surrounds,10903,Upper Murray exc. Albury,109,Murray,1RNSW,Rest of NSW,1,New South Wales,NSW,18337.9454,49,1083,638,170,1491,0.7,1208,2.4,2319,2570,0.9023346303501946,0.3341957740405347,0.4169900819318672,0.265631737818025,0.1159982751185856,0.05735230702889176,2570,0.4859922178988327,0.2529182879377432,0.16342412451361868,1,1
109031184,Moama,10903,Upper Murray exc. Albury,109,Murray,1RNSW,Rest of NSW,1,New South Wales,NSW,167.0068,49,1638,687,322,1756,0.7,1348,2.4,2399,2623,0.9146016012199771,0.29553980825343895,0.3826594414339308,0.34514380992080035,0.17298874531054606,0.07086285952480201,2623,0.4384292794510103,0.3130003812428517,0.19557758292032024,1,1
109031185,Tocumwal - Finley - Jerilderie,10903,Upper Murray exc. Albury,109,Murray,1RNSW,Rest of NSW,1,New South Wales,NSW,5011.159,52,1177,631,200,1486,0.7,1146,2.2,3456,3805,0.9082785808147175,0.35908564814814814,0.44675925925925924,0.2644675925925926,0.11140046296296297,0.04861111111111111,3805,0.46780551905387646,0.27568988173455977,0.19421813403416557,1,1
110011186,Armidale,11001,Armidale,110,New England and North West,1RNSW,Rest of NSW,1,New South Wales,NSW,274.5996,36,1500,730,290,1893,0.7,1432,2.3,8254,8785,0.9395560614684121,0.2768354737097165,0.3561909377271626,0.3495275018173007,0.1658589774654713,0.0795977707778047,8785,0.320774046670461,0.27057484348321004,0.3770062606715993,1,1
110011187,Armidale Surrounds - North,11001,Armidale,110,New England and North West,1RNSW,Rest of NSW,1,New South Wales,NSW,6098.2353,44,1094,672,250,1568,0.7,1228,2.4,1488,1627,0.9145666871542717,0.33803763440860213,0.4213709677419355,0.28091397849462363,0.12163978494623656,0.0625,1627,0.4517516902274124,0.2390903503380455,0.22372464658881377,1,1
110011188,Armidale Surrounds - South,11001,Armidale,110,New England and North West,1RNSW,Rest of NSW,1,New South Wales,NSW,3280.2792,47,1426,716,250,1790,0.7,1402,2.4,2134,2265,0.9421633554083885,0.28256794751640113,0.3641049671977507,0.3388003748828491,0.16166822867853795,0.07403936269915651,2265,0.42560706401766,0.3536423841059603,0.17086092715231788,1,1
110011189,Walcha,11001,Armidale,110,New England and North West,1RNSW,Rest of NSW,1,New South Wales,NSW,6742.5353,50,1056,683,200,1567,0.7,1211,2.2,1104,1226,0.9004893964110929,0.3541666666666667,0.4257246376811594,0.2871376811594203,0.11413043478260869,0.06431159420289854,1226,0.47471451876019577,0.21941272430668843,0.19494290375203915,1,1
110021190,Glen Innes,11002,Inverell - Tenterfield,110,New England and North West,1RNSW,Rest of NSW,1,New South Wales,NSW,5479.977,50,1083,528,220,1324,0.7,934,2.1,3318,3628,0.9145534729878722,0.43640747438215793,0.5289330922242315,0.2055455093429777,0.08047016274864376,0.03616636528028933,3628,0.4592061742006615,0.2414553472987872,0.2450385887541345,1,1
110021191,Inverell,11002,Inverell - Tenterfield,110,New England and North West,1RNSW,Rest of NSW,1,New South Wales,NSW,207.6617,41,1250,666,270,1492,0.7,1187,2.3,4287,4631,0.9257179874757072,0.3417308140891066,0.4357359458829018,0.2668532773501283,0.10566829951014696,0.039421506881268956,4631,0.35327143165622976,0.2796372273806953,0.3236881882962643,1,1
110021192,Inverell Surrounds - East,11002,Inverell - Tenterfield,110,New England and North West,1RNSW,Rest of NSW,1,New South Wales,NSW,9270.8567,47,1000,490,200,1311,0.8,1057,2.4,1626,1817,0.8948816730875069,0.3757687576875769,0.48154981549815495,0.22140221402214022,0.08241082410824108,0.033210332103321034,1817,0.4826637314254265,0.26582278481012656,0.16070445789763346,1,1
110021193,Inverell Surrounds - West,11002,Inverell - Tenterfield,110,New England and North West,1RNSW,Rest of NSW,1,New South Wales,NSW,8283.6399,50,1083,533,210,1283,0.7,1034,2.3,1968,2176,0.9044117647058824,0.38363821138211385,0.4872967479674797,0.21544715447154472,0.08689024390243902,0.037601626016260166,2176,0.5128676470588235,0.24126838235294118,0.1640625,1,1
110021194,Tenterfield,11002,Inverell - Tenterfield,110,New England and North West,1RNSW,Rest of NSW,1,New South Wales,NSW,7324.3072,55,1083,490,240,1206,0.7,885,2.1,2645,2875,0.92,0.4620037807183365,0.5527410207939508,0.1765595463137996,0.06994328922495274,0.03364839319470699,2875,0.536,0.20695652173913043,0.18191304347826087,1,1
110031195,Moree,11003,Moree - Narrabri,110,New England and North West,1RNSW,Rest of NSW,1,New South Wales,NSW,69.3971,38,1336,828,230,1892,0.8,1494,2.4,2389,2673,0.8937523381967827,0.2603599832565927,0.3357053160318125,0.37505232314776055,0.17161992465466722,0.08204269568857263,2673,0.2996632996632997,0.2618780396558174,0.3868312757201646,1,1
110031196,Moree Surrounds,11003,Moree - Narrabri,110,New England and North West,1RNSW,Rest of NSW,1,New South Wales,NSW,19807.3163,39,867,820,175,1988,0.8,1627,2.6,1309,1502,0.8715046604527297,0.24446142093200918,0.3093964858670741,0.40641711229946526,0.20932009167303284,0.11459129106187929,1502,0.35685752330226367,0.20439414114513982,0.2589880159786951,1,1
110031197,Narrabri,11003,Moree - Narrabri,110,New England and North West,1RNSW,Rest of NSW,1,New South Wales,NSW,180.363,39,1443,820,260,2040,0.7,1558,2.4,2385,2617,0.911348872755063,0.26331236897274635,0.340041928721174,0.40041928721174,0.19748427672955976,0.08553459119496855,2617,0.32556362246847537,0.3129537638517386,0.32021398547955676,1,1
110031198,Narrabri Surrounds,11003,Moree - Narrabri,110,New England and North West,1RNSW,Rest of NSW,1,New South Wales,NSW,11965.644,42,1148,727,200,1819,0.8,1434,2.5,1354,1527,0.8867059593975115,0.28877400295420974,0.35450516986706054,0.36115214180206795,0.17429837518463812,0.08050221565731167,1527,0.3798297314996726,0.27177472167648986,0.24165029469548133,1,1
110041199,Gunnedah,11004,Tamworth - Gunnedah,110,New England and North West,1RNSW,Rest of NSW,1,New South Wales,NSW,90.1551,36,1500,788,300,2013,0.7,1535,2.4,3336,3616,0.922566371681416,0.27188249400479614,0.3420263788968825,0.38998800959232616,0.20053956834532374,0.09472422062350119,3616,0.31388274336283184,0.32992256637168144,0.3180309734513274,1,1
110041200,Gunnedah Surrounds,11004,Tamworth - Gunnedah,110,New England and North West,1RNSW,Rest of NSW,1,New South Wales,NSW,5765.8611,41,1300,739,275,1923,0.8,1585,2.6,1382,1521,0.908612754766601,0.24457308248914617,0.3147612156295224,0.40665701881331406,0.21128798842257598,0.09840810419681621,1521,0.398422090729783,0.2866535174227482,0.2084155161078238,1,1
110041201,Quirindi,11004,Tamworth - Gunnedah,110,New England and North West,1RNSW,Rest of NSW,1,New South Wales,NSW,5077.8424,47,1133,620,230,1479,0.7,1165,2.3,2601,2848,0.9132724719101124,0.34678969627066514,0.4402153018069973,0.28027681660899656,0.13264129181084197,0.058823529411764705,2848,0.43995786516853935,0.2478932584269663,0.24262640449438203,1,1
110041202,Tamworth - East,11004,Tamworth - Gunnedah,110,New England and North West,1RNSW,Rest of NSW,1,New South Wales,NSW,102.1806,38,1452,766,300,1776,0.7,1383,2.4,7647,8226,0.9296134208606857,0.2752713482411403,0.35412580096769974,0.3341179547534981,0.14227801752321173,0.06133124100954623,8226,0.3227571115973742,0.30063214198881594,0.34828592268417213,1,1
110041203,Tamworth - North,11004,Tamworth - Gunnedah,110,New England and North West,1RNSW,Rest of NSW,1,New South Wales,NSW,76.0422,38,1543,826,320,1985,0.7,1513,2.3,5982,6385,0.9368833202819107,0.2584419926446005,0.33283182881979273,0.37328652624540287,0.16934135740554998,0.08107656302240053,6385,0.2931871574001566,0.28003132341425213,0.3835552075176194,1,1
110041204,Tamworth - West,11004,Tamworth - Gunnedah,110,New England and North West,1RNSW,Rest of NSW,1,New South Wales,NSW,62.5221,30,1387,660,290,1408,0.8,1233,2.7,1791,1940,0.9231958762886598,0.3149078726968174,0.40982691233947516,0.28196538246789504,0.09659408151870463,0.03796761585706309,1940,0.22010309278350515,0.27164948453608245,0.46288659793814435,1,1
110041205,Tamworth Surrounds,11004,Tamworth - Gunnedah,110,New England and North West,1RNSW,Rest of NSW,1,New South Wales,NSW,8980.4841,45,1590,713,275,1853,0.7,1431,2.5,6419,7008,0.915953196347032,0.28851846081944227,0.3608038635301449,0.3673469387755102,0.1816482318118087,0.08443682816638105,7008,0.4226598173515982,0.3670091324200913,0.15896118721461186,1,1
111011206,Belmont - Bennetts Green,11101,Lake Macquarie - East,111,Newcastle and Lake Macquarie,1RNSW,Rest of NSW,1,New South Wales,NSW,22.2102,44,2009,745,360,2051,0.8,1538,2.5,6518,6939,0.9393284334918576,0.2674133169683952,0.3389076403804848,0.40641301012580544,0.2140227063516416,0.10187173979748389,6939,0.3895373973194985,0.35264447326704135,0.22236633520680213,1,1
111011207,Belmont South - Blacksmiths,11101,Lake Macquarie - East,111,Newcastle and Lake Macquarie,1RNSW,Rest of NSW,1,New South Wales,NSW,6.8068,49,1800,653,330,1669,0.8,1240,2.3,2215,2377,0.9318468657972234,0.3340857787810384,0.417607223476298,0.309255079006772,0.15530474040632053,0.0708803611738149,2377,0.4030290281867901,0.2684055532183425,0.30584770719394194,1,1
111011208,Charlestown - Dudley,11101,Lake Macquarie - East,111,Newcastle and Lake Macquarie,1RNSW,Rest of NSW,1,New South Wales,NSW,22.2795,38,2000,867,390,2251,0.8,1808,2.5,9041,9642,0.937668533499274,0.21424621170224534,0.2822696604357925,0.45924123437672826,0.2558345315783652,0.1203406702798363,9642,0.3462974486621033,0.3765816220701099,0.25917859365276913,1,1
111011209,Glendale - Cardiff - Hillsborough,11101,Lake Macquarie - East,111,Newcastle and Lake Macquarie,1RNSW,Rest of NSW,1,New South Wales,NSW,21.9176,38,1885,831,380,2173,0.8,1818,2.6,8682,9196,0.9441061331013484,0.21976503109882514,0.27931352222990097,0.45588574061276205,0.22391154111955772,0.10020732550103663,9196,0.3322096563723358,0.4147455415397999,0.23173118747281427,1,1
111011210,Mount Hutton - Windale,11101,Lake Macquarie - East,111,Newcastle and Lake Macquarie,1RNSW,Rest of NSW,1,New South Wales,NSW,6.2654,41,1772,617,255,1622,0.8,1221,2.4,3413,3662,0.93200436919716,0.3483738646352183,0.43305010254907705,0.3120421916202754,0.13712276589510694,0.05684148842660416,3662,0.24085199344620425,0.2837247405789186,0.4251774986346259,1,1
111011211,Redhead,11101,Lake Macquarie - East,111,Newcastle and Lake Macquarie,1RNSW,Rest of NSW,1,New South Wales,NSW,3.6842,48,2300,771,420,2684,0.8,1598,2.4,1296,1416,0.9152542372881356,0.3271604938271605,0.375,0.4444444444444444,0.30632716049382713,0.18981481481481483,1416,0.5522598870056498,0.2810734463276836,0.1306497175141243,1,1
111011212,Swansea - Caves Beach,11101,Lake Macquarie - East,111,Newcastle and Lake Macquarie,1RNSW,Rest of NSW,1,New South Wales,NSW,32.4068,49,2080,686,360,1836,0.8,1419,2.4,4648,4968,0.9355877616747182,0.29475043029259895,0.36790017211703957,0.36123063683304646,0.20073149741824442,0.10133390705679862,4968,0.43780193236714976,0.31239935587761675,0.21276167471819646,1,1
111011213,Valentine - Eleebana,11101,Lake Macquarie - East,111,Newcastle and Lake Macquarie,1RNSW,Rest of NSW,1,New South Wales,NSW,9.9748,45,2167,894,490,2503,0.7,2201,2.7,4227,4466,0.9464845499328258,0.17246273953158267,0.2237993849065531,0.5471965933286018,0.3411402886207712,0.19564703099124675,4466,0.4847738468428124,0.39431258396775637,0.10815047021943573,1,1
111011214,Warners Bay - Boolaroo,11101,Lake Macquarie - East,111,Newcastle and Lake Macquarie,1RNSW,Rest of NSW,1,New South Wales,NSW,12.54,45,2090,802,410,2155,0.8,1648,2.4,5484,5847,0.9379168804515136,0.24671772428884026,0.31655725747629465,0.42815463165572576,0.23978847556528082,0.1199854121079504,5847,0.4108089618607833,0.3336753890884214,0.23020352317427742,1,1
111021215,Bolton Point - Teralba,11102,Lake Macquarie - West,111,Newcastle and Lake Macquarie,1RNSW,Rest of NSW,1,New South Wales,NSW,21.9698,42,1733,714,333,1893,0.8,1470,2.5,3458,3684,0.9386536373507057,0.27212261422787737,0.3473105841526894,0.3805668016194332,0.17032967032967034,0.07750144592249855,3684,0.3132464712269272,0.3751357220412595,0.2662866449511401,1,1
111021216,Bonnells Bay - Silverwater,11102,Lake Macquarie - West,111,Newcastle and Lake Macquarie,1RNSW,Rest of NSW,1,New South Wales,NSW,10.1593,43,1783,709,400,1762,0.7,1491,2.5,3439,3667,0.9378238341968912,0.2503634777551614,0.3230590287874382,0.3684210526315789,0.16458272753707473,0.07327711544053504,3667,0.3965094082356149,0.3329697300245432,0.24761385328606492,1,1
111021217,Edgeworth - Cameron Park,11102,Lake Macquarie - West,111,Newcastle and Lake Macquarie,1RNSW,Rest of NSW,1,New South Wales,NSW,15.6078,35,2000,867,450,2255,0.8,2033,2.8,5235,5589,0.9366612989801396,0.1889207258834766,0.24832855778414517,0.5088825214899714,0.24947468958930277,0.0964660936007641,5589,0.2553229558060476,0.47575594918590086,0.2404723564143854,1,1
111021218,Morisset - Cooranbong,11102,Lake Macquarie - West,111,Newcastle and Lake Macquarie,1RNSW,Rest of NSW,1,New South Wales,NSW,330.5207,46,2000,660,380,1778,0.8,1378,2.5,6199,6696,0.9257765830346476,0.29908049685433136,0.37909340216163895,0.361187288272302,0.1747055976770447,0.07985158896596226,6696,0.3664874551971326,0.32437275985663083,0.21968339307048984,1,1
111021219,Toronto - Awaba,11102,Lake Macquarie - West,111,Newcastle and Lake Macquarie,1RNSW,Rest of NSW,1,New South Wales,NSW,43.6626,48,1733,676,340,1806,0.7,1400,2.4,5126,5510,0.9303085299455536,0.29574717128365197,0.3669527896995708,0.3536870854467421,0.17908700741318767,0.09090909090909091,5510,0.4105263157894737,0.3087114337568058,0.25063520871143374,1,1
111021220,Wangi Wangi - Rathmines,11102,Lake Macquarie - West,111,Newcastle and Lake Macquarie,1RNSW,Rest of NSW,1,New South Wales,NSW,13.1714,48,1888,732,370,1863,0.7,1553,2.5,3416,3638,0.9389774601429357,0.24180327868852458,0.31176814988290397,0.3931498829039813,0.2066744730679157,0.10362997658079626,3638,0.439802089059923,0.37053326003298515,0.16465090709180868,1,1
111021221,West Wallsend - Barnsley - Killingworth,11102,Lake Macquarie - West,111,Newcastle and Lake Macquarie,1RNSW,Rest of NSW,1,New South Wales,NSW,72.5413,38,1798,774,390,2020,0.8,1769,2.7,2395,2579,0.9286545172547499,0.2116910229645094,0.27933194154488517,0.43757828810020877,0.19331941544885178,0.07139874739039666,2579,0.3187281892206282,0.48623497479643274,0.1488949205118263,1,1
111031222,Adamstown - Kotara,11103,Newcastle,111,Newcastle and Lake Macquarie,1RNSW,Rest of NSW,1,New South Wales,NSW,8.0182,37,2167,937,410,2525,0.8,2071,2.6,5844,6221,0.9393988104806301,0.18874058863791923,0.243668720054757,0.5164271047227926,0.3170773442847365,0.1630732375085558,6221,0.3465680758720463,0.36585757916733647,0.27037453785565024,1,1
111031223,Beresfield - Hexham,11103,Newcastle,111,Newcastle and Lake Macquarie,1RNSW,Rest of NSW,1,New South Wales,NSW,59.2573,39,1450,633,340,1500,0.8,1237,2.4,3106,3336,0.9310551558752997,0.3168061815840309,0.41596909207984545,0.2768834513844173,0.10624597553122987,0.03670315518351577,3336,0.3504196642685851,0.33393285371702636,0.290167865707434,1,1
111031224,Hamilton - Broadmeadow,11103,Newcastle,111,Newcastle and Lake Macquarie,1RNSW,Rest of NSW,1,New South Wales,NSW,6.7462,40,2115,877,380,2378,0.8,1669,2.2,4919,5263,0.9346380391411743,0.26651758487497457,0.32384631022565563,0.42894897336857085,0.25472657044114655,0.15064037405976824,5263,0.3021090632718982,0.2546076382291469,0.40984229526885807,1,1
111031225,Lambton - New Lambton,11103,Newcastle,111,Newcastle and Lake Macquarie,1RNSW,Rest of NSW,1,New South Wales,NSW,10.5485,40,2119,907,390,2484,0.8,1863,2.4,6364,6787,0.9376749668483866,0.22831552482715273,0.2891263356379635,0.47297297297297297,0.2927404148334381,0.16373350094280326,6787,0.3421246500663032,0.3332842198320318,0.30543686459407693,1,1
111031226,Maryland - Fletcher - Minmi,11103,Newcastle,111,Newcastle and Lake Macquarie,1RNSW,Rest of NSW,1,New South Wales,NSW,17.2634,34,2000,876,470,2332,0.8,2170,3.0,5041,5391,0.9350769801521054,0.14501091053362428,0.19420749851219996,0.5483039079547709,0.2862527276334061,0.1247768299940488,5391,0.2489334075310703,0.4919309961046188,0.2455945093674643,1,1
111031227,Mayfield - Warabrook,11103,Newcastle,111,Newcastle and Lake Macquarie,1RNSW,Rest of NSW,1,New South Wales,NSW,7.5372,37,1883,811,380,2112,0.8,1604,2.2,5958,6360,0.9367924528301886,0.25226586102719034,0.31688486069150723,0.39677744209466265,0.19318563276267203,0.07620006713662303,6360,0.2459119496855346,0.3338050314465409,0.3932389937106918,1,1
111031228,Merewether - The Junction,11103,Newcastle,111,Newcastle and Lake Macquarie,1RNSW,Rest of NSW,1,New South Wales,NSW,7.2464,40,2500,1091,420,3006,0.8,2277,2.5,5250,5584,0.9401862464183381,0.17961904761904762,0.2259047619047619,0.5607619047619048,0.3782857142857143,0.2598095238095238,5584,0.35870343839541546,0.3015759312320917,0.3218123209169054,1,1
111031229,Newcastle - Cooks Hill,11103,Newcastle,111,Newcastle and Lake Macquarie,1RNSW,Rest of NSW,1,New South Wales,NSW,3.9772,38,2169,1149,445,2739,0.9,1929,1.9,5731,6129,0.9350628161200848,0.19664979933693946,0.2502181120223347,0.4831617518757634,0.28843133833536905,0.17675798290001746,6129,0.25599608418991676,0.19383259911894274,0.5340186000978953,1,1
111031230,Newcastle Port - Kooragang,11103,Newcastle,111,Newcastle and Lake Macquarie,1RNSW,Rest of NSW,1,New South Wales,NSW,30.8589,42,2546,1062,550,1937,0.7,1875,2.1,6,14,0.42857142857142855,0.0,0.0,0.5,0.5,0.0,14,0.42857142857142855,0.35714285714285715,0.0,0,0
111031231,Shortland - Jesmond,11103,Newcastle,111,Newcastle and Lake Macquarie,1RNSW,Rest of NSW,1,New South Wales,NSW,12.7086,28,1700,575,365,1600,0.9,1325,2.4,3940,4256,0.9257518796992481,0.2911167512690355,0.3802030456852792,0.3053299492385787,0.1081218274111675,0.04213197969543147,4256,0.20488721804511278,0.22885338345864661,0.5108082706766918,1,1
111031232,Stockton - Fullerton Cove,11103,Newcastle,111,Newcastle and Lake Macquarie,1RNSW,Rest of NSW,1,New South Wales,NSW,30.5131,48,2167,719,430,1990,0.8,1419,2.3,3303,3545,0.9317348377997179,0.2982137450802301,0.37026945201332123,0.3796548592188919,0.2061762034514078,0.10656978504389948,3545,0.45077574047954866,0.27418899858956275,0.24795486600846262,1,1
111031233,Wallsend - Elermore Vale,11103,Newcastle,111,Newcastle and Lake Macquarie,1RNSW,Rest of NSW,1,New South Wales,NSW,21.52,40,1777,714,380,1917,0.8,1470,2.4,7650,8169,0.9364671318398825,0.2750326797385621,0.35398692810457516,0.37137254901960787,0.17620915032679738,0.07607843137254902,8169,0.31631778675480476,0.32207124495042233,0.3176643408005876,1,1
111031234,Waratah - North Lambton,11103,Newcastle,111,Newcastle and Lake Macquarie,1RNSW,Rest of NSW,1,New South Wales,NSW,5.114,36,1937,787,380,2135,0.8,1639,2.3,4668,4987,0.9360336875877281,0.25171379605826905,0.31919451585261355,0.4153813196229649,0.20565552699228792,0.07969151670951156,4987,0.24844595949468617,0.3226388610387006,0.39963906156005613,1,1
111031235,Wickham - Carrington - Tighes Hill,11103,Newcastle,111,Newcastle and Lake Macquarie,1RNSW,Rest of NSW,1,New South Wales,NSW,3.5549,35,1985,996,450,2422,0.9,1915,2.2,3737,3944,0.9475152129817445,0.19025956649719025,0.251003478726251,0.4797966283114798,0.25983409151725984,0.12229060743912229,3944,0.2363083164300203,0.3131338742393509,0.4295131845841785,1,1
112011236,Ballina,11201,Richmond Valley - Coastal,112,Richmond - Tweed,1RNSW,Rest of NSW,1,New South Wales,NSW,36.1602,53,1733,663,390,1563,0.7,1150,2.1,7523,8077,0.9314101770459329,0.3501262794098099,0.4455669280871993,0.2687757543533165,0.11511365146882893,0.05091054100757676,8077,0.40274854525195,0.2006933267302216,0.32883496347653834,1,1
112011237,Ballina Surrounds,11201,Richmond Valley - Coastal,112,Richmond - Tweed,1RNSW,Rest of NSW,1,New South Wales,NSW,406.5486,46,1900,747,410,1891,0.8,1565,2.5,6335,6824,0.9283411488862837,0.23141278610891872,0.3052880820836622,0.3927387529597474,0.19400157853196529,0.09755327545382794,6824,0.42628956623681125,0.31491793669402113,0.21497655334114887,1,1
112011238,Bangalow,11201,Richmond Valley - Coastal,112,Richmond - Tweed,1RNSW,Rest of NSW,1,New South Wales,NSW,186.5293,43,2330,886,550,2292,0.9,2106,2.7,2067,2266,0.912180052956752,0.17561683599419448,0.23222060957910015,0.5224963715529753,0.31881954523463957,0.20029027576197386,2266,0.38261253309797,0.3340688437775816,0.2440423654015887,1,1
112011239,Brunswick Heads - Ocean Shores,11201,Richmond Valley - Coastal,112,Richmond - Tweed,1RNSW,Rest of NSW,1,New South Wales,NSW,54.4454,44,1950,723,498,1771,0.8,1462,2.4,3236,3519,0.9195794259732879,0.2669962917181706,0.338380716934487,0.34239802224969096,0.14555006180469715,0.06520395550061804,3519,0.3734015345268542,0.29525433361750497,0.2978118783745382,1,1
112011240,Byron Bay,11201,Richmond Valley - Coastal,112,Richmond - Tweed,1RNSW,Rest of NSW,1,New South Wales,NSW,39.7771,39,2340,837,620,2091,0.9,1748,2.4,3589,3952,0.9081477732793523,0.24185009752020062,0.30203399275564224,0.4430203399275564,0.24937308442463083,0.14906659236556144,3952,0.347165991902834,0.242914979757085,0.36791497975708504,1,1
112011241,Evans Head,11201,Richmond Valley - Coastal,112,Richmond - Tweed,1RNSW,Rest of NSW,1,New South Wales,NSW,543.5362,49,1563,628,320,1457,0.8,1127,2.2,2093,2263,0.9248784798939461,0.35451505016722407,0.44911610129001434,0.2594362159579551,0.10367892976588629,0.044433827042522696,2263,0.4206805125939019,0.2545293857711003,0.2832523199292974,1,1
112011242,Lennox Head - Skennars Head,11201,Richmond Valley - Coastal,112,Richmond - Tweed,1RNSW,Rest of NSW,1,New South Wales,NSW,37.846,42,2200,916,580,2296,0.8,2035,2.6,3116,3340,0.932934131736527,0.1787548138639281,0.23491655969191272,0.5102695763799743,0.2901155327342747,0.16559691912708602,3340,0.4122754491017964,0.3476047904191617,0.2215568862275449,1,1
112011243,Mullumbimby,11201,Richmond Valley - Coastal,112,Richmond - Tweed,1RNSW,Rest of NSW,1,New South Wales,NSW,268.075,46,1950,654,450,1638,0.9,1364,2.5,2807,3076,0.9125487646293888,0.2921268257926612,0.3712148200926256,0.32632703954399717,0.16280726754542216,0.08550053437833986,3076,0.4102730819245774,0.2747074122236671,0.27113133940182055,1,1
112021244,Casino,11202,Richmond Valley - Hinterland,112,Richmond - Tweed,1RNSW,Rest of NSW,1,New South Wales,NSW,138.9581,43,1300,602,280,1387,0.8,1093,2.4,4353,4702,0.9257762654189706,0.36365724787502873,0.45991270388238,0.22214564668045025,0.08109349873650357,0.029405008040431887,4702,0.3745214802211825,0.2943428328370906,0.292003402807316,1,1
112021245,Casino Surrounds,11202,Richmond Valley - Hinterland,112,Richmond - Tweed,1RNSW,Rest of NSW,1,New South Wales,NSW,3950.1024,48,1304,556,250,1418,0.8,1147,2.5,2338,2564,0.9118564742589703,0.3438836612489307,0.4405474764756202,0.272027373823781,0.10650128314798973,0.05175363558597092,2564,0.4734789391575663,0.3252730109204368,0.14313572542901717,1,1
112021246,Goonellabah,11202,Richmond Valley - Hinterland,112,Richmond - Tweed,1RNSW,Rest of NSW,1,New South Wales,NSW,25.2269,42,1560,707,320,1733,0.7,1325,2.4,5073,5355,0.9473389355742297,0.29686575990538144,0.38379657007687756,0.3205204021289178,0.12438399369209541,0.0534200670214863,5355,0.3589169000933707,0.32063492063492066,0.284593837535014,1,1
112021247,Kyogle,11202,Richmond Valley - Hinterland,112,Richmond - Tweed,1RNSW,Rest of NSW,1,New South Wales,NSW,1979.7778,51,1300,537,270,1345,0.8,1013,2.3,2803,3028,0.9256935270805813,0.3960042811273635,0.4933999286478773,0.20870495897252944,0.08134141990724224,0.038173385658223334,3028,0.4894319682959049,0.25660501981505945,0.19715984147952445,1,1
112021248,Lismore,11202,Richmond Valley - Hinterland,112,Richmond - Tweed,1RNSW,Rest of NSW,1,New South Wales,NSW,63.3097,42,1343,647,300,1622,0.8,1176,2.2,5858,6220,0.9418006430868168,0.34533970638443157,0.43291225674291567,0.2567429156708774,0.09184021850460908,0.034482758620689655,6220,0.3122186495176849,0.2864951768488746,0.3739549839228296,1,1
112021249,Lismore Surrounds,11202,Richmond Valley - Hinterland,112,Richmond - Tweed,1RNSW,Rest of NSW,1,New South Wales,NSW,1233.2421,47,1733,705,334,1824,0.8,1478,2.5,5234,5687,0.920344645683137,0.2598395108903324,0.33244172716851356,0.37237294612151317,0.17902178066488345,0.08521207489491785,5687,0.46509583260066817,0.3455248813082469,0.1415509055741164,1,1
112031250,Kingscliff - Fingal Head,11203,Tweed Valley,112,Richmond - Tweed,1RNSW,Rest of NSW,1,New South Wales,NSW,38.4359,47,2240,765,483,2075,0.8,1537,2.4,5170,5616,0.9205840455840456,0.27253384912959383,0.34235976789168276,0.40406189555125727,0.23849129593810445,0.1344294003868472,5616,0.43696581196581197,0.28222934472934474,0.2532051282051282,1,1
112031251,Murwillumbah,11203,Tweed Valley,112,Richmond - Tweed,1RNSW,Rest of NSW,1,New South Wales,NSW,24.2868,46,1733,597,350,1461,0.8,1154,2.4,3388,3667,0.9239160076356695,0.3562573789846517,0.44362455726092087,0.2514757969303424,0.08795749704840614,0.030991735537190084,3667,0.35124079629124627,0.3119716389419144,0.2942459776383965,1,1
112031252,Murwillumbah Surrounds,11203,Tweed Valley,112,Richmond - Tweed,1RNSW,Rest of NSW,1,New South Wales,NSW,908.2415,48,1745,634,350,1617,0.9,1387,2.6,3188,3520,0.9056818181818181,0.27603513174404015,0.35790464240903386,0.3390840652446675,0.1549560853199498,0.07245922208281054,3520,0.4576704545454545,0.33238636363636365,0.1536931818181818,1,1
112031253,Pottsville,11203,Tweed Valley,112,Richmond - Tweed,1RNSW,Rest of NSW,1,New South Wales,NSW,189.4635,43,1950,707,468,1787,0.8,1466,2.6,4690,5032,0.9320349761526232,0.26865671641791045,0.3400852878464819,0.36695095948827294,0.16439232409381663,0.07164179104477612,5032,0.3748012718600954,0.3501589825119237,0.24105723370429252,1,1
112031254,Tweed Heads,11203,Tweed Valley,112,Richmond - Tweed,1RNSW,Rest of NSW,1,New South Wales,NSW,100.4343,49,1733,656,390,1530,0.8,1182,2.2,7979,8627,0.9248869827286427,0.3363830053891465,0.42975310189246774,0.27158791828549944,0.119187868153904,0.0541421230730668,8627,0.4003709284803524,0.2719369421583401,0.2858467601715544,1,1
112031550,Banora Point,11203,Tweed Valley,112,Richmond - Tweed,1RNSW,Rest of NSW,1,New South Wales,NSW,9.4424,48,1900,642,440,1636,0.7,1316,2.4,5914,6372,0.9281230382925298,0.30808251606357795,0.38856949611092323,0.3241460940142036,0.14372675008454514,0.05867433209333784,6372,0.4387947269303202,0.3273697426239799,0.18973634651600754,1,1
112031551,Terranora - North Tumbulgum,11203,Tweed Valley,112,Richmond - Tweed,1RNSW,Rest of NSW,1,New South Wales,NSW,29.0247,43,2167,805,538,2208,0.8,2100,3.0,1012,1058,0.9565217391304348,0.16798418972332016,0.22332015810276679,0.5128458498023716,0.2994071146245059,0.15316205533596838,1058,0.40737240075614367,0.4621928166351607,0.10302457466918714,1,1
112031552,Tweed Heads South,11203,Tweed Valley,112,Richmond - Tweed,1RNSW,Rest of NSW,1,New South Wales,NSW,8.4562,54,1733,552,390,1350,0.8,949,2.1,3395,3711,0.9148477499326327,0.4223858615611193,0.5251840942562592,0.2008836524300442,0.07540500736377025,0.02857142857142857,3711,0.4535165723524656,0.2085691188358933,0.2883319859876044,1,1
113011256,Griffith (NSW),11301,Griffith - Murrumbidgee (West),113,Riverina,1RNSW,Rest of NSW,1,New South Wales,NSW,56.3332,37,1500,833,300,1974,0.8,1699,2.6,6652,7182,0.9262043998886104,0.22053517739025857,0.2862297053517739,0.4186710763680096,0.18761274804570055,0.08253156945279615,7182,0.31272626009468113,0.27903091060985796,0.36285157337788915,1,1
113011257,Griffith Surrounds,11301,Griffith - Murrumbidgee (West),113,Riverina,1RNSW,Rest of NSW,1,New South Wales,NSW,23020.2045,40,1200,831,220,1953,0.8,1630,2.6,3844,4259,0.902559286217422,0.2169614984391259,0.29084287200832465,0.3941207075962539,0.1880853277835588,0.09027055150884496,4259,0.39398919934256865,0.2859826250293496,0.22211786804414183,1,1
113011258,Leeton,11301,Griffith - Murrumbidgee (West),113,Riverina,1RNSW,Rest of NSW,1,New South Wales,NSW,373.8747,37,1300,746,250,1828,0.8,1427,2.5,3356,3625,0.9257931034482758,0.27622169249106077,0.3557806912991657,0.3465435041716329,0.15226460071513706,0.06436233611442194,3625,0.3586206896551724,0.3230344827586207,0.2891034482758621,1,1
113011259,Narrandera,11301,Griffith - Murrumbidgee (West),113,Riverina,1RNSW,Rest of NSW,1,New South Wales,NSW,5409.2764,44,1000,646,200,1512,0.7,1184,2.3,2020,2206,0.915684496826836,0.35148514851485146,0.43415841584158416,0.2623762376237624,0.1103960396039604,0.04405940594059406,2206,0.4161378059836809,0.2873980054397099,0.23889392565729828,1,1
113021260,Tumbarumba,11302,Tumut - Tumbarumba,113,Riverina,1RNSW,Rest of NSW,1,New South Wales,NSW,4520.6743,47,1127,707,208,1647,0.7,1332,2.3,1208,1300,0.9292307692307692,0.3079470198675497,0.38741721854304634,0.32864238410596025,0.14072847682119205,0.059602649006622516,1300,0.48538461538461536,0.25,0.21076923076923076,1,1
113021261,Tumut,11302,Tumut - Tumbarumba,113,Riverina,1RNSW,Rest of NSW,1,New South Wales,NSW,40.3087,42,1300,656,245,1615,0.8,1244,2.3,2389,2608,0.9160276073619632,0.33110087902888236,0.4148179154457932,0.2942653830054416,0.1243197990791126,0.053997488488907494,2608,0.3688650306748466,0.2871932515337423,0.3186349693251534,1,1
113021262,Tumut Surrounds,11302,Tumut - Tumbarumba,113,Riverina,1RNSW,Rest of NSW,1,New South Wales,NSW,4613.7431,47,1300,712,200,1821,0.7,1390,2.4,1611,1772,0.9091422121896162,0.2954686530105525,0.3780260707635009,0.345747982619491,0.15828677839851024,0.07386716325263812,1772,0.4937923250564334,0.3002257336343115,0.1518058690744921,1,1
113031263,Cootamundra,11303,Wagga Wagga,113,Riverina,1RNSW,Rest of NSW,1,New South Wales,NSW,1656.1222,51,1111,592,219,1426,0.7,1054,2.2,2947,3171,0.9293598233995585,0.3875127248048863,0.48184594502884287,0.2490668476416695,0.11401425178147269,0.053953172718018326,3171,0.4806054872280038,0.2456638284452854,0.2229580573951435,1,1
113031264,Gundagai,11303,Wagga Wagga,113,Riverina,1RNSW,Rest of NSW,1,New South Wales,NSW,2362.5241,44,1291,713,220,1805,0.7,1351,2.4,1205,1323,0.9108087679516251,0.3128630705394191,0.3775933609958506,0.3253112033195021,0.15020746887966804,0.06473029045643154,1323,0.4520030234315949,0.2705971277399849,0.20710506424792138,1,1
113031265,Junee,11303,Wagga Wagga,113,Riverina,1RNSW,Rest of NSW,1,New South Wales,NSW,1970.8746,41,1247,737,260,1781,0.7,1387,2.4,1918,2082,0.9212295869356388,0.28779979144942647,0.3753910323253389,0.335245046923879,0.15797705943691345,0.06308654848800835,2082,0.3928914505283381,0.3059558117195005,0.25024015369836694,1,1
113031266,Temora,11303,Wagga Wagga,113,Riverina,1RNSW,Rest of NSW,1,New South Wales,NSW,3434.2619,48,1083,640,220,1560,0.7,1168,2.3,2404,2633,0.9130269654386631,0.35565723793677206,0.4384359400998336,0.26788685524126454,0.11896838602329451,0.05324459234608985,2633,0.48803646031143183,0.23471325484238512,0.22066084314470186,1,1
113031267,Wagga Wagga - East,11303,Wagga Wagga,113,Riverina,1RNSW,Rest of NSW,1,New South Wales,NSW,54.0429,38,1517,851,300,2088,0.7,1699,2.6,5852,6309,0.9275637977492471,0.21633629528366372,0.2845181134654819,0.41866028708133973,0.21650717703349281,0.10372522214627478,6309,0.3515612616896497,0.3572673957838009,0.2597876050087177,1,1
113031268,Wagga Wagga - North,11303,Wagga Wagga,113,Riverina,1RNSW,Rest of NSW,1,New South Wales,NSW,53.6776,30,1733,841,380,2332,0.8,2042,2.7,1634,1772,0.9221218961625283,0.1591187270501836,0.21481028151774786,0.5122399020807834,0.2533659730722154,0.10281517747858017,1772,0.24379232505643342,0.39334085778781036,0.3013544018058691,1,1
113031269,Wagga Wagga - South,11303,Wagga Wagga,113,Riverina,1RNSW,Rest of NSW,1,New South Wales,NSW,29.4358,35,1517,818,300,2020,0.7,1609,2.5,7776,8358,0.9303661162957645,0.2400977366255144,0.30594135802469136,0.3949331275720165,0.18531378600823045,0.07947530864197531,8358,0.28332136874850444,0.3609715242881072,0.32998324958123953,1,1
113031270,Wagga Wagga - West,11303,Wagga Wagga,113,Riverina,1RNSW,Rest of NSW,1,New South Wales,NSW,54.9391,36,1302,756,270,1753,0.7,1279,2.1,4662,4981,0.9359566352138124,0.308022308022308,0.3936078936078936,0.29965679965679964,0.13363363363363365,0.06606606606606606,4981,0.25677574784179885,0.20618349728970087,0.493876731580004,1,1
113031271,Wagga Wagga Surrounds,11303,Wagga Wagga,113,Riverina,1RNSW,Rest of NSW,1,New South Wales,NSW,9334.6874,36,1490,856,280,2056,0.8,1748,2.7,5403,5977,0.9039651999330768,0.212474551175273,0.2813251897094207,0.430686655561725,0.1971127151582454,0.08735887469924117,5977,0.3682449389325749,0.38848920863309355,0.1890580558808767,1,1
114011272,Berry - Kangaroo Valley,11401,Shoalhaven,114,Southern Highlands and Shoalhaven,1RNSW,Rest of NSW,1,New South Wales,NSW,537.0884,56,2167,730,400,1915,0.7,1429,2.3,3596,3896,0.9229979466119097,0.2950500556173526,0.36345939933259175,0.3706896551724138,0.20884315906562848,0.11512791991101223,3896,0.5500513347022588,0.24820328542094455,0.1352669404517454,1,1
114011273,Callala Bay - Currarong,11401,Shoalhaven,114,Southern Highlands and Shoalhaven,1RNSW,Rest of NSW,1,New South Wales,NSW,166.9089,55,1733,637,380,1495,0.7,1237,2.3,1405,1496,0.9391711229946524,0.299644128113879,0.3871886120996441,0.305338078291815,0.15871886120996442,0.06690391459074733,1496,0.5487967914438503,0.23128342245989306,0.19585561497326204,1,1
114011274,Culburra Beach,11401,Shoalhaven,114,Southern Highlands and Shoalhaven,1RNSW,Rest of NSW,1,New South Wales,NSW,76.4017,55,1710,621,331,1476,0.7,1195,2.2,2045,2186,0.9354986276303752,0.341320293398533,0.4278728606356968,0.2709046454767726,0.12224938875305623,0.05672371638141809,2186,0.4757548032936871,0.24519670631290028,0.2250686184812443,1,1
114011275,Ettrema - Sassafras - Budawang,11401,Shoalhaven,114,Southern Highlands and Shoalhaven,1RNSW,Rest of NSW,1,New South Wales,NSW,2144.4618,55,2217,828,0,1875,1.0,1166,2.3,20,23,0.8695652173913043,0.25,0.4,0.6,0.2,0.2,23,0.4782608695652174,0.5217391304347826,0.0,0,0
114011276,Huskisson - Vincentia,11401,Shoalhaven,114,Southern Highlands and Shoalhaven,1RNSW,Rest of NSW,1,New South Wales,NSW,31.0117,52,2000,792,400,1966,0.7,1501,2.2,1934,2023,0.9560059317844785,0.25387797311271976,0.3293691830403309,0.3815925542916236,0.1954498448810755,0.10444674250258532,2023,0.4789915966386555,0.23875432525951557,0.2619871478002966,1,1
114011277,North Nowra - Bomaderry,11401,Shoalhaven,114,Southern Highlands and Shoalhaven,1RNSW,Rest of NSW,1,New South Wales,NSW,99.7318,44,1733,679,346,1705,0.7,1363,2.4,5866,6248,0.9388604353393086,0.29236276849642007,0.3726559836345039,0.32952608250937604,0.1474599386293897,0.0676781452437777,6248,0.39244558258642764,0.3103393085787452,0.2764084507042254,1,1
114011278,Nowra,11401,Shoalhaven,114,Southern Highlands and Shoalhaven,1RNSW,Rest of NSW,1,New South Wales,NSW,101.6799,37,1733,654,330,1599,0.8,1304,2.5,7283,7856,0.9270621181262729,0.3020733214334752,0.38734038171083346,0.2980914458327612,0.12261430729095153,0.04984209803652341,7856,0.28831466395112015,0.2908604887983707,0.3869653767820774,1,1
114011279,St Georges Basin - Erowal Bay,11401,Shoalhaven,114,Southern Highlands and Shoalhaven,1RNSW,Rest of NSW,1,New South Wales,NSW,76.8594,50,1517,559,360,1359,0.7,1098,2.3,5752,6205,0.9269943593875907,0.3689151599443672,0.46453407510431155,0.22739916550764952,0.08014603616133519,0.029902642559109873,6205,0.4217566478646253,0.2826752618855761,0.23013698630136986,1,1
114011280,Sussex Inlet - Berrara,11401,Shoalhaven,114,Southern Highlands and Shoalhaven,1RNSW,Rest of NSW,1,New South Wales,NSW,40.4363,61,1504,505,310,1238,0.7,909,2.0,1918,2087,0.9190225203641591,0.4473409801876955,0.5354535974973931,0.18039624608967675,0.07716371220020855,0.0364963503649635,2087,0.5663632007666507,0.19501677048394825,0.17105893627216098,1,1
114011281,Tomerong - Wandandian - Woollamia,11401,Shoalhaven,114,Southern Highlands and Shoalhaven,1RNSW,Rest of NSW,1,New South Wales,NSW,375.9761,47,2000,723,335,1900,0.8,1716,2.7,1173,1263,0.9287410926365796,0.22932651321398123,0.28388746803069054,0.4236999147485081,0.21994884910485935,0.10656436487638533,1263,0.4782264449722882,0.40459224069675376,0.09026128266033254,1,1
114011282,Ulladulla,11401,Shoalhaven,114,Southern Highlands and Shoalhaven,1RNSW,Rest of NSW,1,New South Wales,NSW,46.7765,52,1647,612,351,1448,0.7,1167,2.3,6526,6970,0.9362984218077475,0.3475329451425069,0.4338032485442844,0.2620288078455409,0.10174685871897027,0.04673613239350291,6970,0.5044476327116212,0.24461979913916787,0.22309899569583932,1,1
114011283,Ulladulla Surrounds,11401,Shoalhaven,114,Southern Highlands and Shoalhaven,1RNSW,Rest of NSW,1,New South Wales,NSW,677.6148,56,1586,583,330,1389,0.7,1144,2.2,2181,2352,0.9272959183673469,0.35442457588262266,0.44108207244383313,0.2535534158642824,0.11325080238422743,0.05685465382851903,2352,0.594812925170068,0.2512755102040816,0.11267006802721088,1,1
114021284,Bowral,11402,Southern Highlands,114,Southern Highlands and Shoalhaven,1RNSW,Rest of NSW,1,New South Wales,NSW,55.572,56,2300,827,500,2182,0.7,1650,2.3,5213,5564,0.9369158878504673,0.239785152503357,0.31056972952234796,0.42202186840590833,0.2647228083637061,0.17629004412046806,5564,0.5310927390366643,0.2517972681524083,0.16930265995686555,1,1
114021285,Hill Top - Colo Vale,11402,Southern Highlands,114,Southern Highlands and Shoalhaven,1RNSW,Rest of NSW,1,New South Wales,NSW,174.3752,37,2000,819,430,2104,0.8,1937,2.8,2006,2182,0.919340054995417,0.17347956131605186,0.2288135593220339,0.48255234297108673,0.2357926221335992,0.1036889332003988,2182,0.3010999083409716,0.53987167736022,0.13657195233730524,1,1
114021286,Mittagong,11402,Southern Highlands,114,Southern Highlands and Shoalhaven,1RNSW,Rest of NSW,1,New South Wales,NSW,73.7568,44,2167,783,435,2118,0.7,1637,2.5,3931,4164,0.9440441882804995,0.24217756296107862,0.3083184940218774,0.42584584075298904,0.22615110658865428,0.1109132536250318,4164,0.3919308357348703,0.3208453410182517,0.25192122958693564,1,1
114021287,Moss Vale - Berrima,11402,Southern Highlands,114,Southern Highlands and Shoalhaven,1RNSW,Rest of NSW,1,New South Wales,NSW,118.1152,45,2000,773,400,2015,0.7,1552,2.4,3779,4087,0.924639099584047,0.26012172532415984,0.3360677427890976,0.3956073035194496,0.20534532945223605,0.1071712093146335,4087,0.39221923171030093,0.32640078297039393,0.25519941277220454,1,1
114021288,Robertson - Fitzroy Falls,11402,Southern Highlands,114,Southern Highlands and Shoalhaven,1RNSW,Rest of NSW,1,New South Wales,NSW,498.4941,50,2167,852,440,2283,0.7,1914,2.5,1294,1403,0.9223093371347113,0.1955177743431221,0.24652241112828438,0.46986089644513135,0.27279752704791344,0.17928902627511592,1403,0.5067712045616536,0.3171774768353528,0.14183891660727013,1,1
114021289,Southern Highlands,11402,Southern Highlands,114,Southern Highlands and Shoalhaven,1RNSW,Rest of NSW,1,New South Wales,NSW,1409.7013,53,2108,757,400,1947,0.7,1574,2.4,2609,2792,0.9344555873925502,0.25067075507857417,0.32196243771559985,0.4013031812955155,0.23878880797240323,0.14449980835569184,2792,0.5239971346704871,0.3130372492836676,0.12607449856733524,1,1
115011290,Baulkham Hills - East,11501,Baulkham Hills,115,Sydney - Baulkham Hills and Hawkesbury,1GSYD,Greater Sydney,1,New South Wales,NSW,8.3081,39,2600,974,510,2680,0.9,2389,2.9,7919,8316,0.9522607022607023,0.14875615608031317,0.19093319863619143,0.5966662457380982,0.386664982952393,0.22755398408890012,8316,0.3071188071188071,0.4172679172679173,0.25084175084175087,1,1
115011291,Baulkham Hills (West) - Bella Vista,11501,Baulkham Hills,115,Sydney - Baulkham Hills and Hawkesbury,1GSYD,Greater Sydney,1,New South Wales,NSW,10.8721,40,3000,1013,610,2989,0.8,2847,3.1,6497,6859,0.947222627205132,0.12082499615207018,0.156225950438664,0.6553794058796367,0.47591195936586117,0.32830537171002,6859,0.37760606502405597,0.43125820090392186,0.1756815862370608,1,1
115011294,Glenhaven,11501,Baulkham Hills,115,Sydney - Baulkham Hills and Hawkesbury,1GSYD,Greater Sydney,1,New South Wales,NSW,7.2309,48,3033,949,650,3086,0.7,2491,2.8,2062,2165,0.9524249422632795,0.16634335596508246,0.22744907856450047,0.5795344325897187,0.43695441319107664,0.3176527643064985,2165,0.41893764434180136,0.37367205542725174,0.06189376443418014,1,1
115011296,West Pennant Hills,11501,Baulkham Hills,115,Sydney - Baulkham Hills and Hawkesbury,1GSYD,Greater Sydney,1,New South Wales,NSW,7.8291,44,3033,1038,700,3286,0.7,3217,3.1,3723,3967,0.9384925636501135,0.10905183991404781,0.14020950846091862,0.6927209239860328,0.5302175664786463,0.40424388933655653,3967,0.4615578522813209,0.4061003277035543,0.11167128812704814,1,1
115011553,Castle Hill - Central,11501,Baulkham Hills,115,Sydney - Baulkham Hills and Hawkesbury,1GSYD,Greater Sydney,1,New South Wales,NSW,4.1512,40,2700,944,550,2659,0.9,2361,2.9,2502,2622,0.954233409610984,0.15067945643485212,0.1950439648281375,0.5911270983213429,0.3764988009592326,0.24060751398880895,2622,0.32265446224256294,0.3527841342486651,0.3100686498855835,1,1
115011554,Castle Hill - East,11501,Baulkham Hills,115,Sydney - Baulkham Hills and Hawkesbury,1GSYD,Greater Sydney,1,New South Wales,NSW,2.072,53,3000,715,547,2921,0.8,2014,2.7,1701,1811,0.9392600773053562,0.2727807172251617,0.3274544385655497,0.5038212815990594,0.3803644914756026,0.27336860670194,1811,0.32081722805080065,0.315847598012148,0.14688017669795694,1,1
115011555,Castle Hill - North,11501,Baulkham Hills,115,Sydney - Baulkham Hills and Hawkesbury,1GSYD,Greater Sydney,1,New South Wales,NSW,6.8149,43,3000,929,600,2909,0.8,2721,3.1,3673,3874,0.9481156427465153,0.14456847263817044,0.18431799618840186,0.6349033487612306,0.45766403484889734,0.3196297304655595,3874,0.399586990191017,0.38822922044398556,0.18559628291171915,1,1
115011556,Castle Hill - South,11501,Baulkham Hills,115,Sydney - Baulkham Hills and Hawkesbury,1GSYD,Greater Sydney,1,New South Wales,NSW,4.1277,40,3000,978,550,2712,0.9,2482,2.9,3259,3450,0.9446376811594203,0.13593126725989568,0.169683952132556,0.6072414851181344,0.4130101258054618,0.2672598956735195,3450,0.331304347826087,0.35391304347826086,0.296231884057971,1,1
115011557,Castle Hill - West,11501,Baulkham Hills,115,Sydney - Baulkham Hills and Hawkesbury,1GSYD,Greater Sydney,1,New South Wales,NSW,1.6363,41,3000,1057,692,3403,0.8,3361,3.3,1460,1545,0.9449838187702265,0.09657534246575343,0.12945205479452054,0.7287671232876712,0.5698630136986301,0.3938356164383562,1545,0.35210355987055014,0.4899676375404531,0.14498381877022654,1,1
115011558,Cherrybrook,11501,Baulkham Hills,115,Sydney - Baulkham Hills and Hawkesbury,1GSYD,Greater Sydney,1,New South Wales,NSW,8.2514,43,3000,940,695,3098,0.8,2924,3.1,5645,5942,0.9500168293503871,0.12595217006200177,0.16350752878653677,0.6584588131089459,0.48804251550044286,0.34189548272807796,5942,0.39498485358465163,0.4289801413665433,0.14826657691013126,1,1
115011621,Kellyville - East,11501,Baulkham Hills,115,Sydney - Baulkham Hills and Hawkesbury,1GSYD,Greater Sydney,1,New South Wales,NSW,5.7375,38,2900,995,650,3089,0.8,3051,3.3,4952,5247,0.9437773966075853,0.10884491114701131,0.1381260096930533,0.702140549273021,0.5090872374798061,0.33360258481421645,5247,0.295788069372975,0.5246807699637889,0.16409376786735277,1,1
115011622,Kellyville - West,11501,Baulkham Hills,115,Sydney - Baulkham Hills and Hawkesbury,1GSYD,Greater Sydney,1,New South Wales,NSW,4.9945,37,3200,1143,600,3181,0.9,2965,3.1,3321,3522,0.9429301533219762,0.0957542908762421,0.13008130081300814,0.6931647094248721,0.49653718759409815,0.3444745558566697,3522,0.17035775127768313,0.48807495741056217,0.26859738784781373,1,1
115021297,Dural - Kenthurst - Wisemans Ferry,11502,Dural - Wisemans Ferry,115,Sydney - Baulkham Hills and Hawkesbury,1GSYD,Greater Sydney,1,New South Wales,NSW,377.5396,44,3033,906,550,2777,0.8,2595,3.2,6340,6807,0.9313941530777141,0.14526813880126183,0.1916403785488959,0.6110410094637224,0.4413249211356467,0.3083596214511041,6807,0.43837226384604083,0.39400617011899514,0.12986631408843838,1,1
115021298,Galston - Laughtondale,11502,Dural - Wisemans Ferry,115,Sydney - Baulkham Hills and Hawkesbury,1GSYD,Greater Sydney,1,New South Wales,NSW,191.699,47,2784,903,460,2710,0.8,2364,2.9,1645,1764,0.9325396825396826,0.1696048632218845,0.22249240121580546,0.5641337386018237,0.3933130699088146,0.28085106382978725,1764,0.44614512471655327,0.35827664399092973,0.12471655328798185,1,1
115031299,Bilpin - Colo - St Albans,11503,Hawkesbury,115,Sydney - Baulkham Hills and Hawkesbury,1GSYD,Greater Sydney,1,New South Wales,NSW,2160.1601,48,2167,746,320,2122,0.8,1688,2.5,933,1003,0.9302093718843469,0.2433011789924973,0.29689174705251875,0.44480171489817794,0.22936763129689175,0.1232583065380493,1003,0.4107676969092722,0.44167497507477566,0.08374875373878365,1,0
115031300,Kurrajong Heights - Ebenezer,11503,Hawkesbury,115,Sydney - Baulkham Hills and Hawkesbury,1GSYD,Greater Sydney,1,New South Wales,NSW,331.85,40,2383,907,440,2409,0.8,2291,3.0,6668,7145,0.9332400279916025,0.14532093581283742,0.1897120575884823,0.5790341931613677,0.34763047390521895,0.1978104379124175,7145,0.3630510846745976,0.4951714485654304,0.11994401679496151,1,1
115041301,Pitt Town - McGraths Hill,11504,Rouse Hill - McGraths Hill,115,Sydney - Baulkham Hills and Hawkesbury,1GSYD,Greater Sydney,1,New South Wales,NSW,80.503,39,2600,920,500,2564,0.8,2340,3.1,3316,3567,0.9296327446033081,0.15018094089264172,0.19451145958986732,0.5765983112183354,0.3673100120627262,0.21019300361881785,3567,0.39108494533221194,0.42753013737033924,0.15419119708438464,1,1
115041623,Box Hill - Nelson,11504,Rouse Hill - McGraths Hill,115,Sydney - Baulkham Hills and Hawkesbury,1GSYD,Greater Sydney,1,New South Wales,NSW,21.0706,32,3000,1274,595,2979,0.8,2976,3.3,2891,3052,0.9472477064220184,0.056381874783811826,0.07851954341058458,0.7554479418886199,0.4936008301625735,0.2694569353164995,3052,0.11959370904325033,0.6707077326343381,0.19626474442988204,1,1
115041624,North Kellyville,11504,Rouse Hill - McGraths Hill,115,Sydney - Baulkham Hills and Hawkesbury,1GSYD,Greater Sydney,1,New South Wales,NSW,8.0039,33,3250,1212,600,3206,0.9,3120,3.3,4798,5079,0.9446741484544202,0.06606919549812422,0.08670279283034597,0.7375989995831597,0.5264693622342643,0.3401417257190496,5079,0.1350659578657216,0.5764914353219137,0.2770230360307147,1,1
115041625,Rouse Hill - Beaumont Hills,11504,Rouse Hill - McGraths Hill,115,Sydney - Baulkham Hills and Hawkesbury,1GSYD,Greater Sydney,1,New South Wales,NSW,8.6462,37,2900,1059,610,3228,0.9,3206,3.4,4848,5132,0.9446609508963367,0.08250825082508251,0.10726072607260725,0.7427805280528053,0.5451732673267327,0.35396039603960394,5132,0.22077162899454403,0.5584567420109119,0.21219797349961028,1,1
116011303,Blacktown (East) - Kings Park,11601,Blacktown,116,Sydney - Blacktown,1GSYD,Greater Sydney,1,New South Wales,NSW,7.9753,34,2000,796,380,1949,1.0,1753,2.7,5555,5889,0.9432840889794533,0.19963996399639963,0.26300630063006303,0.4324032403240324,0.19405940594059407,0.08028802880288029,5889,0.1805060281881474,0.29529631516386484,0.49431142808626255,1,1
116011304,Blacktown (North) - Marayong,11601,Blacktown,116,Sydney - Blacktown,1GSYD,Greater Sydney,1,New South Wales,NSW,7.3828,34,2270,738,400,1944,0.9,1771,2.9,6245,6674,0.9357207072220557,0.22241793434747797,0.2805444355484388,0.4429143314651721,0.21729383506805444,0.0933546837469976,6674,0.22610128858255918,0.3410248726400959,0.4051543302367396,1,1
116011306,Doonside - Woodcroft,11601,Blacktown,116,Sydney - Blacktown,1GSYD,Greater Sydney,1,New South Wales,NSW,9.9106,36,2200,747,380,2108,0.9,2004,3.1,6587,7054,0.9337964275588319,0.20100197358433278,0.251252466980416,0.5012904205252771,0.26567481402763016,0.13192652193714893,7054,0.22285228239296853,0.3976467252622625,0.3521406294301106,1,1
116011307,Lalor Park - Kings Langley,11601,Blacktown,116,Sydney - Blacktown,1GSYD,Greater Sydney,1,New South Wales,NSW,11.7998,38,2300,815,380,2275,0.8,1971,2.8,8147,8641,0.9428306908922578,0.216889652632871,0.26868786056217014,0.49478335583650424,0.28206701853442984,0.14287467779550755,8641,0.28376345330401576,0.38444624464761024,0.30563592176831383,1,1
116011560,Blacktown - South,11601,Blacktown,116,Sydney - Blacktown,1GSYD,Greater Sydney,1,New South Wales,NSW,3.3594,36,2043,744,400,1974,0.9,1776,2.9,3816,4097,0.9314132291920918,0.21226415094339623,0.2688679245283019,0.4363207547169811,0.2169811320754717,0.09198113207547169,4097,0.26360751769587504,0.35025628508664874,0.35879912130827435,1,1
116011561,Blacktown - West,11601,Blacktown,116,Sydney - Blacktown,1GSYD,Greater Sydney,1,New South Wales,NSW,4.6753,35,2100,749,410,1981,0.9,1857,3.0,4989,5303,0.9407882330756175,0.1894167167769092,0.2517538584886751,0.4626177590699539,0.2112647825215474,0.0879935858889557,5303,0.24929285310201774,0.345464831227607,0.37261927211012635,1,1
116011626,Seven Hills - Prospect,11601,Blacktown,116,Sydney - Blacktown,1GSYD,Greater Sydney,1,New South Wales,NSW,7.5851,37,2167,796,420,2179,0.9,1960,2.8,4703,4999,0.9407881576315263,0.20455028705081862,0.25643206463959173,0.4911758452051882,0.2628109717201786,0.12523920901552202,4999,0.30206041208241646,0.376875375075015,0.29825965193038606,1,1
116011627,Toongabbie - West,11601,Blacktown,116,Sydney - Blacktown,1GSYD,Greater Sydney,1,New South Wales,NSW,3.2406,35,2167,834,420,2201,1.0,2061,2.9,3553,3796,0.9359852476290832,0.19617224880382775,0.24598930481283424,0.5220940050661413,0.2800450323670138,0.13509710104137349,3796,0.22760800842992623,0.3848788198103267,0.36459430979978924,1,1
116021309,Glenwood,11602,Blacktown - North,116,Sydney - Blacktown,1GSYD,Greater Sydney,1,New South Wales,NSW,5.1186,37,2600,984,590,3009,0.9,3068,3.5,4247,4500,0.9437777777777778,0.08782670120084765,0.11419825759359548,0.7226277372262774,0.514716270308453,0.3166941370379091,4500,0.24444444444444444,0.5422222222222223,0.1948888888888889,1,1
116021562,Acacia Gardens,11602,Blacktown - North,116,Sydney - Blacktown,1GSYD,Greater Sydney,1,New South Wales,NSW,0.9466,36,2484,1055,540,2800,0.9,2796,3.2,1077,1125,0.9573333333333334,0.10399257195914577,0.1309192200557103,0.7010213556174559,0.4531104921077066,0.23862581244196843,1125,0.20622222222222222,0.5777777777777777,0.20177777777777778,1,1
116021563,Quakers Hill,11602,Blacktown - North,116,Sydney - Blacktown,1GSYD,Greater Sydney,1,New South Wales,NSW,7.7674,34,2318,968,460,2476,0.9,2400,3.1,7244,7616,0.9511554621848739,0.11126449475427941,0.1461899503036996,0.6194091662065158,0.3507730535615682,0.17614577581446714,7616,0.20732668067226892,0.47675945378151263,0.3006827731092437,1,1
116021628,Kellyville Ridge - The Ponds,11602,Blacktown - North,116,Sydney - Blacktown,1GSYD,Greater Sydney,1,New South Wales,NSW,5.9124,35,2800,1147,600,3199,0.9,3164,3.4,5675,5986,0.9480454393585032,0.06819383259911894,0.09462555066079295,0.7443171806167401,0.5404405286343612,0.32493392070484584,5986,0.15552956899432008,0.5910457734714334,0.2236886067490812,1,1
116021629,Marsden Park - Shanes Park,11602,Blacktown - North,116,Sydney - Blacktown,1GSYD,Greater Sydney,1,New South Wales,NSW,25.0406,32,2882,1142,570,2743,0.8,2729,3.4,4270,4471,0.9550436144039365,0.08266978922716628,0.10515222482435597,0.7128805620608899,0.4238875878220141,0.1955503512880562,4471,0.10355625139789756,0.6861999552672781,0.1896667412212033,1,1
116021630,Riverstone,11602,Blacktown - North,116,Sydney - Blacktown,1GSYD,Greater Sydney,1,New South Wales,NSW,32.1656,32,2600,964,490,2401,0.8,2272,3.0,4146,4362,0.9504814305364512,0.13434635793535937,0.173420164013507,0.58803666184274,0.3087313072841293,0.1362759286058852,4362,0.1632278771205869,0.47730398899587345,0.33837689133425036,1,1
116021631,Schofields (West) - Colebee,11602,Blacktown - North,116,Sydney - Blacktown,1GSYD,Greater Sydney,1,New South Wales,NSW,10.5499,33,3000,1208,580,3094,0.8,3140,3.4,2682,2822,0.9503897944720057,0.054436987322893364,0.07568978374347501,0.7692020879940343,0.5343027591349739,0.30201342281879195,2822,0.0956768249468462,0.6541459957476967,0.23281360737065912,1,1
116021632,Schofields - East,11602,Blacktown - North,116,Sydney - Blacktown,1GSYD,Greater Sydney,1,New South Wales,NSW,11.6638,31,2817,1166,550,2793,0.9,2682,3.2,7275,7612,0.9557277982133473,0.06336769759450171,0.09072164948453608,0.7046048109965636,0.427766323024055,0.21993127147766323,7612,0.05635838150289017,0.5403310562270099,0.3851812926957436,1,1
116021633,Stanhope Gardens - Parklea,11602,Blacktown - North,116,Sydney - Blacktown,1GSYD,Greater Sydney,1,New South Wales,NSW,3.9008,36,2691,1035,580,3017,0.9,2860,3.2,3398,3592,0.9459910913140311,0.11565626839317246,0.1433195997645674,0.6851088875809299,0.4749852854620365,0.2878163625662154,3592,0.22689309576837416,0.5498329621380846,0.20657015590200445,1,1
116031313,Bidwill - Hebersham - Emerton,11603,Mount Druitt,116,Sydney - Blacktown,1GSYD,Greater Sydney,1,New South Wales,NSW,6.095,32,1733,525,300,1370,0.9,1216,2.9,5164,5598,0.9224723115398357,0.3386909372579396,0.42021688613477926,0.2724632068164214,0.09953524399690163,0.03640588690937258,5598,0.2023937120400143,0.2572347266881029,0.5080385852090032,1,1
116031314,Glendenning - Dean Park,11603,Mount Druitt,116,Sydney - Blacktown,1GSYD,Greater Sydney,1,New South Wales,NSW,5.1425,34,2167,813,420,2130,1.0,2073,3.2,2314,2456,0.9421824104234527,0.1365600691443388,0.18582541054451165,0.5246326707000865,0.23163353500432152,0.09031979256698358,2456,0.18363192182410423,0.49267100977198697,0.2923452768729642,1,1
116031315,Hassall Grove - Plumpton,11603,Mount Druitt,116,Sydney - Blacktown,1GSYD,Greater Sydney,1,New South Wales,NSW,6.2052,34,2120,809,420,2162,0.9,2112,3.4,5628,6027,0.9337979094076655,0.13894811656005687,0.187455579246624,0.5342928216062545,0.27149964463397297,0.11780383795309168,6027,0.2067363530778165,0.49759415961506553,0.2692882030861125,1,1
116031316,Lethbridge Park - Tregear,11603,Mount Druitt,116,Sydney - Blacktown,1GSYD,Greater Sydney,1,New South Wales,NSW,11.2672,31,2080,653,320,1662,0.9,1411,3.0,6071,6583,0.922223910071396,0.29154999176412455,0.3684730686872015,0.3503541426453632,0.15005765112831493,0.06127491352330753,6583,0.1503873613853866,0.33100410147349235,0.476682363663983,1,1
116031317,Mount Druitt - Whalan,11603,Mount Druitt,116,Sydney - Blacktown,1GSYD,Greater Sydney,1,New South Wales,NSW,8.6855,33,1800,582,345,1543,1.0,1392,3.0,6484,6980,0.9289398280802292,0.26711906230721777,0.3480876002467613,0.3183220234423196,0.12538556446637877,0.050894509561998764,6980,0.19412607449856734,0.273352435530086,0.5004297994269341,1,1
116031318,Prospect Reservoir,11603,Mount Druitt,116,Sydney - Blacktown,1GSYD,Greater Sydney,1,New South Wales,NSW,29.8693,40,1625,1208,530,2250,1.2,1624,1.4,0,8,0.0,,,,,,8,0.0,0.0,0.0,0,0
116031319,Rooty Hill - Minchinbury,11603,Mount Druitt,116,Sydney - Blacktown,1GSYD,Greater Sydney,1,New South Wales,NSW,14.6242,36,2167,763,420,2146,0.9,2050,3.2,6123,6533,0.9372416960048983,0.17328107137024334,0.2252163971909195,0.5141270618977626,0.2604932222766618,0.1177527355871305,6533,0.2528700443900199,0.4250727077912138,0.2925149242308281,1,1
117011320,Banksmeadow,11701,Botany,117,Sydney - City and Inner South,1GSYD,Greater Sydney,1,New South Wales,NSW,3.9384,33,3000,1353,620,2571,1.2,2225,2.0,213,203,1.0492610837438423,0.10328638497652583,0.14084507042253522,0.5774647887323944,0.3004694835680751,0.15492957746478872,203,0.12315270935960591,0.27586206896551724,0.5960591133004927,0,0
117011321,Botany,11701,Botany,117,Sydney - City and Inner South,1GSYD,Greater Sydney,1,New South Wales,NSW,3.4307,36,2741,1153,550,2844,1.1,2373,2.6,4475,4748,0.9425021061499579,0.14480446927374302,0.18189944134078212,0.6015642458100559,0.38145251396648044,0.21608938547486034,4748,0.2021903959561921,0.40543386689132266,0.37278854254422916,1,1
117011323,Pagewood - Hillsdale - Daceyville,11701,Botany,117,Sydney - City and Inner South,1GSYD,Greater Sydney,1,New South Wales,NSW,3.1186,35,2600,881,495,2269,1.0,1808,2.4,5352,5684,0.9415904292751583,0.22869955156950672,0.2860612855007474,0.4545964125560538,0.25990284005979075,0.1431240657698057,5684,0.21252638986629135,0.24771287825475016,0.5121393384940183,1,1
117011324,Port Botany Industrial,11701,Botany,117,Sydney - City and Inner South,1GSYD,Greater Sydney,1,New South Wales,NSW,2.8044,61,3179,1812,1200,3749,0.9,2499,1.8,0,5,0.0,,,,,,5,0.0,0.6,0.0,0,0
117011325,Sydney Airport,11701,Botany,117,Sydney - City and Inner South,1GSYD,Greater Sydney,1,New South Wales,NSW,8.9106,35,2302,949,0,4624,0.7,2750,2.3,0,3,0.0,,,,,,3,0.0,0.0,0.0,0,0
117011634,Eastlakes,11701,Botany,117,Sydney - City and Inner South,1GSYD,Greater Sydney,1,New South Wales,NSW,3.1149,41,2297,662,385,1893,1.0,1411,2.5,3219,3430,0.9384839650145773,0.31748990369680025,0.38428083255669465,0.36564150357253805,0.1981981981981982,0.11338925132028581,3430,0.28309037900874634,0.22682215743440234,0.4495626822157434,1,1
117011635,Mascot,11701,Botany,117,Sydney - City and Inner South,1GSYD,Greater Sydney,1,New South Wales,NSW,3.0501,30,2600,994,600,2394,1.2,2253,2.5,7630,8104,0.9415103652517275,0.1474442988204456,0.190694626474443,0.5705111402359109,0.3343381389252949,0.17771952817824377,8104,0.16177196446199407,0.24395360315893386,0.5672507403751234,1,1
117021327,Petersham - Stanmore,11702,Marrickville - Sydenham - Petersham,117,Sydney - City and Inner South,1GSYD,Greater Sydney,1,New South Wales,NSW,3.0033,36,3000,1247,470,3271,1.0,2303,2.2,7852,8247,0.9521037953195102,0.1576668364747835,0.19829342842587877,0.5715741212429954,0.39556800815078963,0.27101375445746306,8247,0.20904571359282162,0.28858979022674913,0.48356978295137626,1,1
117021328,Sydenham - Tempe - St Peters,11702,Marrickville - Sydenham - Petersham,117,Sydney - City and Inner South,1GSYD,Greater Sydney,1,New South Wales,NSW,3.8539,36,2900,1234,630,3092,1.0,2619,2.5,3019,3176,0.950566750629723,0.13183173236170917,0.16793640278237826,0.6419344153693276,0.44319311030142433,0.273269294468367,3176,0.24181360201511334,0.3743702770780856,0.3630352644836272,1,1
117021636,Marrickville - North,11702,Marrickville - Sydenham - Petersham,117,Sydney - City and Inner South,1GSYD,Greater Sydney,1,New South Wales,NSW,2.8199,37,2817,1160,550,2961,1.0,2358,2.4,4548,4818,0.9439601494396015,0.15721196130167106,0.20162708883025507,0.5864116094986808,0.3909410729991205,0.24802110817941952,4818,0.23889580738895808,0.29742631797426317,0.4414694894146949,1,1
117021637,Marrickville - South,11702,Marrickville - Sydenham - Petersham,117,Sydney - City and Inner South,1GSYD,Greater Sydney,1,New South Wales,NSW,2.9929,37,2500,1003,450,2507,1.0,2018,2.3,5496,5802,0.9472595656670114,0.1874090247452693,0.23853711790393012,0.5045487627365357,0.29858078602620086,0.17831149927219797,5802,0.23698724577731817,0.2537056187521544,0.48793519476042746,1,1
117031329,Darlinghurst,11703,Sydney Inner City,117,Sydney - City and Inner South,1GSYD,Greater Sydney,1,New South Wales,NSW,0.8569,37,2964,1535,550,3913,1.1,2279,1.7,5166,5384,0.9595096582466568,0.14982578397212543,0.19725125822686798,0.5737514518002322,0.40553619821912507,0.30158730158730157,5384,0.1684621099554235,0.19279346210995543,0.6188707280832095,1,1
117031330,Erskineville - Alexandria,11703,Sydney Inner City,117,Sydney - City and Inner South,1GSYD,Greater Sydney,1,New South Wales,NSW,4.3199,34,2752,1669,591,3685,1.1,2825,2.0,8587,8988,0.9553849577214063,0.09258180971235588,0.1185512984744381,0.7015255618958891,0.4776988470944451,0.3224641900547339,8988,0.1261682242990654,0.33155318202047174,0.5279261237205163,1,1
117031331,Glebe - Forest Lodge,11703,Sydney Inner City,117,Sydney - City and Inner South,1GSYD,Greater Sydney,1,New South Wales,NSW,2.3018,36,2949,1230,505,3202,1.0,2080,1.9,9019,9463,0.9530804184719434,0.2248586317773589,0.27187049562035703,0.5185719037587315,0.35258897882248585,0.24847544073622352,9463,0.17140441720384655,0.17827327485998098,0.6196766353164959,1,1
117031333,Potts Point - Woolloomooloo,11703,Sydney Inner City,117,Sydney - City and Inner South,1GSYD,Greater Sydney,1,New South Wales,NSW,1.4636,39,2500,1534,490,3565,1.0,2041,1.5,9690,10076,0.961691147280667,0.17327141382868938,0.22549019607843138,0.5116615067079463,0.3319917440660475,0.24220846233230134,10076,0.1796347757046447,0.15690750297737197,0.6408296943231441,1,1
117031336,Surry Hills,11703,Sydney Inner City,117,Sydney - City and Inner South,1GSYD,Greater Sydney,1,New South Wales,NSW,1.3164,35,2839,1442,550,3551,1.1,2308,1.8,7338,7776,0.9436728395061729,0.17838648133006269,0.21559007904061053,0.5884437176342328,0.3965658217497956,0.29040610520577814,7776,0.13773148148148148,0.18377057613168724,0.654320987654321,1,1
117031638,Camperdown - Darlington,11703,Sydney Inner City,117,Sydney - City and Inner South,1GSYD,Greater Sydney,1,New South Wales,NSW,1.7106,29,3000,1023,600,3418,1.0,2440,2.1,2746,2924,0.939124487004104,0.1249089584850692,0.16351056081573198,0.6209031318281136,0.4144209759650401,0.27822286962855064,2924,0.17339261285909713,0.23700410396716826,0.5718194254445964,1,1
117031639,Chippendale,11703,Sydney Inner City,117,Sydney - City and Inner South,1GSYD,Greater Sydney,1,New South Wales,NSW,0.4642,28,2409,882,520,2304,1.2,1606,1.8,3598,3743,0.9612610205717339,0.2848804891606448,0.3337965536409116,0.4030016675931073,0.21817676486937188,0.13424124513618677,3743,0.0881645738712263,0.12663638792412504,0.7598183275447502,1,1
117031640,Newtown (NSW),11703,Sydney Inner City,117,Sydney - City and Inner South,1GSYD,Greater Sydney,1,New South Wales,NSW,1.5707,34,3000,1310,550,3385,1.0,2325,2.1,6186,6528,0.9476102941176471,0.15098609763983187,0.194794697704494,0.5830908503071451,0.39427740058195926,0.2638215324927255,6528,0.17110906862745098,0.2345281862745098,0.5765931372549019,1,1
117031641,Pyrmont,11703,Sydney Inner City,117,Sydney - City and Inner South,1GSYD,Greater Sydney,1,New South Wales,NSW,0.9299,37,2800,1297,580,3035,1.1,2422,2.1,5332,5583,0.955042092065198,0.12809452363090773,0.1629782445611403,0.6170292573143286,0.41841710427606904,0.28600900225056264,5583,0.1771449041733835,0.1798316317392083,0.616693533942325,1,1
117031642,Redfern,11703,Sydney Inner City,117,Sydney - City and Inner South,1GSYD,Greater Sydney,1,New South Wales,NSW,1.6989,36,2789,1178,500,3208,1.0,2116,1.9,5768,6153,0.9374288964732651,0.25225381414701803,0.2962898751733703,0.5258321775312067,0.3647711511789182,0.24566574202496533,6153,0.14188200877620674,0.20266536648789207,0.6239232894522997,1,1
117031643,Rosebery - Beaconsfield,11703,Sydney Inner City,117,Sydney - City and Inner South,1GSYD,Greater Sydney,1,New South Wales,NSW,1.6423,32,2600,1275,600,2883,1.1,2366,2.2,5047,5275,0.9567772511848341,0.13235585496334457,0.16584109371904102,0.6156132355854963,0.3760649891024371,0.22369724588864673,5275,0.16265402843601895,0.27601895734597154,0.5380094786729858,1,1
117031644,Sydney (North) - Millers Point,11703,Sydney Inner City,117,Sydney - City and Inner South,1GSYD,Greater Sydney,1,New South Wales,NSW,3.2122,37,3000,1509,640,3450,1.1,2457,1.8,3663,3848,0.9519230769230769,0.11247611247611247,0.14332514332514332,0.638001638001638,0.44335244335244334,0.33551733551733554,3848,0.18711018711018712,0.12655925155925155,0.6585239085239085,1,1
117031645,Sydney (South) - Haymarket,11703,Sydney Inner City,117,Sydney - City and Inner South,1GSYD,Greater Sydney,1,New South Wales,NSW,1.081,31,2600,819,620,2058,1.4,2108,2.3,7144,7644,0.934589220303506,0.17161254199328108,0.21934490481522956,0.5335946248600224,0.30963045912653975,0.17567189249720044,7644,0.1152537938252224,0.10452642595499738,0.7380952380952381,1,1
117031646,Ultimo,11703,Sydney Inner City,117,Sydney - City and Inner South,1GSYD,Greater Sydney,1,New South Wales,NSW,0.5588,30,2500,772,500,2197,1.2,1805,2.1,2782,2926,0.950786056049214,0.22501797268152407,0.26671459381739754,0.4529115744069015,0.24982027318475916,0.14485981308411214,2926,0.12440191387559808,0.12235133287764867,0.6814764183185236,1,1
117031647,Waterloo,11703,Sydney Inner City,117,Sydney - City and Inner South,1GSYD,Greater Sydney,1,New South Wales,NSW,1.1339,33,2500,1172,530,2699,1.1,2028,1.8,7580,8046,0.9420830226199354,0.26807387862796833,0.3054089709762533,0.508179419525066,0.3073878627968338,0.1783641160949868,8046,0.06152125279642058,0.17785234899328858,0.7265722097936863,1,1
117031648,Zetland,11703,Sydney Inner City,117,Sydney - City and Inner South,1GSYD,Greater Sydney,1,New South Wales,NSW,0.8047,30,2642,1262,600,2670,1.1,2192,2.0,5788,6054,0.9560621076973902,0.1615411195577056,0.192294402211472,0.5592605390463027,0.3284381478921907,0.1891845196959226,6054,0.07449620085893624,0.19772051536174431,0.7048232573505121,1,1
118011339,Bondi - Tamarama - Bronte,11801,Eastern Suburbs - North,118,Sydney - Eastern Suburbs,1GSYD,Greater Sydney,1,New South Wales,NSW,2.4962,35,3467,1472,675,3792,1.0,2951,2.3,7169,7673,0.9343151309787566,0.12707490584460873,0.15957595201562283,0.6631329334635235,0.49407169758683217,0.37034453898730646,7673,0.24540596898214517,0.2271601720317998,0.4977192753812068,1,1
118011340,Bondi Beach - North Bondi,11801,Eastern Suburbs - North,118,Sydney - Eastern Suburbs,1GSYD,Greater Sydney,1,New South Wales,NSW,2.4604,34,3467,1551,689,3811,1.0,3013,2.2,8029,8541,0.9400538578620771,0.11832108606302155,0.14958276248598829,0.6703200896749284,0.5023041474654378,0.37401918047079336,8541,0.1931858096241658,0.21367521367521367,0.568551691839363,1,1
118011341,Bondi Junction - Waverly,11801,Eastern Suburbs - North,118,Sydney - Eastern Suburbs,1GSYD,Greater Sydney,1,New South Wales,NSW,2.5235,36,3500,1354,652,3554,1.0,2566,2.3,6726,7127,0.9437350919040269,0.15165031222123104,0.1895628902765388,0.6183467142432352,0.45168004757656854,0.33630686886708294,7127,0.26238248912585943,0.23193489546793883,0.4724287919180581,1,1
118011342,Centennial Park,11801,Eastern Suburbs - North,118,Sydney - Eastern Suburbs,1GSYD,Greater Sydney,1,New South Wales,NSW,1.9786,0,0,0,0,0,0.0,0,0.0,0,0,,,,,,,0,,,,0,0
118011344,Dover Heights,11801,Eastern Suburbs - North,118,Sydney - Eastern Suburbs,1GSYD,Greater Sydney,1,New South Wales,NSW,1.8705,39,3788,1319,650,3624,0.9,2828,2.6,3835,4111,0.9328630503527122,0.12516297262059975,0.15958279009126466,0.6474576271186441,0.48135593220338985,0.36610169491525424,4111,0.3052785210411092,0.3218195086353685,0.34249574312819264,1,1
118011345,Paddington - Moore Park,11801,Eastern Suburbs - North,118,Sydney - Eastern Suburbs,1GSYD,Greater Sydney,1,New South Wales,NSW,3.725,37,3800,1651,590,4589,0.9,2810,2.1,6180,6528,0.9466911764705882,0.13576051779935275,0.1742718446601942,0.6296116504854369,0.4854368932038835,0.3883495145631068,6528,0.26087622549019607,0.24816176470588236,0.4647671568627451,1,1
118011346,Rose Bay - Vaucluse - Watsons Bay,11801,Eastern Suburbs - North,118,Sydney - Eastern Suburbs,1GSYD,Greater Sydney,1,New South Wales,NSW,5.1368,44,4195,1450,713,4590,0.8,3469,2.6,3904,4235,0.9218417945690673,0.12090163934426229,0.15445696721311475,0.6933913934426229,0.5599385245901639,0.4546618852459016,4235,0.42266824085005905,0.26847697756788663,0.25997638724911454,1,1
118011347,Woollahra,11801,Eastern Suburbs - North,118,Sydney - Eastern Suburbs,1GSYD,Greater Sydney,1,New South Wales,NSW,1.2805,42,4000,1635,675,4566,0.9,3021,2.2,2899,3094,0.9369747899159664,0.1321145222490514,0.16419454984477405,0.6550534667126595,0.5032769920662298,0.40289755087961365,3094,0.3623141564318035,0.24240465416936005,0.3422753716871364,1,1
118011649,Bellevue Hill,11801,Eastern Suburbs - North,118,Sydney - Eastern Suburbs,1GSYD,Greater Sydney,1,New South Wales,NSW,3.1556,40,3700,1594,660,4505,0.9,3301,2.4,5234,5630,0.9296625222024867,0.10030569354222392,0.13068398930072603,0.6946885747038594,0.5414596866641193,0.426824608330149,5630,0.35719360568383657,0.2609236234458259,0.3541740674955595,1,1
118011650,Double Bay - Darling Point,11801,Eastern Suburbs - North,118,Sydney - Eastern Suburbs,1GSYD,Greater Sydney,1,New South Wales,NSW,1.5591,42,3200,1690,720,4303,0.9,2921,2.0,4334,4647,0.9326447170217345,0.1326718966312875,0.1649746192893401,0.6559760036917397,0.4930779880018459,0.38209506229810797,4647,0.3529158596944265,0.17947062621045837,0.42930923176242736,1,1
118021564,Kensington (NSW),11802,Eastern Suburbs - South,118,Sydney - Eastern Suburbs,1GSYD,Greater Sydney,1,New South Wales,NSW,2.6423,32,2800,946,500,2743,1.0,2117,2.3,4064,4310,0.94292343387471,0.16166338582677164,0.2062007874015748,0.5337106299212598,0.32923228346456695,0.21210629921259844,4310,0.2406032482598608,0.18561484918793503,0.5529002320185615,1,1
118021565,Kingsford,11802,Eastern Suburbs - South,118,Sydney - Eastern Suburbs,1GSYD,Greater Sydney,1,New South Wales,NSW,2.0141,33,3000,844,475,2514,1.0,1895,2.5,4809,5112,0.9407276995305164,0.22603451861093782,0.28051569972967355,0.4778540237055521,0.2996464961530464,0.1915159076731129,5112,0.26799687010954615,0.19737871674491392,0.50802034428795,1,1
118021566,Maroubra - North,11802,Eastern Suburbs - South,118,Sydney - Eastern Suburbs,1GSYD,Greater Sydney,1,New South Wales,NSW,1.8112,41,3033,1116,600,3059,0.9,2415,2.6,3386,3611,0.9376903904735531,0.1707028942705257,0.21441228588304784,0.5888954518606024,0.4134672179562906,0.30448907265209685,3611,0.37551924674605375,0.2608695652173913,0.3184713375796178,1,1
118021567,Maroubra - South,11802,Eastern Suburbs - South,118,Sydney - Eastern Suburbs,1GSYD,Greater Sydney,1,New South Wales,NSW,2.065,40,3000,968,490,2639,0.9,1893,2.3,4247,4560,0.931359649122807,0.27595950082411114,0.3239934071109018,0.48080998351777726,0.3181068989875206,0.20602778431834237,4560,0.2317982456140351,0.2195175438596491,0.5149122807017544,1,1
118021568,Maroubra - West,11802,Eastern Suburbs - South,118,Sydney - Eastern Suburbs,1GSYD,Greater Sydney,1,New South Wales,NSW,2.0464,37,2970,1005,550,2562,1.0,2148,2.5,3595,3818,0.9415924567836563,0.1874826147426982,0.23810848400556328,0.5357440890125174,0.33045897079276776,0.2075104311543811,3818,0.30251440544787844,0.24882137244630698,0.4185437401781037,1,1
118021569,Randwick - North,11802,Eastern Suburbs - South,118,Sydney - Eastern Suburbs,1GSYD,Greater Sydney,1,New South Wales,NSW,1.9356,37,3000,1402,570,3264,1.0,2403,2.2,6405,6749,0.9490294858497555,0.12802498048399688,0.16440281030444964,0.6132708821233411,0.4065573770491803,0.27728337236533956,6749,0.2366276485405245,0.24744406578752406,0.49355460068158247,1,1
118021570,Randwick - South,11802,Eastern Suburbs - South,118,Sydney - Eastern Suburbs,1GSYD,Greater Sydney,1,New South Wales,NSW,3.3725,35,3160,1259,575,3243,1.0,2450,2.3,4752,5040,0.9428571428571428,0.1428872053872054,0.18055555555555555,0.6111111111111112,0.4175084175084175,0.281986531986532,5040,0.22757936507936508,0.21865079365079365,0.5186507936507937,1,1
118021651,Coogee - Clovelly,11802,Eastern Suburbs - South,118,Sydney - Eastern Suburbs,1GSYD,Greater Sydney,1,New South Wales,NSW,2.7034,35,3467,1571,650,3779,1.0,3092,2.3,7540,8034,0.9385113268608414,0.09854111405835544,0.12480106100795756,0.7022546419098143,0.5176392572944297,0.37002652519893897,8034,0.25130694548170274,0.22230520288772715,0.5051033109285537,1,1
118021652,Malabar - La Perouse,11802,Eastern Suburbs - South,118,Sydney - Eastern Suburbs,1GSYD,Greater Sydney,1,New South Wales,NSW,8.4115,44,3200,985,535,2875,0.9,2215,2.5,3287,3534,0.9301075268817204,0.24216610891390325,0.282628536659568,0.5439610587161545,0.3708548828719197,0.25524794645573473,3534,0.31975099037917376,0.27560837577815506,0.3655913978494624,1,1
118021653,Matraville - Chifley,11802,Eastern Suburbs - South,118,Sydney - Eastern Suburbs,1GSYD,Greater Sydney,1,New South Wales,NSW,3.4138,42,3000,859,475,2598,0.9,2132,2.8,4330,4607,0.9398741046233992,0.22725173210161662,0.2789838337182448,0.5284064665127021,0.3558891454965358,0.22424942263279446,4607,0.32038202734968524,0.3164749294551769,0.33579335793357934,1,1
118021654,South Coogee,11802,Eastern Suburbs - South,118,Sydney - Eastern Suburbs,1GSYD,Greater Sydney,1,New South Wales,NSW,1.1322,42,4000,958,207,3625,0.9,2105,2.6,1915,2054,0.9323271665043817,0.3185378590078329,0.3618798955613577,0.5127937336814622,0.41044386422976503,0.32845953002610967,2054,0.24634858812074,0.24829600778967867,0.46397273612463485,1,1
119011354,Bass Hill - Georges Hall,11901,Bankstown,119,Sydney - Inner South West,1GSYD,Greater Sydney,1,New South Wales,NSW,8.9161,35,2400,539,400,1620,1.0,1410,3.2,6229,6701,0.9295627518280853,0.30197463477283676,0.36843795151709746,0.3682774121046717,0.18911542783753413,0.09150746508267779,6701,0.3066706461722131,0.3211460975973735,0.3306969109088196,1,1
119011355,Chullora,11901,Bankstown,119,Sydney - Inner South West,1GSYD,Greater Sydney,1,New South Wales,NSW,4.0501,31,2600,893,500,2447,1.0,2218,3.2,407,433,0.9399538106235565,0.16707616707616707,0.1891891891891892,0.542997542997543,0.35872235872235875,0.20884520884520885,433,0.10623556581986143,0.48267898383371827,0.4064665127020785,0,0
119011356,Condell Park,11901,Bankstown,119,Sydney - Inner South West,1GSYD,Greater Sydney,1,New South Wales,NSW,10.0036,34,2300,566,500,1708,1.0,1627,3.4,3187,3419,0.9321439017256508,0.24160652651396297,0.30404769375588325,0.40225917791026045,0.210542830247882,0.10668340131785378,3419,0.337525592278444,0.3442527054694355,0.2804913717461246,1,1
119011358,Padstow,11901,Bankstown,119,Sydney - Inner South West,1GSYD,Greater Sydney,1,New South Wales,NSW,6.5091,41,2427,764,470,2265,0.8,1899,2.8,5572,5909,0.9429683533592824,0.22792534099066764,0.28499641062455133,0.4800789662598708,0.2774587221823403,0.15488155061019382,5909,0.33694364528685056,0.3366051785412083,0.28668133355897785,1,1
119011360,Revesby,11901,Bankstown,119,Sydney - Inner South West,1GSYD,Greater Sydney,1,New South Wales,NSW,5.0925,38,2500,746,460,2201,0.9,1932,2.9,5363,5741,0.9341578122278349,0.22990863322767108,0.2832369942196532,0.4859220585493194,0.2739138541860899,0.1456274473242588,5741,0.2962898449747431,0.3396620797770423,0.33670092318411426,1,1
119011361,Yagoona - Birrong,11901,Bankstown,119,Sydney - Inner South West,1GSYD,Greater Sydney,1,New South Wales,NSW,5.5597,35,2131,528,400,1598,1.0,1453,3.2,6063,6546,0.9262144821264895,0.2883061190829622,0.3557644730331519,0.35955797460003297,0.17697509483753918,0.08494144812798944,6546,0.28780934922089824,0.30262755881454323,0.3667888787045524,1,1
119011571,Bankstown - North,11901,Bankstown,119,Sydney - Inner South West,1GSYD,Greater Sydney,1,New South Wales,NSW,2.7405,33,1764,558,400,1445,1.2,1322,2.9,5168,5527,0.9350461371449249,0.2917956656346749,0.3713235294117647,0.30050309597523217,0.12364551083591331,0.0576625386996904,5527,0.19612809842590917,0.25221639225619685,0.5140220734575719,1,1
119011572,Bankstown - South,11901,Bankstown,119,Sydney - Inner South West,1GSYD,Greater Sydney,1,New South Wales,NSW,4.4232,34,1820,526,415,1436,1.1,1355,3.0,5186,5568,0.9313936781609196,0.2842267643655997,0.3625144620131122,0.3172001542614732,0.13362900115696105,0.05669109139992287,5568,0.23329741379310345,0.23958333333333334,0.49191810344827586,1,1
119011655,Greenacre - North,11901,Bankstown,119,Sydney - Inner South West,1GSYD,Greater Sydney,1,New South Wales,NSW,4.0802,34,2253,496,400,1704,1.0,1429,3.3,3774,4079,0.9252267712674676,0.2954425013248543,0.36804451510333863,0.3640699523052464,0.18600953895071543,0.10042395336512984,4079,0.2858543760725668,0.3280215739151753,0.3437116940426575,1,1
119011656,Greenacre - South,11901,Bankstown,119,Sydney - Inner South West,1GSYD,Greater Sydney,1,New South Wales,NSW,2.9017,33,2330,507,450,1569,1.1,1467,3.5,3241,3517,0.9215240261586579,0.27738352360382595,0.3452638074668312,0.37365010799136067,0.19685282320271522,0.10182042579450787,3517,0.31674722775092407,0.33494455501848164,0.30196189934603357,1,1
119011657,Panania (North) - Milperra,11901,Bankstown,119,Sydney - Inner South West,1GSYD,Greater Sydney,1,New South Wales,NSW,7.5649,38,2600,797,480,2310,0.8,2064,2.9,3536,3769,0.938179888564606,0.20927601809954752,0.26074660633484165,0.5175339366515838,0.31052036199095023,0.16544117647058823,3769,0.33483682674449455,0.40090209604669674,0.24356593260811887,1,1
119011658,Panania (South) - Picnic Point,11901,Bankstown,119,Sydney - Inner South West,1GSYD,Greater Sydney,1,New South Wales,NSW,6.8259,39,2695,870,480,2514,0.8,2166,2.9,5125,5397,0.9496016305354826,0.2097560975609756,0.2542439024390244,0.5336585365853659,0.34263414634146344,0.199609756097561,5397,0.35371502686677786,0.3879933296275709,0.23587178061886233,1,1
119021362,Belmore - Belfield,11902,Canterbury,119,Sydney - Inner South West,1GSYD,Greater Sydney,1,New South Wales,NSW,4.5136,39,2169,650,395,1845,1.0,1525,2.7,6558,6947,0.9440046063048798,0.2732540408661177,0.3379078987496188,0.38273863982921624,0.19853613906678866,0.10140286672766087,6947,0.28242406794299696,0.2881819490427523,0.3908161796458903,1,1
119021366,Punchbowl,11902,Canterbury,119,Sydney - Inner South West,1GSYD,Greater Sydney,1,New South Wales,NSW,5.2458,33,2026,504,380,1489,1.1,1384,3.2,5683,6160,0.9225649350649351,0.2943867675523491,0.3730424071793067,0.33081119127221537,0.15132852366707725,0.07337673763857118,6160,0.2762987012987013,0.299512987012987,0.3847402597402597,1,1
119021367,Roselands,11902,Canterbury,119,Sydney - Inner South West,1GSYD,Greater Sydney,1,New South Wales,NSW,3.6461,38,2300,671,425,1935,1.0,1704,3.0,4397,4706,0.9343391415214619,0.2481237207186718,0.3074823743461451,0.4248351148510348,0.22219695246759155,0.11348646804639527,4706,0.3202294942626434,0.3561410964725882,0.2909052273693158,1,1
119021573,Lakemba,11902,Canterbury,119,Sydney - Inner South West,1GSYD,Greater Sydney,1,New South Wales,NSW,2.1866,32,1712,521,350,1285,1.4,1227,3.1,4640,4950,0.9373737373737374,0.2941810344827586,0.3954741379310345,0.25732758620689655,0.10344827586206896,0.05086206896551724,4950,0.2008080808080808,0.18545454545454546,0.5808080808080808,1,1
119021574,Wiley Park,11902,Canterbury,119,Sydney - Inner South West,1GSYD,Greater Sydney,1,New South Wales,NSW,1.3933,31,1703,550,350,1325,1.3,1248,3.0,2897,3095,0.9360258481421648,0.3113565757680359,0.3979979288919572,0.2581981360027615,0.09941318605453918,0.04763548498446669,3095,0.19935379644588044,0.2235864297253635,0.5460420032310178,1,1
119021659,Campsie - North,11902,Canterbury,119,Sydney - Inner South West,1GSYD,Greater Sydney,1,New South Wales,NSW,1.5672,38,2000,613,400,1572,1.1,1491,2.8,3737,3993,0.9358878036563987,0.2536794219962537,0.32191597538132194,0.36874498260636873,0.16537329408616538,0.06582820444206583,3993,0.23566240921612822,0.23240671174555472,0.4923616328575006,1,1
119021660,Campsie - South,11902,Canterbury,119,Sydney - Inner South West,1GSYD,Greater Sydney,1,New South Wales,NSW,1.12,36,1950,615,380,1462,1.2,1377,2.6,2897,3091,0.9372371400841152,0.28581290990680014,0.35346910597169484,0.3224024853296514,0.12530203658957542,0.051432516396272006,3091,0.18408282109349725,0.173730184406341,0.6030410870268521,1,1
119021661,Canterbury - South,11902,Canterbury,119,Sydney - Inner South West,1GSYD,Greater Sydney,1,New South Wales,NSW,2.0906,35,2221,814,450,2043,1.1,1800,2.5,4229,4458,0.9486316733961417,0.21328919366280444,0.2664932608181603,0.4412390636084181,0.2225112319697328,0.10593520926933081,4458,0.23306415432929564,0.3120233288470166,0.4286675639300135,1,1
119021662,Earlwood,11902,Canterbury,119,Sydney - Inner South West,1GSYD,Greater Sydney,1,New South Wales,NSW,5.5897,44,2809,836,570,2486,0.9,2163,2.8,5746,6109,0.940579472908823,0.20414201183431951,0.248868778280543,0.5321963104768535,0.3571179951270449,0.22311172989906022,6109,0.44524472090358486,0.3247667376002619,0.2052709117695204,1,1
119021663,Kingsgrove - North,11902,Canterbury,119,Sydney - Inner South West,1GSYD,Greater Sydney,1,New South Wales,NSW,2.6119,41,2600,697,450,2125,0.9,1841,2.9,1933,2050,0.9429268292682926,0.23693740300051733,0.2938437661665804,0.4702534919813761,0.27056389032591827,0.1453698913605794,2050,0.39658536585365856,0.3404878048780488,0.23804878048780487,1,1
119031370,Narwee - Beverly Hills,11903,Hurstville,119,Sydney - Inner South West,1GSYD,Greater Sydney,1,New South Wales,NSW,3.3909,40,2253,677,400,1977,0.9,1646,2.7,4498,4795,0.9380604796663191,0.2714539795464651,0.33148065807025345,0.42530013339261896,0.23699421965317918,0.13228101378390394,4795,0.3249217935349322,0.2773722627737226,0.3680917622523462,1,1
119031371,Oatley - Hurstville Grove,11903,Hurstville,119,Sydney - Inner South West,1GSYD,Greater Sydney,1,New South Wales,NSW,4.3549,43,3000,974,490,2798,0.8,2438,2.9,4070,4298,0.9469520707305723,0.15012285012285012,0.1914004914004914,0.599017199017199,0.40958230958230957,0.2656019656019656,4298,0.44369474174034434,0.3273615635179153,0.20567705909725453,1,1
119031372,Peakhurst - Lugarno,11903,Hurstville,119,Sydney - Inner South West,1GSYD,Greater Sydney,1,New South Wales,NSW,7.4721,42,2600,830,450,2455,0.9,2091,2.8,6456,6838,0.9441357121965487,0.2100371747211896,0.262546468401487,0.5185873605947955,0.33317843866171004,0.201363073110285,6838,0.38593155893536124,0.38329921029540803,0.20473822755191576,1,1
119031373,Riverwood,11903,Hurstville,119,Sydney - Inner South West,1GSYD,Greater Sydney,1,New South Wales,NSW,2.7319,40,2100,565,300,1553,1.0,1208,2.5,4080,4368,0.9340659340659341,0.3732843137254902,0.43529411764705883,0.31495098039215685,0.15294117647058825,0.06862745098039216,4368,0.18177655677655677,0.22229853479853479,0.5597527472527473,1,1
119031374,South Hurstville - Blakehurst,11903,Hurstville,119,Sydney - Inner South West,1GSYD,Greater Sydney,1,New South Wales,NSW,6.2406,38,2600,780,490,2221,1.0,2097,2.9,7727,8286,0.9325368090755491,0.18726543289763167,0.2354083085285363,0.5237478969845994,0.3222466675294422,0.1954186618351236,8286,0.34950518947622494,0.3225923244026068,0.2961622013034033,1,1
119031664,Hurstville - Central,11903,Hurstville,119,Sydney - Inner South West,1GSYD,Greater Sydney,1,New South Wales,NSW,1.2264,32,2010,725,460,1733,1.3,1717,2.7,4100,4312,0.950834879406308,0.21560975609756097,0.2731707317073171,0.4270731707317073,0.20341463414634145,0.09048780487804878,4312,0.16767161410018552,0.2196196660482375,0.5790816326530612,1,1
119031665,Hurstville - North,11903,Hurstville,119,Sydney - Inner South West,1GSYD,Greater Sydney,1,New South Wales,NSW,2.4137,40,2600,641,490,1886,0.9,1858,3.0,3569,3797,0.9399525941532789,0.21854861305687867,0.27906976744186046,0.46175399271504625,0.2569347156066125,0.13897450266181002,3797,0.35212009481169343,0.3107716618382934,0.30129049249407425,1,1
119031666,Mortdale - Oatley,11903,Hurstville,119,Sydney - Inner South West,1GSYD,Greater Sydney,1,New South Wales,NSW,4.4442,39,2500,935,420,2592,0.9,2151,2.7,5026,5265,0.9546058879392213,0.1697174691603661,0.21309192200557103,0.5358137684042976,0.34381217668125746,0.21388778352566654,5265,0.3506172839506173,0.3251661918328585,0.30446343779677115,1,1
119031667,Penshurst,11903,Hurstville,119,Sydney - Inner South West,1GSYD,Greater Sydney,1,New South Wales,NSW,1.6722,37,2100,790,400,1942,1.0,1689,2.5,3379,3578,0.9443823365008385,0.214560520864161,0.2719739567919503,0.41284403669724773,0.19414027818881327,0.0923350103580941,3578,0.25740637227501395,0.2906651760760201,0.4276131917272219,1,1
119041377,Kingsgrove (South) - Bardwell Park,11904,Kogarah - Rockdale,119,Sydney - Inner South West,1GSYD,Greater Sydney,1,New South Wales,NSW,3.7871,42,2700,763,500,2338,0.9,2027,2.8,4242,4458,0.9515477792732167,0.22583686940122583,0.2755775577557756,0.5061291843470062,0.3272041489863272,0.20485619990570486,4458,0.41229250785105426,0.29093764019739793,0.2673844773441005,1,1
119041378,Kogarah,11904,Kogarah - Rockdale,119,Sydney - Inner South West,1GSYD,Greater Sydney,1,New South Wales,NSW,2.2197,35,2251,905,464,2219,1.1,1959,2.5,4614,4886,0.9443307408923455,0.18205461638491546,0.23623753792804508,0.4906805374945817,0.24729085392284353,0.11356740355439965,4886,0.22042570609905854,0.28448628735161685,0.4619320507572657,1,1
119041379,Kogarah Bay - Carlton - Allawah,11904,Kogarah - Rockdale,119,Sydney - Inner South West,1GSYD,Greater Sydney,1,New South Wales,NSW,3.5033,38,2305,801,450,2191,1.0,1954,2.7,5456,5757,0.9477158242140004,0.19794721407624633,0.2540322580645161,0.48900293255131966,0.2751099706744868,0.15450879765395895,5757,0.3050199756817787,0.2951189855827688,0.3712002779225291,1,1
119041380,Monterey - Brighton-le-Sands - Kyeemagh,11904,Kogarah - Rockdale,119,Sydney - Inner South West,1GSYD,Greater Sydney,1,New South Wales,NSW,3.3799,44,2484,815,450,2131,0.9,1647,2.3,5334,5639,0.9459123958148608,0.2495313085864267,0.3134608173978253,0.4158230221222347,0.23828271466066742,0.1370453693288339,5639,0.3367618372051782,0.25678311757403793,0.3763078560028374,1,1
119041381,Rockdale - Banksia,11904,Kogarah - Rockdale,119,Sydney - Inner South West,1GSYD,Greater Sydney,1,New South Wales,NSW,3.5762,35,2185,795,460,2048,1.1,1910,2.6,6658,7056,0.94359410430839,0.19795734454791228,0.25172724541904473,0.478371883448483,0.24091318714328627,0.12105737458696306,7056,0.24985827664399093,0.28883219954648526,0.4306972789115646,1,1
119041382,Sans Souci - Ramsgate,11904,Kogarah - Rockdale,119,Sydney - Inner South West,1GSYD,Greater Sydney,1,New South Wales,NSW,4.6115,45,2600,873,500,2368,0.8,1798,2.4,6202,6557,0.9458593869147476,0.24314737181554338,0.29909706546275394,0.4545307965172525,0.27378265075782005,0.16075459529184133,6557,0.3873722739057496,0.2891566265060241,0.2925118194296172,1,1
119041668,Arncliffe - Bardwell Valley,11904,Kogarah - Rockdale,119,Sydney - Inner South West,1GSYD,Greater Sydney,1,New South Wales,NSW,4.313,34,2400,848,500,2202,1.1,2067,2.7,5221,5565,0.9381850853548966,0.18080827427695845,0.23194790270063206,0.5198237885462555,0.28940815935644515,0.15169507757134648,5565,0.2601976639712489,0.32345013477088946,0.3780772686433064,1,1
119041669,Bexley - North,11904,Kogarah - Rockdale,119,Sydney - Inner South West,1GSYD,Greater Sydney,1,New South Wales,NSW,2.6007,39,2500,731,520,2155,1.0,1949,3.0,2974,3156,0.9423320659062104,0.20847343644922664,0.2636180228648285,0.48924008069939473,0.2787491593813046,0.15635507733691997,3156,0.3688212927756654,0.37167300380228135,0.23605830164765526,1,1
119041670,Bexley - South,11904,Kogarah - Rockdale,119,Sydney - Inner South West,1GSYD,Greater Sydney,1,New South Wales,NSW,2.6771,38,2167,747,420,1980,1.0,1798,2.7,5166,5467,0.9449423815620999,0.21157568718544328,0.27100271002710025,0.4465737514518002,0.2408052651955091,0.12311265969802555,5467,0.3151637095299067,0.3051033473568685,0.35284433875983173,1,1
119041671,Wolli Creek,11904,Kogarah - Rockdale,119,Sydney - Inner South West,1GSYD,Greater Sydney,1,New South Wales,NSW,0.6795,30,2383,1069,540,2337,1.2,2160,2.2,4395,4629,0.949449125081011,0.12650739476678044,0.1640500568828214,0.5590443686006826,0.2812286689419795,0.13469852104664393,4629,0.07388204795852236,0.27241304817455175,0.6269172607474617,1,1
120011383,Concord - Mortlake - Cabarita,12001,Canada Bay,120,Sydney - Inner West,1GSYD,Greater Sydney,1,New South Wales,NSW,6.3199,43,3000,1056,600,2840,0.9,2388,2.6,8271,8656,0.9555221811460258,0.16358360536815378,0.20517470680691574,0.5843307943416758,0.40261153427638735,0.27953089106516743,8656,0.39648798521256934,0.28766173752310537,0.29563308687615525,1,1
120011385,Drummoyne - Rodd Point,12001,Canada Bay,120,Sydney - Inner West,1GSYD,Greater Sydney,1,New South Wales,NSW,3.7047,42,3250,1296,600,3446,0.9,2754,2.4,6857,7193,0.9532879188099541,0.14714889893539448,0.18317048271838995,0.6316173253609451,0.4706139711243984,0.3403820912935686,7193,0.3536771861532045,0.3082163214236063,0.31572362018629224,1,1
120011386,Five Dock - Abbotsford,12001,Canada Bay,120,Sydney - Inner West,1GSYD,Greater Sydney,1,New South Wales,NSW,4.6202,42,3000,1148,576,2982,0.9,2333,2.4,7963,8378,0.9504655048937694,0.18510611578550798,0.2299384654024865,0.574281049855582,0.3974632676127088,0.2667336430993344,8378,0.3295535927428981,0.28013845786583913,0.3659584626402483,1,1
120011672,Concord West - North Strathfield,12001,Canada Bay,120,Sydney - Inner West,1GSYD,Greater Sydney,1,New South Wales,NSW,4.0969,37,2600,1011,500,2712,1.0,2385,2.8,4162,4412,0.943336355394379,0.1561749159058145,0.19629985583853915,0.5934646804420951,0.3916386352715041,0.24747717443536763,4412,0.31935630099728013,0.30099728014505894,0.3563009972801451,1,1
120011673,Rhodes,12001,Canada Bay,120,Sydney - Inner West,1GSYD,Greater Sydney,1,New South Wales,NSW,1.006,32,2500,1119,560,2404,1.2,2183,2.2,4768,5009,0.9518866041125973,0.14513422818791946,0.19148489932885907,0.5601929530201343,0.3135486577181208,0.17428691275167785,5009,0.10501098023557597,0.27650229586743863,0.5923337991615093,1,1
120021387,Balmain,12002,Leichhardt,120,Sydney - Inner West,1GSYD,Greater Sydney,1,New South Wales,NSW,2.5815,43,4000,1592,640,4603,0.9,3149,2.2,6249,6541,0.9553585078734138,0.14530324851976317,0.1763482157145143,0.6580252840454472,0.5176828292526804,0.4178268522963674,6541,0.31722978137899405,0.2794679712582174,0.38526219232533254,1,1
120021389,Lilyfield - Rozelle,12002,Leichhardt,120,Sydney - Inner West,1GSYD,Greater Sydney,1,New South Wales,NSW,3.6039,40,3500,1542,600,4207,1.0,3059,2.3,5360,5613,0.9549260644931409,0.14029850746268657,0.17332089552238805,0.6591417910447761,0.508955223880597,0.39757462686567163,5613,0.2665241403883841,0.3283449135934438,0.3883841083199715,1,1
120021674,Annandale (NSW),12002,Leichhardt,120,Sydney - Inner West,1GSYD,Greater Sydney,1,New South Wales,NSW,1.4885,38,3467,1441,570,3905,1.0,2677,2.3,3605,3781,0.953451467865644,0.14535367545076283,0.1808599167822469,0.6319001386962552,0.4654646324549237,0.35006934812760054,3781,0.25866172970113727,0.3081195450938905,0.4160275059508067,1,1
120021675,Leichhardt,12002,Leichhardt,120,Sydney - Inner West,1GSYD,Greater Sydney,1,New South Wales,NSW,2.9838,38,3447,1377,600,3541,1.0,2721,2.4,6540,6848,0.9550233644859814,0.14281345565749234,0.18287461773700306,0.6308868501529052,0.4675840978593272,0.33440366972477065,6848,0.24591121495327103,0.34345794392523366,0.3944217289719626,1,1
120031392,Canterbury (North) - Ashbury,12003,Strathfield - Burwood - Ashfield,120,Sydney - Inner West,1GSYD,Greater Sydney,1,New South Wales,NSW,3.0278,37,2400,921,480,2411,1.0,2092,2.5,4345,4564,0.9520157756354075,0.17583429228998848,0.22002301495972382,0.5228998849252013,0.3143843498273878,0.18757192174913695,4564,0.30850131463628394,0.3113496932515337,0.36152497808939527,1,1
120031393,Croydon Park - Enfield,12003,Strathfield - Burwood - Ashfield,120,Sydney - Inner West,1GSYD,Greater Sydney,1,New South Wales,NSW,3.9711,41,2500,802,430,2301,0.9,1844,2.6,5925,6255,0.947242206235012,0.23341772151898735,0.29063291139240505,0.46919831223628694,0.289620253164557,0.17316455696202532,6255,0.33940847322142287,0.31366906474820144,0.31542765787370103,1,1
120031394,Dulwich Hill - Lewisham,12003,Strathfield - Burwood - Ashfield,120,Sydney - Inner West,1GSYD,Greater Sydney,1,New South Wales,NSW,2.7016,37,2600,1197,480,2885,1.0,2162,2.2,7305,7642,0.9559015964407224,0.15824777549623545,0.2027378507871321,0.5453798767967146,0.3412731006160164,0.21273100616016427,7642,0.23606385762889295,0.2827793771264067,0.4636220884585187,1,1
120031395,Haberfield - Summer Hill,12003,Strathfield - Burwood - Ashfield,120,Sydney - Inner West,1GSYD,Greater Sydney,1,New South Wales,NSW,3.4746,40,3000,1190,470,3242,0.9,2377,2.4,4994,5241,0.9528715893913375,0.15058069683620345,0.19243091710052063,0.5891069283139768,0.407889467360833,0.28894673608329996,5241,0.3291356611333715,0.2921198244609807,0.35718374356038923,1,1
120031396,Homebush,12003,Strathfield - Burwood - Ashfield,120,Sydney - Inner West,1GSYD,Greater Sydney,1,New South Wales,NSW,3.8432,31,2127,911,450,2169,1.2,2037,2.6,7228,7644,0.9455782312925171,0.14679026009961263,0.19714997232982845,0.5127282789153292,0.2562257885998893,0.11981184283342557,7644,0.1042647828362114,0.2895081109366824,0.5779696493982208,1,1
120031576,Strathfield South,12003,Strathfield - Burwood - Ashfield,120,Sydney - Inner West,1GSYD,Greater Sydney,1,New South Wales,NSW,2.5112,38,2400,870,460,2341,1.0,2045,2.8,1217,1279,0.9515246286161063,0.1799506984387839,0.2448644207066557,0.5078060805258833,0.30238290879211177,0.1741988496302383,1279,0.2861610633307271,0.34636434714620795,0.3377638780297107,1,1
120031676,Ashfield - North,12003,Strathfield - Burwood - Ashfield,120,Sydney - Inner West,1GSYD,Greater Sydney,1,New South Wales,NSW,1.5609,35,2167,914,420,2214,1.0,1888,2.3,4499,4714,0.9543911752227408,0.1887086019115359,0.24383196265836854,0.46854856634807734,0.24449877750611246,0.12269393198488553,4714,0.20746711921934663,0.22252863809927875,0.5428510818837505,1,1
120031677,Ashfield - South,12003,Strathfield - Burwood - Ashfield,120,Sydney - Inner West,1GSYD,Greater Sydney,1,New South Wales,NSW,2.1091,38,2352,872,470,2332,1.0,1918,2.4,4523,4792,0.9438647746243739,0.20517355737342471,0.2608887906256909,0.4817598938757462,0.2810081804112315,0.15918638072076055,4792,0.2531302170283806,0.23768781302170283,0.4515859766277129,1,1
120031678,Burwood (NSW),12003,Strathfield - Burwood - Ashfield,120,Sydney - Inner West,1GSYD,Greater Sydney,1,New South Wales,NSW,1.905,31,2400,715,500,1875,1.2,1662,2.5,5674,5998,0.9459819939979993,0.25467042650687344,0.3082481494536482,0.42280578075431796,0.22030313711667254,0.11649629890729644,5998,0.17455818606202067,0.16805601867289097,0.6178726242080693,1,1
120031679,Croydon,12003,Strathfield - Burwood - Ashfield,120,Sydney - Inner West,1GSYD,Greater Sydney,1,New South Wales,NSW,2.5877,41,2640,785,460,2397,1.0,2121,2.8,3478,3707,0.9382249797680065,0.19378953421506612,0.23921794134560093,0.5281771132834963,0.3458884416331225,0.22484186313973548,3707,0.3601294847585649,0.28891286754788237,0.31885621796601027,1,1
120031680,Strathfield - East,12003,Strathfield - Burwood - Ashfield,120,Sydney - Inner West,1GSYD,Greater Sydney,1,New South Wales,NSW,2.5414,30,2500,782,480,2170,1.2,2135,2.7,5308,5666,0.9368160960112955,0.17539562923888471,0.2215523737754333,0.5348530519969856,0.3227204220045215,0.19084400904295404,5666,0.21161313095658313,0.17649135192375573,0.5674196964348747,1,1
120031681,Strathfield - West,12003,Strathfield - Burwood - Ashfield,120,Sydney - Inner West,1GSYD,Greater Sydney,1,New South Wales,NSW,3.9101,41,3200,961,530,3066,0.9,2726,3.1,2664,2853,0.9337539432176656,0.15990990990990991,0.20007507507507508,0.6096096096096096,0.45795795795795796,0.3310810810810811,2853,0.41780581843673326,0.354714335786891,0.20504731861198738,1,1
121011399,Chatswood (West) - Lane Cove North,12101,Chatswood - Lane Cove,121,Sydney - North Sydney and Hornsby,1GSYD,Greater Sydney,1,New South Wales,NSW,5.5372,37,2708,1229,500,3094,1.0,2415,2.5,7941,8282,0.9588263704419222,0.13486966377030601,0.1730260672459388,0.6076060949502582,0.41380178818788566,0.28233219997481424,8282,0.25633904853900025,0.3453272156483941,0.37201159140304274,1,1
121011401,St Leonards - Naremburn,12101,Chatswood - Lane Cove,121,Sydney - North Sydney and Hornsby,1GSYD,Greater Sydney,1,New South Wales,NSW,2.761,36,3000,1607,600,3674,1.1,2748,2.1,5177,5366,0.9647782333209094,0.11493142746764536,0.14525787135406606,0.6652501448715472,0.4749855128452772,0.3384199343248986,5366,0.1975400670890794,0.24040253447633247,0.5447260529258293,1,1
121011682,Artarmon,12101,Chatswood - Lane Cove,121,Sydney - North Sydney and Hornsby,1GSYD,Greater Sydney,1,New South Wales,NSW,1.6583,37,2772,1201,525,3049,1.1,2420,2.5,3445,3625,0.9503448275862069,0.15587808417997098,0.1918722786647315,0.6020319303338171,0.4104499274310595,0.27692307692307694,3625,0.24744827586206897,0.23006896551724138,0.49848275862068964,1,1
121011683,Castle Cove - Northbridge,12101,Chatswood - Lane Cove,121,Sydney - North Sydney and Hornsby,1GSYD,Greater Sydney,1,New South Wales,NSW,7.6847,45,4333,1355,850,4641,0.8,3987,2.9,4138,4410,0.9383219954648526,0.10584823586273562,0.12856452392460124,0.7208796520058,0.5985983566940551,0.49927501208313196,4410,0.4816326530612245,0.33696145124716553,0.15034013605442176,1,1
121011684,Chatswood - East,12101,Chatswood - Lane Cove,121,Sydney - North Sydney and Hornsby,1GSYD,Greater Sydney,1,New South Wales,NSW,3.4093,37,3000,912,590,2433,1.1,2123,2.5,6916,7295,0.9480466072652501,0.197513013302487,0.24002313475997686,0.530508964719491,0.3431174089068826,0.231203007518797,7295,0.2555174777244688,0.17477724468814257,0.5296778615490062,1,1
121011685,Greenwich - Riverview,12101,Chatswood - Lane Cove,121,Sydney - North Sydney and Hornsby,1GSYD,Greater Sydney,1,New South Wales,NSW,4.5871,41,3500,1489,600,4648,0.9,3662,2.7,4321,4581,0.9432438332241868,0.08285119185373756,0.10807683406618838,0.7276093496875723,0.5741726452210136,0.4714186530895626,4581,0.3933638943462126,0.3184894127919668,0.2602051953721895,1,1
121011686,Lane Cove,12101,Chatswood - Lane Cove,121,Sydney - North Sydney and Hornsby,1GSYD,Greater Sydney,1,New South Wales,NSW,4.4686,38,3000,1361,550,3434,1.0,2648,2.4,5951,6215,0.9575221238938053,0.1340951100655352,0.1668627121492186,0.6429171567803731,0.4563938833809444,0.33204503444799194,6215,0.27127916331456153,0.3222847948511665,0.38020917135961385,1,1
121011687,Willoughby,12101,Chatswood - Lane Cove,121,Sydney - North Sydney and Hornsby,1GSYD,Greater Sydney,1,New South Wales,NSW,3.0671,41,3600,1160,596,3630,0.9,2880,2.8,4287,4504,0.9518206039076377,0.14089106601352927,0.178679729414509,0.6349428504781899,0.4854210403545603,0.38651737811989734,4504,0.36367673179396093,0.325044404973357,0.29018650088809944,1,1
121021403,Asquith - Mount Colah,12102,Hornsby,121,Sydney - North Sydney and Hornsby,1GSYD,Greater Sydney,1,New South Wales,NSW,34.6889,39,2550,1012,500,2766,0.9,2450,2.9,7198,7563,0.9517387280179823,0.1207279799944429,0.16240622395109752,0.6103084190052792,0.40094470686301753,0.23437065851625452,7563,0.31230992992198864,0.46674600026444535,0.20732513552822954,1,1
121021404,Berowra - Brooklyn - Cowan,12102,Hornsby,121,Sydney - North Sydney and Hornsby,1GSYD,Greater Sydney,1,New South Wales,NSW,81.7548,42,2528,967,560,2878,0.8,2497,2.9,3812,3992,0.9549098196392786,0.13982161594963274,0.18022035676810075,0.6038824763903463,0.4199895068205666,0.2573452256033578,3992,0.3960420841683367,0.4706913827655311,0.1219939879759519,1,1
121021406,Normanhurst - Thornleigh - Westleigh,12102,Hornsby,121,Sydney - North Sydney and Hornsby,1GSYD,Greater Sydney,1,New South Wales,NSW,9.9882,41,3000,1003,550,3157,0.8,2781,2.9,6003,6314,0.9507443775736458,0.14292853573213393,0.18357487922705315,0.6398467432950191,0.4700982841912377,0.32200566383474927,6314,0.3565093443142224,0.4437757364586633,0.17865061767500792,1,1
121021577,Hornsby - East,12102,Hornsby,121,Sydney - North Sydney and Hornsby,1GSYD,Greater Sydney,1,New South Wales,NSW,2.5688,36,2115,893,440,2151,1.1,1817,2.3,4726,4954,0.9539765845781187,0.20313161235717309,0.2608971646212442,0.4536606009310199,0.22302158273381295,0.1011426153195091,4954,0.1729915220024223,0.27957206297941056,0.526039563988696,1,1
121021578,Hornsby - West,12102,Hornsby,121,Sydney - North Sydney and Hornsby,1GSYD,Greater Sydney,1,New South Wales,NSW,6.2858,41,2600,884,450,2540,0.9,2180,2.8,3542,3719,0.9524065609034686,0.1792772444946358,0.22840203274985885,0.5400903444381705,0.3526256352343309,0.22077922077922077,3719,0.3172895939768755,0.3724119386931971,0.28448507663350364,1,1
121021579,Wahroonga (West) - Waitara,12102,Hornsby,121,Sydney - North Sydney and Hornsby,1GSYD,Greater Sydney,1,New South Wales,NSW,2.1124,38,2380,980,490,2483,1.1,2155,2.5,4232,4413,0.9589848175844097,0.1776937618147448,0.21951795841209829,0.5434782608695652,0.3253780718336484,0.19494328922495274,4413,0.22093813732154996,0.32177656922728304,0.41808293677770225,1,1
121031407,Gordon - Killara,12103,Ku-ring-gai,121,Sydney - North Sydney and Hornsby,1GSYD,Greater Sydney,1,New South Wales,NSW,11.6713,41,3200,1070,600,3103,0.9,2640,2.8,7349,7831,0.9384497509896564,0.1377058103143285,0.17308477343856307,0.626751939039325,0.452986800925296,0.3374608790311607,7831,0.37121695824288087,0.3226918656621121,0.28119014174434936,1,1
121031408,Lindfield - Roseville,12103,Ku-ring-gai,121,Sydney - North Sydney and Hornsby,1GSYD,Greater Sydney,1,New South Wales,NSW,11.8765,41,3600,1200,620,3598,0.9,3125,2.9,7852,8337,0.9418255967374355,0.1174223127865512,0.15053489556800814,0.6749872643912379,0.5166836474783495,0.4009169638308711,8337,0.3949862060693295,0.3334532805565551,0.24253328535444404,1,1
121031409,Pymble,12103,Ku-ring-gai,121,Sydney - North Sydney and Hornsby,1GSYD,Greater Sydney,1,New South Wales,NSW,10.2515,41,3500,1188,650,3810,0.8,3414,3.0,5246,5595,0.9376228775692582,0.10312619138391155,0.1353412123522684,0.70548989706443,0.5613800991231415,0.4401448722836447,5595,0.38820375335120644,0.4164432529043789,0.1740840035746202,1,1
121031410,St Ives,12103,Ku-ring-gai,121,Sydney - North Sydney and Hornsby,1GSYD,Greater Sydney,1,New South Wales,NSW,17.7774,43,3500,1070,700,3314,0.8,2965,2.9,6886,7291,0.9444520641887258,0.13433052570432763,0.17049085100203312,0.6520476328783038,0.4962242230612838,0.3771420273017717,7291,0.42038129200384033,0.4105061034151694,0.15320257852146482,1,1
121031411,Turramurra,12103,Ku-ring-gai,121,Sydney - North Sydney and Hornsby,1GSYD,Greater Sydney,1,New South Wales,NSW,20.6426,45,3500,1074,610,3460,0.8,2917,2.8,6622,6969,0.9502080642846893,0.1399879190576865,0.1784959226819692,0.6350045303533676,0.4910903050437934,0.37722742373905166,6969,0.42789496340938443,0.3752331754914622,0.14966279236619315,1,1
121031412,Wahroonga (East) - Warrawee,12103,Ku-ring-gai,121,Sydney - North Sydney and Hornsby,1GSYD,Greater Sydney,1,New South Wales,NSW,13.327,43,3600,1108,650,3663,0.8,3233,2.9,5584,5932,0.9413351314902225,0.11461318051575932,0.14201289398280803,0.6789040114613181,0.5316977077363897,0.4170845272206304,5932,0.4133513149022252,0.399527983816588,0.1593054619015509,1,1
121041413,Cremorne - Cammeray,12104,North Sydney - Mosman,121,Sydney - North Sydney and Hornsby,1GSYD,Greater Sydney,1,New South Wales,NSW,3.238,41,3238,1553,600,3905,0.9,2689,2.1,8027,8400,0.955595238095238,0.12657281674349072,0.1622025663386072,0.6356048336863087,0.4706615173788464,0.35455338233462064,8400,0.310952380952381,0.23964285714285713,0.43166666666666664,1,1
121041414,Crows Nest - Waverton,12104,North Sydney - Mosman,121,Sydney - North Sydney and Hornsby,1GSYD,Greater Sydney,1,New South Wales,NSW,2.9668,38,2950,1593,575,3627,1.0,2615,2.0,8048,8380,0.960381861575179,0.11580516898608349,0.15059642147117297,0.6497266401590457,0.4572564612326044,0.32442842942345923,8380,0.25178997613365156,0.2252983293556086,0.5032219570405728,1,1
121041416,Neutral Bay - Kirribilli,12104,North Sydney - Mosman,121,Sydney - North Sydney and Hornsby,1GSYD,Greater Sydney,1,New South Wales,NSW,2.2116,40,2990,1551,541,3684,1.0,2364,1.9,7965,8319,0.9574468085106383,0.15065913370998116,0.18832391713747645,0.5959824231010672,0.41268047708725675,0.30056497175141245,8319,0.24534198821973796,0.18031013342949873,0.5481428056256762,1,1
121041417,North Sydney - Lavender Bay,12104,North Sydney - Mosman,121,Sydney - North Sydney and Hornsby,1GSYD,Greater Sydney,1,New South Wales,NSW,1.9142,38,2850,1683,600,3811,1.1,2709,1.9,5792,6021,0.9619664507556884,0.10583563535911603,0.13328729281767956,0.6635013812154696,0.4728936464088398,0.3482389502762431,6021,0.22637435641919948,0.15944195316392626,0.586115263245308,1,1
121041688,Mosman - North,12104,North Sydney - Mosman,121,Sydney - North Sydney and Hornsby,1GSYD,Greater Sydney,1,New South Wales,NSW,3.2831,45,3500,1464,600,4154,0.9,2822,2.3,5408,5710,0.9471103327495621,0.13073224852071005,0.16660502958579881,0.6407174556213018,0.48298816568047337,0.3801775147928994,5710,0.4063047285464098,0.25061295971978986,0.31243432574430824,1,1
121041689,Mosman - South,12104,North Sydney - Mosman,121,Sydney - North Sydney and Hornsby,1GSYD,Greater Sydney,1,New South Wales,NSW,5.3672,44,4000,1510,580,4569,0.9,2966,2.3,5521,5833,0.9465112292130979,0.12606411881905452,0.15921028799130593,0.6531425466401014,0.4982792972287629,0.4068103604419489,5833,0.3603634493399623,0.26521515515172295,0.3485342019543974,1,1
122011418,Balgowlah - Clontarf - Seaforth,12201,Manly,122,Sydney - Northern Beaches,1GSYD,Greater Sydney,1,New South Wales,NSW,7.6104,42,4000,1282,697,4368,0.9,3409,2.9,6557,7044,0.9308631459398069,0.11361903309440292,0.1476284886380967,0.6972700930303493,0.5546743937776422,0.447460728991917,7044,0.39267461669505965,0.3803236797274276,0.21039182282793867,1,1
122011419,Manly - Fairlight,12201,Manly,122,Sydney - Northern Beaches,1GSYD,Greater Sydney,1,New South Wales,NSW,6.7351,38,3467,1568,725,4245,1.0,3185,2.2,8860,9381,0.9444622108517216,0.1182844243792325,0.14988713318284425,0.6829571106094808,0.5284424379232505,0.40812641083521445,9381,0.29357211384713783,0.21095832000852788,0.47191131009487264,1,1
122021420,Avalon - Palm Beach,12202,Pittwater,122,Sydney - Northern Beaches,1GSYD,Greater Sydney,1,New South Wales,NSW,8.6057,48,3300,1058,745,2981,0.8,2547,2.7,4286,4613,0.929113375243876,0.1460569295380308,0.1833877741483901,0.6133924405039664,0.4391040597293514,0.31731217918805416,4613,0.48103186646433993,0.34532841968350314,0.15304574029915458,1,1
122021421,Bayview - Elanora Heights,12202,Pittwater,122,Sydney - Northern Beaches,1GSYD,Greater Sydney,1,New South Wales,NSW,64.583,49,3467,1006,745,3089,0.8,2560,2.7,3621,3894,0.9298921417565486,0.17094725214029274,0.2140292736813035,0.5948632974316487,0.4498757249378625,0.32421982877658106,3894,0.4650744735490498,0.34386235233692863,0.10888546481766821,1,1
122021422,Newport - Bilgola,12202,Pittwater,122,Sydney - Northern Beaches,1GSYD,Greater Sydney,1,New South Wales,NSW,5.798,46,3033,1115,628,3067,0.8,2607,2.7,4624,4944,0.9352750809061489,0.13062283737024222,0.1684688581314879,0.6191608996539792,0.44420415224913495,0.3235294117647059,4944,0.406957928802589,0.38531553398058255,0.1913430420711974,1,1
122021690,Mona Vale - Warriewood (North),12202,Pittwater,122,Sydney - Northern Beaches,1GSYD,Greater Sydney,1,New South Wales,NSW,6.4617,45,3033,1008,660,2806,0.9,2277,2.6,4914,5215,0.9422818791946309,0.17928367928367928,0.2222222222222222,0.5592185592185592,0.382987382987383,0.2523402523402523,5215,0.41802492809204217,0.3282837967401726,0.19980824544582934,1,1
122021691,North Narrabeen - Warriewood (South),12202,Pittwater,122,Sydney - Northern Beaches,1GSYD,Greater Sydney,1,New South Wales,NSW,5.201,40,3093,1072,710,3021,0.9,2754,2.9,3325,3554,0.9355655599324705,0.13022556390977444,0.16661654135338347,0.6427067669172932,0.4598496240601504,0.30105263157894735,3554,0.347495779403489,0.4465391108610017,0.19302194710185705,1,1
122031424,Beacon Hill - Narraweena,12203,Warringah,122,Sydney - Northern Beaches,1GSYD,Greater Sydney,1,New South Wales,NSW,4.3406,42,3200,893,550,2772,0.9,2445,3.0,4431,4716,0.9395674300254453,0.19318438275784247,0.2367411419544121,0.5809072444143534,0.4143534190927556,0.29022793951703907,4716,0.3280322307039864,0.3742578456318914,0.24512298558100085,1,1
122031425,Cromer,12203,Warringah,122,Sydney - Northern Beaches,1GSYD,Greater Sydney,1,New South Wales,NSW,7.4915,42,3179,925,650,2800,0.9,2379,2.9,2505,2687,0.9322664681801265,0.18682634730538922,0.22994011976047904,0.564870259481038,0.40798403193612776,0.27624750499002,2687,0.36620766654261255,0.40044659471529587,0.14067733531819873,1,1
122031427,Forestville - Killarney Heights,12203,Warringah,122,Sydney - Northern Beaches,1GSYD,Greater Sydney,1,New South Wales,NSW,8.9311,43,3400,975,720,3328,0.8,2794,3.0,4060,4307,0.9426514975621082,0.17044334975369457,0.20837438423645321,0.6224137931034482,0.4766009852216749,0.36305418719211824,4307,0.4202461109821221,0.3752031576503367,0.1711167866264221,1,1
122031429,Freshwater - Brookvale,12203,Warringah,122,Sydney - Northern Beaches,1GSYD,Greater Sydney,1,New South Wales,NSW,7.1838,37,3033,1295,600,3303,1.0,2724,2.5,7881,8311,0.9482613403922512,0.11166095673137927,0.14541301865245526,0.6553736835426976,0.46034767161527723,0.3201370384468976,8311,0.2696426422813139,0.3464083744435086,0.3624112621826495,1,1
122031430,Manly Vale - Allambie Heights,12203,Warringah,122,Sydney - Northern Beaches,1GSYD,Greater Sydney,1,New South Wales,NSW,9.3541,40,3250,1112,550,3306,1.0,2737,2.8,5670,5980,0.9481605351170569,0.14797178130511462,0.18518518518518517,0.6342151675485009,0.4615520282186949,0.34074074074074073,5980,0.3016722408026756,0.40618729096989964,0.2682274247491639,1,1
122031432,Terrey Hills - Duffys Forest,12203,Warringah,122,Sydney - Northern Beaches,1GSYD,Greater Sydney,1,New South Wales,NSW,70.5438,47,3200,1010,610,3178,0.8,2899,3.0,1125,1196,0.9406354515050167,0.15022222222222223,0.19466666666666665,0.6302222222222222,0.48444444444444446,0.352,1196,0.4590301003344482,0.36705685618729095,0.15133779264214048,1,1
122031692,Belrose,12203,Warringah,122,Sydney - Northern Beaches,1GSYD,Greater Sydney,1,New South Wales,NSW,13.4385,46,3464,903,885,3121,0.8,2601,2.9,2700,2880,0.9375,0.1685185185185185,0.21333333333333335,0.5888888888888889,0.45,0.3233333333333333,2880,0.4340277777777778,0.40243055555555557,0.11423611111111111,1,1
122031693,Collaroy - Collaroy Plateau,12203,Warringah,122,Sydney - Northern Beaches,1GSYD,Greater Sydney,1,New South Wales,NSW,4.1295,41,3000,1066,600,3039,0.9,2601,2.7,4602,4875,0.944,0.12624945675793134,0.1681877444589309,0.6229900043459365,0.43524554541503696,0.30160799652325077,4875,0.3569230769230769,0.35917948717948717,0.2568205128205128,1,1
122031694,Dee Why (South) - North Curl Curl,12203,Warringah,122,Sydney - Northern Beaches,1GSYD,Greater Sydney,1,New South Wales,NSW,1.9915,38,3000,1120,573,3127,1.0,2550,2.7,3038,3221,0.943185346165787,0.12475312705727452,0.17149440421329823,0.6283739302172482,0.43416721527320606,0.3127057274522712,3221,0.3176032288109283,0.33436820863086,0.3290903446134741,1,1
122031695,Dee Why - North,12203,Warringah,122,Sydney - Northern Beaches,1GSYD,Greater Sydney,1,New South Wales,NSW,2.0816,36,2400,1055,550,2400,1.2,2069,2.2,7338,7696,0.9534823284823285,0.16380485145816298,0.2100027255382938,0.5209866448623603,0.27555192150449714,0.1455437448896157,7696,0.19451663201663202,0.2939189189189189,0.4847972972972973,1,1
122031696,Frenchs Forest - Oxford Falls,12203,Warringah,122,Sydney - Northern Beaches,1GSYD,Greater Sydney,1,New South Wales,NSW,16.6936,41,3400,1041,828,3301,0.8,3142,3.2,5041,5326,0.9464889222681186,0.1120809363221583,0.14203531045427495,0.6798254314620115,0.5219202539178734,0.3830589168815711,5326,0.3839654524971836,0.46301164100638376,0.13875328576793092,1,1
122031697,Narrabeen - Wheeler Heights,12203,Warringah,122,Sydney - Northern Beaches,1GSYD,Greater Sydney,1,New South Wales,NSW,3.0327,46,2817,1019,580,2696,1.0,1998,2.3,4301,4539,0.947565543071161,0.20971867007672634,0.266217158800279,0.4980237154150198,0.3171355498721228,0.19600093001627528,4539,0.3007270323859881,0.276492619519718,0.32297862965410884,1,1
123011433,Camden - Ellis Lane,12301,Camden,123,Sydney - Outer South West,1GSYD,Greater Sydney,1,New South Wales,NSW,26.1934,42,2336,876,420,2463,0.8,2053,2.7,4256,4507,0.9443088528954959,0.20864661654135339,0.2605733082706767,0.5112781954887218,0.3143796992481203,0.17669172932330826,4507,0.35566895939649434,0.42955402706900375,0.16796094963390282,1,1
123011698,Currans Hill,12301,Camden,123,Sydney - Outer South West,1GSYD,Greater Sydney,1,New South Wales,NSW,7.0704,31,2200,980,460,2325,0.8,2170,3.0,1955,2074,0.9426229508196722,0.11764705882352941,0.16163682864450127,0.5565217391304348,0.2792838874680307,0.11304347826086956,2074,0.14802314368370298,0.5351976856316297,0.30279652844744454,1,1
123011699,Elderslie - Narellan,12301,Camden,123,Sydney - Outer South West,1GSYD,Greater Sydney,1,New South Wales,NSW,15.3086,34,2427,939,450,2457,0.8,2189,2.9,4411,4666,0.9453493356193742,0.1727499433235094,0.22466560870550895,0.5468147812287463,0.3182951711630016,0.17161641351167536,4666,0.24517788255465067,0.4586369481354479,0.2715387912558937,1,1
123011700,Harrington Park,12301,Camden,123,Sydney - Outer South West,1GSYD,Greater Sydney,1,New South Wales,NSW,6.2329,36,2600,974,550,2948,0.8,2913,3.4,3044,3228,0.942998760842627,0.09625492772667543,0.13107752956636004,0.6948094612352168,0.48587385019710905,0.2992772667542707,3228,0.2698265179677819,0.5817843866171004,0.13816604708798016,1,1
123011701,Mount Annan,12301,Camden,123,Sydney - Outer South West,1GSYD,Greater Sydney,1,New South Wales,NSW,13.2044,35,2196,939,470,2522,0.8,2395,3.2,5579,5902,0.9452727888851237,0.11740455278723785,0.16275318157375873,0.6124753540060943,0.34396845312780067,0.1677720021509231,5902,0.23669942392409352,0.5469332429684852,0.20230430362588953,1,1
123011702,Spring Farm,12301,Camden,123,Sydney - Outer South West,1GSYD,Greater Sydney,1,New South Wales,NSW,5.8595,30,2500,1122,510,2503,0.8,2403,3.0,2992,3097,0.9660962221504682,0.08054812834224599,0.11697860962566844,0.6433823529411765,0.31016042780748665,0.11831550802139038,3097,0.10461737164998386,0.6199547949628673,0.26154342912495965,1,1
123021436,Bradbury - Wedderburn,12302,Campbelltown (NSW),123,Sydney - Outer South West,1GSYD,Greater Sydney,1,New South Wales,NSW,36.6552,33,2000,695,370,1757,0.8,1551,2.9,6113,6518,0.9378643755753299,0.23948961230165222,0.3165385244560772,0.3759201701292328,0.16538524456077214,0.06608866350400786,6518,0.21126112304387848,0.3872353482663394,0.3771095428045413,1,1
123021437,Campbelltown - Woodbine,12302,Campbelltown (NSW),123,Sydney - Outer South West,1GSYD,Greater Sydney,1,New South Wales,NSW,13.7477,35,2023,744,390,1919,0.9,1547,2.6,7480,7960,0.9396984924623115,0.2518716577540107,0.31925133689839574,0.37967914438502676,0.1767379679144385,0.07647058823529412,7960,0.19396984924623115,0.31155778894472363,0.4342964824120603,1,1
123021438,Claymore - Eagle Vale - Raby,12302,Campbelltown (NSW),123,Sydney - Outer South West,1GSYD,Greater Sydney,1,New South Wales,NSW,22.9252,35,2000,755,375,1952,0.9,1794,3.0,5926,6333,0.9357334596557714,0.19169760377995276,0.253459331758353,0.44465069186635164,0.20890988862639218,0.08893013837327034,6333,0.24964471814306016,0.4604452865940313,0.2695405021316911,1,1
123021439,Holsworthy Military Area,12302,Campbelltown (NSW),123,Sydney - Outer South West,1GSYD,Greater Sydney,1,New South Wales,NSW,129.823,33,0,1499,330,2750,1.5,2750,3.0,0,0,,,,,,,0,,,,0,0
123021441,Leumeah - Minto Heights,12302,Campbelltown (NSW),123,Sydney - Outer South West,1GSYD,Greater Sydney,1,New South Wales,NSW,23.6461,37,2000,719,360,1875,0.8,1596,2.8,5384,5758,0.935046891281695,0.23829866270430908,0.30646359583952454,0.3941307578008915,0.17310549777117384,0.07113670133729569,5758,0.2973254602292463,0.37165682528655786,0.3096561306009031,1,1
123021443,Minto - St Andrews,12302,Campbelltown (NSW),123,Sydney - Outer South West,1GSYD,Greater Sydney,1,New South Wales,NSW,12.4133,35,2035,712,370,1898,0.9,1727,3.1,6145,6539,0.9397461385532956,0.20895036615134255,0.2766476810414972,0.43319772172497967,0.1934906427990236,0.0821806346623271,6539,0.21899372992812358,0.43814038843859915,0.32145588010399145,1,1
123021444,Rosemeadow - Glen Alpine,12302,Campbelltown (NSW),123,Sydney - Outer South West,1GSYD,Greater Sydney,1,New South Wales,NSW,48.0827,37,1950,697,370,1854,0.8,1663,2.9,6386,6845,0.9329437545653761,0.23113059818352646,0.30300657688694016,0.41058565612276854,0.20122142186031944,0.09865330410272471,6845,0.2720233747260774,0.370781592403214,0.30635500365230095,1,1
123021703,Denham Court - Bardia,12302,Campbelltown (NSW),123,Sydney - Outer South West,1GSYD,Greater Sydney,1,New South Wales,NSW,15.5853,32,2700,985,550,2508,0.9,2437,3.3,4072,4283,0.9507354657950035,0.10609037328094302,0.14636542239685657,0.6269646365422397,0.35486247544204325,0.18369351669941061,4283,0.112537940695774,0.5986458090123745,0.23628297922017277,1,1
123021704,Glenfield,12302,Campbelltown (NSW),123,Sydney - Outer South West,1GSYD,Greater Sydney,1,New South Wales,NSW,6.9946,36,2167,844,420,2203,0.9,2070,3.0,3035,3228,0.9402106567534076,0.16046128500823723,0.21383855024711698,0.5228995057660626,0.26919275123558484,0.12685337726523888,3228,0.2214993804213135,0.4138785625774473,0.3385997521685254,1,1
123021705,Ingleburn,12302,Campbelltown (NSW),123,Sydney - Outer South West,1GSYD,Greater Sydney,1,New South Wales,NSW,14.1156,37,2000,739,380,1911,0.9,1671,2.9,5220,5543,0.9417283059714956,0.21762452107279692,0.27873563218390807,0.4128352490421456,0.20172413793103447,0.09616858237547893,5543,0.27512177521197906,0.37741295327440016,0.32545552949666245,1,1
123021706,Macquarie Fields,12302,Campbelltown (NSW),123,Sydney - Outer South West,1GSYD,Greater Sydney,1,New South Wales,NSW,9.0236,36,1800,592,340,1580,0.9,1378,2.9,4296,4623,0.9292667099286178,0.2809590316573557,0.36405959031657353,0.3186685288640596,0.12057728119180633,0.050046554934823094,4623,0.21479558728098638,0.33354964308890334,0.4239671209171534,1,1
123031445,Bargo,12303,Wollondilly,123,Sydney - Outer South West,1GSYD,Greater Sydney,1,New South Wales,NSW,67.7705,40,2167,763,415,2101,0.8,1841,2.9,1831,1983,0.9233484619263742,0.21245221190606225,0.2703440742763517,0.4680502457673403,0.2605133806663026,0.1261605679956308,1983,0.3328290468986384,0.4558749369641957,0.1578416540595058,1,1
123031446,Douglas Park - Appin,12303,Wollondilly,123,Sydney - Outer South West,1GSYD,Greater Sydney,1,New South Wales,NSW,289.946,36,2600,959,490,2624,0.8,2484,3.2,3094,3329,0.9294082306999099,0.13251454427925016,0.17323852617970265,0.6170006464124111,0.3930187459599224,0.21978021978021978,3329,0.292880744968459,0.5328927605887654,0.12526284169420246,1,1
123031447,Picton - Tahmoor - Buxton,12303,Wollondilly,123,Sydney - Outer South West,1GSYD,Greater Sydney,1,New South Wales,NSW,189.9087,37,2175,829,400,2169,0.8,1886,2.8,6127,6538,0.9371367390639339,0.20646319569120286,0.26799412436755343,0.47070344377346174,0.24922474294108046,0.12077688917904358,6538,0.284796573875803,0.4434077699602325,0.23034567145916182,1,1
123031448,The Oaks - Oakdale,12303,Wollondilly,123,Sydney - Outer South West,1GSYD,Greater Sydney,1,New South Wales,NSW,322.7354,38,2383,869,410,2346,0.8,2296,3.1,2718,2960,0.9182432432432432,0.1490066225165563,0.19242089771891097,0.5732155997056659,0.34915378955114057,0.1894775570272259,2960,0.3608108108108108,0.4966216216216216,0.10777027027027027,1,1
124011449,Blackheath - Megalong Valley,12401,Blue Mountains,124,Sydney - Outer West and Blue Mountains,1GSYD,Greater Sydney,1,New South Wales,NSW,139.2166,52,1733,727,380,1814,0.7,1317,2.1,2471,2603,0.949289281598156,0.3035208417644678,0.38648320518008905,0.31525698097936056,0.1489275596924322,0.07770133549170376,2603,0.4683058009988475,0.3011909335382251,0.20053784095274682,1,1
124011450,Blaxland - Warrimoo - Lapstone,12401,Blue Mountains,124,Sydney - Outer West and Blue Mountains,1GSYD,Greater Sydney,1,New South Wales,NSW,29.6935,41,2265,971,440,2652,0.8,2294,2.8,6397,6756,0.9468620485494376,0.14944505236829764,0.19665468188213225,0.5687040800375176,0.36501485071127093,0.21431921213068625,6756,0.41725873297809357,0.42169923031379514,0.14638839550029603,1,1
124011451,Blue Mountains - North,12401,Blue Mountains,124,Sydney - Outer West and Blue Mountains,1GSYD,Greater Sydney,1,New South Wales,NSW,595.0366,61,2353,575,0,1375,0.4,1375,1.8,0,3,0.0,,,,,,3,2.3333333333333335,0.0,0.0,0,0
124011452,Katoomba - Leura,12401,Blue Mountains,124,Sydney - Outer West and Blue Mountains,1GSYD,Greater Sydney,1,New South Wales,NSW,40.8734,50,1733,687,380,1790,0.7,1238,2.1,5734,6040,0.9493377483443709,0.3327520055807464,0.4152424136728287,0.3031042901988141,0.15015695849319846,0.07970003487966515,6040,0.3978476821192053,0.28410596026490065,0.2847682119205298,1,1
124011453,Lawson - Hazelbrook - Linden,12401,Blue Mountains,124,Sydney - Outer West and Blue Mountains,1GSYD,Greater Sydney,1,New South Wales,NSW,46.8873,43,1950,784,400,2129,0.8,1755,2.5,4183,4428,0.9446702800361337,0.2223284723882381,0.2847238823810662,0.43581161845565386,0.2211331580205594,0.09801577814965336,4428,0.37262872628726285,0.4643179765130985,0.1447606142728094,1,1
124011454,Springwood - Winmalee,12401,Blue Mountains,124,Sydney - Outer West and Blue Mountains,1GSYD,Greater Sydney,1,New South Wales,NSW,69.6647,43,2167,899,420,2402,0.7,2043,2.6,7656,8055,0.9504655493482309,0.1803814002089864,0.2332810867293626,0.510841170323929,0.2919278996865204,0.15517241379310345,8055,0.3898199875853507,0.44059590316573555,0.13755431409062693,1,1
124011455,Wentworth Falls,12401,Blue Mountains,124,Sydney - Outer West and Blue Mountains,1GSYD,Greater Sydney,1,New South Wales,NSW,21.0358,50,2080,740,430,1978,0.7,1528,2.3,2468,2576,0.9580745341614907,0.26175040518638576,0.32982171799027554,0.38695299837925445,0.21474878444084278,0.11183144246353323,2576,0.4701086956521739,0.33812111801242234,0.17391304347826086,1,1
124021456,Blue Mountains - South,12402,Blue Mountains - South,124,Sydney - Outer West and Blue Mountains,1GSYD,Greater Sydney,1,New South Wales,NSW,2456.9093,70,0,900,150,0,0.7,900,1.0,0,4,0.0,,,,,,4,1.75,0.0,0.0,0,0
124031457,Cambridge Park,12403,Penrith,124,Sydney - Outer West and Blue Mountains,1GSYD,Greater Sydney,1,New South Wales,NSW,6.5871,35,2058,820,400,2016,0.8,1806,2.7,5210,5525,0.9429864253393665,0.1925143953934741,0.25681381957773514,0.4477927063339731,0.2,0.08023032629558541,5525,0.2971945701357466,0.4179185520361991,0.26497737556561085,1,1
124031459,Emu Plains - Leonay,12403,Penrith,124,Sydney - Outer West and Blue Mountains,1GSYD,Greater Sydney,1,New South Wales,NSW,13.794,40,2200,934,437,2470,0.8,2122,2.7,4651,4954,0.938837303189342,0.1894216297570415,0.24209847344657062,0.5284884970973984,0.3210062352182326,0.1677058697054397,4954,0.38110617682680664,0.41279773920064594,0.18792894630601534,1,1
124031460,Glenmore Park - Regentville,12403,Penrith,124,Sydney - Outer West and Blue Mountains,1GSYD,Greater Sydney,1,New South Wales,NSW,9.233,35,2300,1009,465,2588,0.8,2425,3.1,6341,6687,0.9482578136683116,0.11007727487777953,0.15360353256584136,0.6221416180413184,0.3660305945434474,0.19066393313357516,6687,0.2545237027067444,0.5090474054134888,0.22356811724241066,1,1
124031461,Jamisontown - South Penrith,12403,Penrith,124,Sydney - Outer West and Blue Mountains,1GSYD,Greater Sydney,1,New South Wales,NSW,9.0181,37,2113,843,400,2091,0.8,1756,2.6,6061,6413,0.9451114922813036,0.20458670186437883,0.2697574657647253,0.434746741461805,0.2040917340372876,0.08183468074575152,6413,0.3040698581007329,0.3502261032278185,0.32605644784032434,1,1
124031462,Kingswood - Werrington,12403,Penrith,124,Sydney - Outer West and Blue Mountains,1GSYD,Greater Sydney,1,New South Wales,NSW,14.023,33,2128,839,370,2072,0.8,1707,2.7,8000,8486,0.9427292010370021,0.213,0.27975,0.42,0.1985,0.08625,8486,0.16686306858354938,0.37980202686778225,0.42104642941315107,1,1
124031463,Mulgoa - Luddenham - Orchard Hills,12403,Penrith,124,Sydney - Outer West and Blue Mountains,1GSYD,Greater Sydney,1,New South Wales,NSW,158.6777,35,2773,1025,530,2823,0.8,2699,3.3,3316,3553,0.9332958063608219,0.1218335343787696,0.15922798552472858,0.6483715319662243,0.4393848009650181,0.2632689987937274,3553,0.30819026175063324,0.4821277793414016,0.18885448916408668,1,1
124031464,Penrith,12403,Penrith,124,Sydney - Outer West and Blue Mountains,1GSYD,Greater Sydney,1,New South Wales,NSW,10.3945,36,1783,812,380,1850,0.8,1397,2.1,7445,7837,0.949980860022968,0.2822028206850235,0.35379449294828746,0.31645399597045,0.128811282740094,0.054801880456682335,7837,0.1538854153375016,0.20581855301773638,0.6020160775807069,1,1
124031465,Warragamba - Silverdale,12403,Penrith,124,Sydney - Outer West and Blue Mountains,1GSYD,Greater Sydney,1,New South Wales,NSW,63.6142,35,2383,969,416,2505,0.8,2330,3.1,1765,1884,0.9368365180467091,0.1320113314447592,0.17620396600566574,0.5835694050991501,0.343342776203966,0.17563739376770537,1884,0.2929936305732484,0.5567940552016986,0.12579617834394904,1,1
124031707,Cranebrook - Castlereagh,12403,Penrith,124,Sydney - Outer West and Blue Mountains,1GSYD,Greater Sydney,1,New South Wales,NSW,48.9014,34,2167,897,410,2304,0.8,2118,3.0,5159,5463,0.9443529196412228,0.15952704012405505,0.20934289591006008,0.5347935646443109,0.28280674549331264,0.1399496026361698,5463,0.24418817499542375,0.4783086216364635,0.2573677466593447,1,1
124031708,Jordan Springs - Llandilo,12403,Penrith,124,Sydney - Outer West and Blue Mountains,1GSYD,Greater Sydney,1,New South Wales,NSW,22.616,31,2600,1053,530,2506,0.8,2446,3.3,3783,4019,0.9412789251057477,0.08934707903780069,0.12661908538197197,0.6553000264340471,0.3481363996827914,0.15437483478720593,4019,0.12192087583976113,0.5260014929086837,0.3262005473998507,1,1
124041466,Richmond - Clarendon,12404,Richmond - Windsor,124,Sydney - Outer West and Blue Mountains,1GSYD,Greater Sydney,1,New South Wales,NSW,74.6728,39,2167,790,400,2023,0.8,1587,2.4,5436,5778,0.940809968847352,0.26306107431935244,0.33002207505518766,0.3914643119941133,0.1915011037527594,0.08498896247240618,5778,0.30754586362062997,0.30200761509172724,0.3435444790584978,1,1
124041467,Windsor - Bligh Park,12404,Richmond - Windsor,124,Sydney - Outer West and Blue Mountains,1GSYD,Greater Sydney,1,New South Wales,NSW,22.73,35,2100,842,390,2139,0.8,1805,2.6,5166,5509,0.9377382465057179,0.21989934185056137,0.27661633759194737,0.44831591173054586,0.20847851335656215,0.08807588075880758,5509,0.21945906698130332,0.38573243782900707,0.3750226901434017,1,1
124041468,Yarramundi - Londonderry,12404,Richmond - Windsor,124,Sydney - Outer West and Blue Mountains,1GSYD,Greater Sydney,1,New South Wales,NSW,81.4358,38,2500,827,470,2287,0.8,2271,3.3,1675,1823,0.9188151398793198,0.15104477611940298,0.20238805970149254,0.5623880597014925,0.3402985074626866,0.191044776119403,1823,0.3960504662643993,0.3642347778387274,0.20241360394953373,1,1
124051469,Erskine Park,12405,St Marys,124,Sydney - Outer West and Blue Mountains,1GSYD,Greater Sydney,1,New South Wales,NSW,8.3944,37,2167,906,450,2397,0.8,2349,3.2,1854,1976,0.9382591093117408,0.11488673139158576,0.15426105717367852,0.6035598705501618,0.3360302049622438,0.1645091693635383,1976,0.3061740890688259,0.48431174089068824,0.19433198380566802,1,1
124051470,St Clair,12405,St Marys,124,Sydney - Outer West and Blue Mountains,1GSYD,Greater Sydney,1,New South Wales,NSW,7.2035,36,2167,849,440,2183,0.8,2067,3.0,5937,6327,0.9383594120436226,0.1552972881926899,0.20970186963112683,0.5197911403065522,0.25905339397001853,0.10864072764022234,6327,0.3050418839892524,0.46072388177651336,0.21210684368579105,1,1
124051580,Colyton - Oxley Park,12405,St Marys,124,Sydney - Outer West and Blue Mountains,1GSYD,Greater Sydney,1,New South Wales,NSW,4.6521,34,1950,739,390,1770,0.9,1562,2.8,3987,4274,0.9328497894244268,0.22698771005768748,0.29169801856032107,0.37220968146476047,0.14948582894406823,0.061951341861048406,4274,0.23420683200748713,0.3804398689751989,0.35774450163781,1,1
124051581,St Marys - North St Marys,12405,St Marys,124,Sydney - Outer West and Blue Mountains,1GSYD,Greater Sydney,1,New South Wales,NSW,12.8646,35,1842,716,360,1683,0.9,1395,2.5,5657,6087,0.9293576474453754,0.2681633374580166,0.3500088386070355,0.3091744741028814,0.11843733427611808,0.04224854162983914,6087,0.18646295383604403,0.2551338919007721,0.5294890750780351,1,1
125011475,Rookwood Cemetery,12501,Auburn,125,Sydney - Parramatta,1GSYD,Greater Sydney,1,New South Wales,NSW,3.015,51,0,824,243,1874,0.7,1874,2.5,0,4,0.0,,,,,,4,0.0,0.0,1.0,0,0
125011582,Auburn - Central,12501,Auburn,125,Sydney - Parramatta,1GSYD,Greater Sydney,1,New South Wales,NSW,3.7326,31,2056,571,450,1424,1.3,1564,3.4,4797,5253,0.9131924614505996,0.2584948926412341,0.324577861163227,0.39420471127788204,0.19157806962685012,0.09172399416301856,5253,0.21701884637350086,0.23548448505615838,0.49476489624976205,1,1
125011583,Auburn - North,12501,Auburn,125,Sydney - Parramatta,1GSYD,Greater Sydney,1,New South Wales,NSW,2.0966,30,1733,639,380,1439,1.3,1493,3.0,3078,3354,0.9177101967799642,0.2566601689408707,0.33300844704353477,0.3544509421702404,0.15464587394411955,0.06302794022092267,3354,0.16219439475253428,0.17680381633870007,0.6079308288610614,1,1
125011584,Auburn - South,12501,Auburn,125,Sydney - Parramatta,1GSYD,Greater Sydney,1,New South Wales,NSW,2.4313,33,2167,496,435,1476,1.1,1517,3.5,2100,2278,0.9218612818261633,0.2661904761904762,0.3271428571428571,0.38285714285714284,0.2,0.10714285714285714,2278,0.2976294995610184,0.3125548726953468,0.3546971027216857,1,1
125011585,Berala,12501,Auburn,125,Sydney - Parramatta,1GSYD,Greater Sydney,1,New South Wales,NSW,2.0865,37,2000,597,380,1610,1.0,1540,3.0,2511,2696,0.9313798219584569,0.25846276383910793,0.32616487455197135,0.37674233373158106,0.18876941457586618,0.09996017522899243,2696,0.3241839762611276,0.23701780415430268,0.40281899109792285,1,1
125011586,Lidcombe,12501,Auburn,125,Sydney - Parramatta,1GSYD,Greater Sydney,1,New South Wales,NSW,6.4036,35,2230,704,480,1856,1.1,1886,3.0,6207,6701,0.9262796597522758,0.18914129208957628,0.24504591590140165,0.472208796520058,0.2611567584984695,0.13452553568551634,6701,0.2387703327861513,0.2995075361886286,0.42695120131323683,1,1
125011587,Regents Park,12501,Auburn,125,Sydney - Parramatta,1GSYD,Greater Sydney,1,New South Wales,NSW,2.0325,36,1976,569,375,1575,1.0,1417,3.0,1533,1613,0.9504029758214507,0.28180039138943247,0.365296803652968,0.36268754076973253,0.18003913894324852,0.09197651663405088,1613,0.2653440793552387,0.2448853068815871,0.4476131432114073,1,1
125011709,Silverwater - Newington,12501,Auburn,125,Sydney - Parramatta,1GSYD,Greater Sydney,1,New South Wales,NSW,3.934,37,2391,993,520,2526,1.0,2272,2.8,2590,2708,0.9564254062038404,0.1305019305019305,0.17335907335907336,0.5733590733590733,0.35637065637065635,0.21737451737451738,2708,0.22156573116691286,0.39438700147710487,0.3655834564254062,1,1
125011710,Wentworth Point - Sydney Olympic Park,12501,Auburn,125,Sydney - Parramatta,1GSYD,Greater Sydney,1,New South Wales,NSW,7.3279,32,2300,1150,510,2265,1.2,2002,2.1,8974,9322,0.962668955159837,0.1301537775796746,0.1731669266770671,0.5006685981724983,0.2341207934031647,0.11566748384221083,9322,0.06865479510834585,0.3149538725595366,0.5994421797897447,1,1
125021477,Ermington - Rydalmere,12502,Carlingford,125,Sydney - Parramatta,1GSYD,Greater Sydney,1,New South Wales,NSW,9.8655,37,2600,803,430,2260,0.9,1958,2.8,7869,8367,0.9404804589458587,0.2100648112847884,0.2591180582030754,0.4914220358368281,0.2822467912059982,0.15198881687635024,8367,0.2227799689255408,0.3412214652802677,0.4123341699533883,1,1
125021478,Oatlands - Dundas Valley,12502,Carlingford,125,Sydney - Parramatta,1GSYD,Greater Sydney,1,New South Wales,NSW,6.0763,40,2600,758,420,2170,0.9,1838,2.8,5991,6364,0.9413890634820867,0.2470372225004173,0.29928225671841097,0.4630278751460524,0.27207477883491904,0.15356367885161076,6364,0.2608422375864236,0.34098051539912005,0.3670647391577624,1,1
125021711,Carlingford - East,12502,Carlingford,125,Sydney - Parramatta,1GSYD,Greater Sydney,1,New South Wales,NSW,3.7288,41,2600,789,520,2328,0.9,2143,3.0,3593,3815,0.9418086500655308,0.17728917339270805,0.23128305037573058,0.5338157528527693,0.3428889507375452,0.2154188700250487,3815,0.3598951507208388,0.35124508519003933,0.24272608125819134,1,1
125021712,Carlingford - West,12502,Carlingford,125,Sydney - Parramatta,1GSYD,Greater Sydney,1,New South Wales,NSW,6.0167,38,2500,802,490,2168,1.0,2101,3.0,5892,6217,0.9477239826282773,0.15546503733876443,0.2012898845892736,0.5271554650373388,0.3015953835709437,0.17090970807875086,6217,0.3003056136400193,0.3361750040212321,0.3448608653691491,1,1
125031479,Chester Hill - Sefton,12503,Merrylands - Guildford,125,Sydney - Parramatta,1GSYD,Greater Sydney,1,New South Wales,NSW,7.2676,34,2167,517,400,1577,1.0,1415,3.2,5381,5785,0.9301642178046673,0.29920089202750416,0.36833302360156106,0.3426872328563464,0.16911354766771974,0.08325590039026204,5785,0.2762316335350043,0.29766637856525496,0.3832324978392394,1,1
125031480,Fairfield - East,12503,Merrylands - Guildford,125,Sydney - Parramatta,1GSYD,Greater Sydney,1,New South Wales,NSW,5.7115,37,1850,478,300,1394,1.1,1187,3.0,4225,4586,0.9212821631051025,0.35360946745562133,0.4369230769230769,0.282603550295858,0.1259171597633136,0.06792899408284024,4586,0.24705625817706062,0.26842564326210205,0.44003488879197555,1,1
125031481,Granville - Clyde,12503,Merrylands - Guildford,125,Sydney - Parramatta,1GSYD,Greater Sydney,1,New South Wales,NSW,5.6086,31,2000,629,420,1648,1.2,1585,3.1,6441,7004,0.9196173615077099,0.24654556745846917,0.3111318118304611,0.3985405992858252,0.18661698494022666,0.08181959323086477,7004,0.21844660194174756,0.26941747572815533,0.4695888063963449,1,1
125031483,Guildford - South Granville,12503,Merrylands - Guildford,125,Sydney - Parramatta,1GSYD,Greater Sydney,1,New South Wales,NSW,6.7962,31,2100,472,360,1404,1.1,1223,3.2,5644,6130,0.9207177814029364,0.34071580439404675,0.417611622962438,0.2888022678951099,0.13607370659107015,0.06449326718639263,6130,0.2133768352365416,0.2738988580750408,0.467047308319739,1,1
125031484,Guildford West - Merrylands West,12503,Merrylands - Guildford,125,Sydney - Parramatta,1GSYD,Greater Sydney,1,New South Wales,NSW,5.4654,33,2167,587,400,1663,1.0,1458,3.0,6500,6946,0.9357903829542182,0.278,0.34815384615384615,0.3607692307692308,0.1706153846153846,0.08,6946,0.24100201554851713,0.31125827814569534,0.40814857471926286,1,1
125031486,Smithfield Industrial,12503,Merrylands - Guildford,125,Sydney - Parramatta,1GSYD,Greater Sydney,1,New South Wales,NSW,4.3017,43,0,850,150,1625,1.3,1625,1.8,0,9,0.0,,,,,,9,0.6666666666666666,0.0,0.0,0,0
125031487,Yennora Industrial,12503,Merrylands - Guildford,125,Sydney - Parramatta,1GSYD,Greater Sydney,1,New South Wales,NSW,2.0787,51,0,350,462,949,1.1,1125,2.0,0,4,0.0,,,,,,4,0.0,0.0,1.0,0,0
125031713,Greystanes - South,12503,Merrylands - Guildford,125,Sydney - Parramatta,1GSYD,Greater Sydney,1,New South Wales,NSW,5.6504,39,2500,740,480,2150,0.8,1928,3.0,4957,5285,0.9379375591296121,0.2114181964898124,0.26871091385918905,0.48739156748033086,0.28303409320153317,0.1375832156546298,5285,0.406244087038789,0.3736991485335856,0.19280983916745506,1,1
125031714,Merrylands - Holroyd,12503,Merrylands - Guildford,125,Sydney - Parramatta,1GSYD,Greater Sydney,1,New South Wales,NSW,4.9525,33,2000,630,400,1668,1.1,1461,2.9,6991,7535,0.9278035832780358,0.27306536976112145,0.3435846087827206,0.3608925761693606,0.17393792018309254,0.09011586325275354,7535,0.2059721300597213,0.2506967485069675,0.506171201061712,1,1
125031715,Pemulwuy - Greystanes (North),12503,Merrylands - Guildford,125,Sydney - Parramatta,1GSYD,Greater Sydney,1,New South Wales,NSW,7.3982,38,2500,894,500,2559,0.9,2339,3.1,3180,3369,0.943900267141585,0.16792452830188678,0.21069182389937108,0.5757861635220126,0.3720125786163522,0.2018867924528302,3369,0.2935589195607005,0.4452359750667854,0.21727515583259127,1,1
125031716,South Wentworthville,12503,Merrylands - Guildford,125,Sydney - Parramatta,1GSYD,Greater Sydney,1,New South Wales,NSW,1.7661,35,2328,692,460,1968,0.9,1727,3.0,2120,2270,0.933920704845815,0.2179245283018868,0.2792452830188679,0.4330188679245283,0.219811320754717,0.11226415094339623,2270,0.25726872246696036,0.3458149779735683,0.360352422907489,1,1
125041489,North Parramatta,12504,Parramatta,125,Sydney - Parramatta,1GSYD,Greater Sydney,1,New South Wales,NSW,7.0608,35,2080,944,410,2264,1.0,1862,2.3,8576,8961,0.957036045084254,0.1953125,0.25291511194029853,0.46560167910447764,0.23822294776119404,0.11415578358208955,8961,0.13826581854703715,0.2359111706282781,0.5954692556634305,1,1
125041490,North Rocks,12504,Parramatta,125,Sydney - Parramatta,1GSYD,Greater Sydney,1,New South Wales,NSW,5.3762,41,2945,917,550,2605,0.8,2399,3.0,2624,2740,0.9576642335766423,0.13605182926829268,0.18826219512195122,0.5880335365853658,0.3940548780487805,0.2419969512195122,2740,0.3927007299270073,0.4142335766423358,0.1791970802919708,1,1
125041491,Northmead,12504,Parramatta,125,Sydney - Parramatta,1GSYD,Greater Sydney,1,New South Wales,NSW,5.9331,34,2167,1007,420,2401,1.0,2075,2.5,7339,7719,0.9507708252364296,0.16473634010083119,0.21201798610164874,0.5217332061588772,0.28191851750919744,0.14361629649816052,7719,0.16478818499805675,0.28112449799196787,0.5153517294986397,1,1
125041493,Toongabbie - Constitution Hill,12504,Parramatta,125,Sydney - Parramatta,1GSYD,Greater Sydney,1,New South Wales,NSW,7.4795,38,2200,807,438,2297,0.9,2012,2.8,7248,7654,0.9469558400836164,0.21136865342163355,0.26158940397350994,0.5022075055187638,0.3003587196467991,0.15328366445916114,7654,0.2970995557878234,0.3407368696106611,0.30911941468513193,1,1
125041494,Winston Hills,12504,Parramatta,125,Sydney - Parramatta,1GSYD,Greater Sydney,1,New South Wales,NSW,4.3479,40,2700,939,530,2703,0.8,2421,3.0,3454,3681,0.9383319750067917,0.15055008685581933,0.20179502026635784,0.6022003474232773,0.4047481181239143,0.2356687898089172,3681,0.3920130399348003,0.45558272208638956,0.1284976908448791,1,1
125041588,Pendle Hill - Girraween,12504,Parramatta,125,Sydney - Parramatta,1GSYD,Greater Sydney,1,New South Wales,NSW,4.4615,36,2250,831,420,2292,1.1,2057,2.9,4166,4412,0.9442429737080689,0.2071531445031205,0.25444071051368217,0.5156024963994239,0.29236677868458955,0.15458473355736918,4412,0.2055757026291931,0.35494106980961015,0.4127379873073436,1,1
125041589,Wentworthville - Westmead,12504,Parramatta,125,Sydney - Parramatta,1GSYD,Greater Sydney,1,New South Wales,NSW,3.9355,33,2167,926,420,2356,1.2,2176,2.8,6769,7168,0.9443359375,0.16782390308760525,0.2078593588417787,0.5553257497414684,0.3018171074013887,0.15511892450879008,7168,0.13016183035714285,0.27218191964285715,0.5731026785714286,1,1
125041717,Parramatta - North,12504,Parramatta,125,Sydney - Parramatta,1GSYD,Greater Sydney,1,New South Wales,NSW,2.2343,31,2078,1119,450,2380,1.3,2149,2.3,4701,4923,0.9549055453991468,0.12848330142522868,0.17294192724952137,0.5526483726866624,0.29610721123165284,0.15720059561795363,4923,0.06845419459679057,0.16067438553727403,0.7493398334348974,1,1
125041718,Parramatta - South,12504,Parramatta,125,Sydney - Parramatta,1GSYD,Greater Sydney,1,New South Wales,NSW,1.3881,32,1883,845,400,2051,1.2,1947,2.6,3335,3510,0.9501424501424501,0.1826086956521739,0.2380809595202399,0.48695652173913045,0.2482758620689655,0.1262368815592204,3510,0.11652421652421652,0.16866096866096866,0.6886039886039886,1,1
125041719,Rosehill - Harris Park,12504,Parramatta,125,Sydney - Parramatta,1GSYD,Greater Sydney,1,New South Wales,NSW,4.8739,32,1900,836,375,1975,1.2,1757,2.5,3195,3387,0.9433126660761736,0.18028169014084508,0.2406885758998435,0.42566510172143973,0.18403755868544602,0.07480438184663536,3387,0.09625036905816357,0.17419545320342486,0.692943607912607,1,1
126011496,Pennant Hills - Cheltenham,12601,Pennant Hills - Epping,126,Sydney - Ryde,1GSYD,Greater Sydney,1,New South Wales,NSW,13.2936,43,3000,1045,530,3187,0.8,2784,2.9,6819,7247,0.9409410790672003,0.13418389793224814,0.17216600674585716,0.641589675905558,0.4703035635723713,0.33435987681478224,7247,0.4033393128190976,0.37808748447633506,0.19221746929764041,1,1
126011720,Epping (East) - North Epping,12601,Pennant Hills - Epping,126,Sydney - Ryde,1GSYD,Greater Sydney,1,New South Wales,NSW,4.3922,36,2605,1025,500,2755,1.0,2385,2.8,4831,5058,0.9551206010280744,0.14137859656385843,0.18567584351066033,0.5955288760091079,0.3984682260401573,0.2564686400331194,5058,0.2973507315144326,0.3080268880980625,0.3695136417556346,1,1
126011721,Epping (NSW) - West,12601,Pennant Hills - Epping,126,Sydney - Ryde,1GSYD,Greater Sydney,1,New South Wales,NSW,4.4886,37,2650,919,500,2418,1.0,2238,2.8,6113,6427,0.9511436128831492,0.15344348110584002,0.19892033371503354,0.5592998527727793,0.35220022902012105,0.21805987240307542,6427,0.28815932783569315,0.29189357398475185,0.3969192469270266,1,1
126021498,Gladesville - Huntleys Point,12602,Ryde - Hunters Hill,126,Sydney - Ryde,1GSYD,Greater Sydney,1,New South Wales,NSW,4.7162,40,3000,1198,460,3178,0.9,2315,2.4,5846,6165,0.9482562854825628,0.16866233321929525,0.2092028737598358,0.5733835100923709,0.3951419774204584,0.27642832706123843,6165,0.2958637469586375,0.32311435523114357,0.36139497161394973,1,1
126021499,Hunters Hill - Woolwich,12602,Ryde - Hunters Hill,126,Sydney - Ryde,1GSYD,Greater Sydney,1,New South Wales,NSW,4.1512,46,4333,1244,540,4584,0.8,3368,2.7,3005,3206,0.9373050530255771,0.14775374376039935,0.1793677204658902,0.6652246256239601,0.535440931780366,0.4469217970049917,3206,0.430442919525889,0.32439176543980036,0.20679975046787274,1,1
126021500,Macquarie Park - Marsfield,12602,Ryde - Hunters Hill,126,Sydney - Ryde,1GSYD,Greater Sydney,1,New South Wales,NSW,10.6718,34,2383,900,470,2340,1.1,1924,2.2,9197,9618,0.9562279060095654,0.2020223986082418,0.2516037838425574,0.4811351527672067,0.25725780145699684,0.13493530499075784,9618,0.19692243709710958,0.24318985236015803,0.5140361821584529,1,1
126021501,North Ryde - East Ryde,12602,Ryde - Hunters Hill,126,Sydney - Ryde,1GSYD,Greater Sydney,1,New South Wales,NSW,6.2231,38,2800,1054,521,2974,1.0,2439,2.7,5238,5503,0.9518444484826458,0.16437571592210767,0.20179457808323786,0.6019473081328751,0.41485299732722414,0.27758686521573117,5503,0.30328911502816647,0.3336361984372161,0.34072324186807196,1,1
126021503,West Ryde - Meadowbank,12602,Ryde - Hunters Hill,126,Sydney - Ryde,1GSYD,Greater Sydney,1,New South Wales,NSW,4.7923,36,2400,996,420,2420,1.0,2019,2.4,7724,8063,0.9579560957460003,0.18086483687208701,0.2322630761263594,0.5053081305023304,0.28508544795442775,0.16053858104609012,8063,0.22733473893091902,0.28463351110008683,0.4643432965397495,1,1
126021590,Putney,12602,Ryde - Hunters Hill,126,Sydney - Ryde,1GSYD,Greater Sydney,1,New South Wales,NSW,1.5194,43,3467,1084,700,3303,0.8,3056,3.0,1274,1350,0.9437037037037037,0.14050235478806908,0.17974882260596547,0.6538461538461539,0.5031397174254317,0.37676609105180536,1350,0.4585185185185185,0.3688888888888889,0.15185185185185185,1,1
126021722,Denistone,12602,Ryde - Hunters Hill,126,Sydney - Ryde,1GSYD,Greater Sydney,1,New South Wales,NSW,2.5272,42,2817,926,600,2780,0.8,2563,3.0,2171,2262,0.9597701149425287,0.14463380930446798,0.18424689083371718,0.6255181943804698,0.4329801934592354,0.2855826807922616,2262,0.4367816091954023,0.3687002652519894,0.17418213969938107,1,1
126021723,Eastwood,12602,Ryde - Hunters Hill,126,Sydney - Ryde,1GSYD,Greater Sydney,1,New South Wales,NSW,5.293,39,2750,762,450,2183,1.0,1953,2.8,6245,6591,0.9475041723562434,0.2076861489191353,0.2618094475580464,0.4895116092874299,0.29495596477181746,0.17469975980784627,6591,0.3032923683811258,0.2843271127294796,0.38749810347443486,1,1
126021724,Ryde - North,12602,Ryde - Hunters Hill,126,Sydney - Ryde,1GSYD,Greater Sydney,1,New South Wales,NSW,5.7098,39,2500,880,430,2410,1.0,1889,2.5,7244,7666,0.9449517349334725,0.2161789066813915,0.2730535615681944,0.4781888459414688,0.2916896742131419,0.17504141358365544,7666,0.2816331854943908,0.2948082441951474,0.4007304983042004,1,1
126021725,Ryde - South,12602,Ryde - Hunters Hill,126,Sydney - Ryde,1GSYD,Greater Sydney,1,New South Wales,NSW,1.5584,33,2500,1143,500,2500,1.2,2158,2.3,4675,4882,0.95759934453093,0.13967914438502674,0.18459893048128342,0.5495187165775401,0.31058823529411766,0.17882352941176471,4882,0.14625153625563295,0.30233510856206475,0.514338385907415,1,1
127011504,Ashcroft - Busby - Miller,12701,Bringelly - Green Valley,127,Sydney - South West,1GSYD,Greater Sydney,1,New South Wales,NSW,5.463,33,1842,452,266,1232,1.0,1027,3.0,4887,5332,0.9165416354088523,0.3984039287906691,0.4894618375281359,0.2222222222222222,0.08389605074687947,0.0374462860650706,5332,0.19204801200300076,0.23105776444111029,0.535821455363841,1,1
127011505,Austral - Greendale,12701,Bringelly - Green Valley,127,Sydney - South West,1GSYD,Greater Sydney,1,New South Wales,NSW,110.715,34,2500,787,500,2115,0.8,2047,3.2,3308,3573,0.9258326336411978,0.1677750906892382,0.21523579201934703,0.5160217654171705,0.26753325272067713,0.13180169286577992,3573,0.29499020431010353,0.3764343688776938,0.2742793171004758,1,1
127011592,Badgerys Creek,12701,Bringelly - Green Valley,127,Sydney - South West,1GSYD,Greater Sydney,1,New South Wales,NSW,17.5774,46,0,850,182,2083,0.8,2083,2.6,0,9,0.0,,,,,,9,0.5555555555555556,0.0,0.3333333333333333,0,0
127011593,Cecil Hills,12701,Bringelly - Green Valley,127,Sydney - South West,1GSYD,Greater Sydney,1,New South Wales,NSW,3.7478,38,2167,727,550,2346,0.9,2409,3.6,1747,1863,0.9377348362855609,0.15397824842587293,0.1974813966800229,0.5872925014310246,0.3697767601602748,0.2289639381797367,1863,0.3569511540526033,0.4723564143853999,0.14439076757917338,1,1
127011594,Green Valley,12701,Bringelly - Green Valley,127,Sydney - South West,1GSYD,Greater Sydney,1,New South Wales,NSW,3.2145,37,2041,580,450,1743,1.0,1775,3.5,3293,3545,0.9289139633286319,0.2064986334649256,0.27118129365320376,0.4418463407227452,0.22411175220163984,0.1099301548739751,3545,0.31227080394922424,0.38081805359661497,0.27813822284908324,1,1
127011595,Hinchinbrook,12701,Bringelly - Green Valley,127,Sydney - South West,1GSYD,Greater Sydney,1,New South Wales,NSW,5.225,35,2167,672,480,1993,0.9,2039,3.6,3292,3499,0.940840240068591,0.14732685297691372,0.20595382746051033,0.5118469015795869,0.27885783718104495,0.13578371810449574,3499,0.27807945127179196,0.49156901971991995,0.20548728208059447,1,1
127011596,Hoxton Park - Carnes Hill - Horningsea Park,12701,Bringelly - Green Valley,127,Sydney - South West,1GSYD,Greater Sydney,1,New South Wales,NSW,4.1265,33,2342,762,500,2259,0.9,2248,3.6,3336,3564,0.936026936026936,0.13519184652278177,0.18315347721822542,0.5704436450839329,0.3120503597122302,0.1528776978417266,3564,0.20089786756453423,0.5535914702581369,0.2202581369248036,1,1
127011597,West Hoxton - Middleton Grange,12701,Bringelly - Green Valley,127,Sydney - South West,1GSYD,Greater Sydney,1,New South Wales,NSW,9.2627,33,2427,808,525,2408,0.9,2412,3.7,4269,4522,0.9440513047324193,0.11478097915202623,0.15249472944483486,0.6130241274303115,0.3621457015694542,0.17896462871866947,4522,0.20035382574082264,0.5701017249004865,0.208093763821318,1,1
127011726,Cobbitty - Bringelly,12701,Bringelly - Green Valley,127,Sydney - South West,1GSYD,Greater Sydney,1,New South Wales,NSW,73.8658,35,2663,957,530,2421,0.8,2273,2.9,1444,1549,0.9322143318269851,0.15027700831024932,0.19806094182825484,0.5734072022160664,0.33102493074792244,0.1731301939058172,1549,0.26081342801807617,0.44673983214977403,0.2001291155584248,1,1
127011727,Gledswood Hills - Gregory Hills,12701,Bringelly - Green Valley,127,Sydney - South West,1GSYD,Greater Sydney,1,New South Wales,NSW,8.7234,30,2600,1127,530,2629,0.8,2551,3.2,4160,4350,0.9563218390804598,0.07259615384615385,0.10432692307692308,0.6776442307692307,0.3778846153846154,0.16947115384615385,4350,0.09149425287356322,0.6255172413793103,0.2694252873563218,1,1
127011728,Leppington - Catherine Field,12701,Bringelly - Green Valley,127,Sydney - South West,1GSYD,Greater Sydney,1,New South Wales,NSW,36.3552,33,2650,893,550,2343,0.8,2271,3.2,3568,3785,0.942668428005284,0.1477017937219731,0.1875,0.5723094170403588,0.32230941704035876,0.1586322869955157,3785,0.25495376486129456,0.4745046235138705,0.23910171730515192,1,1
127011729,Oran Park,12701,Bringelly - Green Valley,127,Sydney - South West,1GSYD,Greater Sydney,1,New South Wales,NSW,13.2477,30,2626,1026,530,2381,0.9,2349,3.3,4908,5164,0.9504260263361735,0.097799511002445,0.12999185004074978,0.6165444172779136,0.32334963325183375,0.14832925835370822,5164,0.07920216886134779,0.5360185902401239,0.35476374903175834,1,1
127021509,Bonnyrigg Heights - Bonnyrigg,12702,Fairfield,127,Sydney - South West,1GSYD,Greater Sydney,1,New South Wales,NSW,5.1887,38,2000,513,400,1611,1.0,1571,3.3,4549,4862,0.9356232003290826,0.25016487140030774,0.3178720597933612,0.4007474170147285,0.20224225104418553,0.09826335458342493,4862,0.31016042780748665,0.32106129164952696,0.3381324557795146,1,1
127021510,Bossley Park - Abbotsbury,12702,Fairfield,127,Sydney - South West,1GSYD,Greater Sydney,1,New South Wales,NSW,9.5147,41,2167,559,470,1856,0.9,1739,3.3,5343,5678,0.9410003522367031,0.22683885457608086,0.2899120344375819,0.4431967059704286,0.25116975481938986,0.13700168444693991,5678,0.3948573441352589,0.3140190207819655,0.2606551602676999,1,1
127021511,Cabramatta - Lansvale,12702,Fairfield,127,Sydney - South West,1GSYD,Greater Sydney,1,New South Wales,NSW,7.5964,40,1517,468,330,1311,1.1,1216,3.0,6894,7377,0.9345262301748678,0.3268059181897302,0.4161589788221642,0.2758920800696258,0.12648680011604294,0.057151145923991876,7377,0.2887352582350549,0.22068591568388235,0.44557408160498846,1,1
127021512,Cabramatta West - Mount Pritchard,12702,Fairfield,127,Sydney - South West,1GSYD,Greater Sydney,1,New South Wales,NSW,5.3429,37,1950,497,380,1520,1.0,1440,3.3,4791,5154,0.929569266589057,0.2834481319140054,0.3621373408474223,0.3554581506992277,0.176789814235024,0.08682947192652891,5154,0.293558401241754,0.309662398137369,0.3554520760574311,1,1
127021513,Canley Vale - Canley Heights,12702,Fairfield,127,Sydney - South West,1GSYD,Greater Sydney,1,New South Wales,NSW,5.4161,38,1815,478,360,1455,1.1,1409,3.3,5874,6309,0.9310508796956728,0.28907048008171604,0.3648280558392918,0.3425263874702077,0.16632618318011577,0.07133129043241403,6309,0.2932318909494373,0.26676176890156916,0.4002219052147725,1,1
127021514,Edensor Park,12702,Fairfield,127,Sydney - South West,1GSYD,Greater Sydney,1,New South Wales,NSW,3.0955,39,2167,538,450,1805,0.9,1817,3.4,2719,2890,0.9408304498269896,0.22876057374034572,0.2853990437660905,0.4534755424788525,0.24494299374770137,0.12431040823832291,2890,0.3833910034602076,0.3283737024221453,0.26539792387543254,1,1
127021515,Fairfield,12702,Fairfield,127,Sydney - South West,1GSYD,Greater Sydney,1,New South Wales,NSW,4.2304,40,1733,453,367,1243,1.1,1087,2.9,5529,5876,0.9409462219196733,0.3611864713329716,0.4640983903056611,0.23548562126966902,0.10200759631036353,0.045758726713691446,5876,0.2089857045609258,0.17750170183798503,0.5811776718856365,1,1
127021516,Fairfield - West,12702,Fairfield,127,Sydney - South West,1GSYD,Greater Sydney,1,New South Wales,NSW,4.6915,37,2057,457,450,1409,1.0,1373,3.4,5481,5856,0.9359631147540983,0.27458492975734355,0.35960591133004927,0.3269476372924649,0.14741835431490605,0.06787082649151614,5856,0.30327868852459017,0.2612704918032787,0.4059084699453552,1,1
127021517,Greenfield Park - Prairiewood,12702,Fairfield,127,Sydney - South West,1GSYD,Greater Sydney,1,New South Wales,NSW,3.6367,40,2037,475,450,1519,0.9,1477,3.3,2427,2545,0.9536345776031434,0.26782035434693036,0.34857849196538937,0.3803049031726411,0.1907704985578904,0.09394313967861558,2545,0.37170923379174853,0.2919449901768173,0.3100196463654224,1,1
127021518,Horsley Park - Kemps Creek,12702,Fairfield,127,Sydney - South West,1GSYD,Greater Sydney,1,New South Wales,NSW,56.2773,44,3000,779,440,2473,0.8,2372,3.4,1087,1183,0.9188503803888419,0.20607175712971482,0.24931002759889603,0.5657773689052438,0.39006439742410304,0.26310947562097514,1183,0.5173288250211328,0.2865595942519019,0.14792899408284024,1,1
127021519,Smithfield - Wetherill Park,12702,Fairfield,127,Sydney - South West,1GSYD,Greater Sydney,1,New South Wales,NSW,6.6123,39,2167,491,420,1531,1.0,1370,3.1,5628,5984,0.9405080213903744,0.3072139303482587,0.3795309168443497,0.3429282160625444,0.16879886282871356,0.08102345415778252,5984,0.32135695187165775,0.27456550802139035,0.3729946524064171,1,1
127021520,St Johns Park - Wakeley,12702,Fairfield,127,Sydney - South West,1GSYD,Greater Sydney,1,New South Wales,NSW,3.6111,42,2065,492,450,1576,0.9,1560,3.3,3062,3247,0.9430243301509086,0.2524493794905291,0.3246244284781189,0.3889614630960157,0.2139124755062051,0.09438275636838668,3247,0.46134893748075145,0.2839544194641207,0.22266707730212504,1,1
127021521,Wetherill Park Industrial,12702,Fairfield,127,Sydney - South West,1GSYD,Greater Sydney,1,New South Wales,NSW,8.5567,56,0,466,400,3499,1.3,1062,1.9,12,12,1.0,0.5,0.5,0.0,0.0,0.0,12,0.0,0.0,0.75,0,0
127031522,Casula,12703,Liverpool,127,Sydney - South West,1GSYD,Greater Sydney,1,New South Wales,NSW,7.072,36,2167,645,450,1917,0.9,1730,3.2,4645,4979,0.9329182566780478,0.22604951560818085,0.28955866523143164,0.43207750269106565,0.23186221743810548,0.11517761033369214,4979,0.26631853785900783,0.3781883912432215,0.3189395460935931,1,1
127031523,Chipping Norton - Moorebank,12703,Liverpool,127,Sydney - South West,1GSYD,Greater Sydney,1,New South Wales,NSW,14.4902,37,2400,809,500,2274,0.8,2120,3.1,6105,6472,0.9432941903584673,0.1638001638001638,0.21981981981981982,0.5321867321867322,0.30024570024570024,0.15593775593775594,6472,0.3284919653893696,0.434796044499382,0.21631644004944375,1,1
127031524,Holsworthy - Wattle Grove,12703,Liverpool,127,Sydney - South West,1GSYD,Greater Sydney,1,New South Wales,NSW,73.7001,35,2275,1027,495,2652,0.9,2463,3.1,5973,6368,0.9379711055276382,0.12322116189519504,0.1617277749874435,0.6258161727774988,0.3775322283609576,0.19922986773815504,6368,0.2539258793969849,0.4494346733668342,0.2710427135678392,1,1
127031599,Lurnea - Cartwright,12703,Liverpool,127,Sydney - South West,1GSYD,Greater Sydney,1,New South Wales,NSW,3.4665,33,2000,471,350,1330,1.0,1136,3.0,3542,3805,0.9308804204993429,0.35968379446640314,0.45115753811405984,0.2509881422924901,0.10446075663466968,0.04206662902315076,3805,0.2231274638633377,0.2777923784494087,0.4607095926412615,1,1
127031601,Warwick Farm,12703,Liverpool,127,Sydney - South West,1GSYD,Greater Sydney,1,New South Wales,NSW,4.6501,35,1517,598,320,1405,1.1,1120,2.3,2201,2369,0.9290840016884762,0.3434802362562472,0.4466151749204907,0.23125851885506588,0.07314856883234894,0.027714675147660156,2369,0.1118615449556775,0.16082735331363446,0.688898269311946,1,1
127031730,Edmondson Park,12703,Liverpool,127,Sydney - South West,1GSYD,Greater Sydney,1,New South Wales,NSW,6.0563,31,2800,1008,550,2619,0.9,2562,3.4,3185,3349,0.9510301582561959,0.07755102040816327,0.11177394034536892,0.6690737833594976,0.3880690737833595,0.20031397174254317,3349,0.08181546730367274,0.5780830098536877,0.31830397133472677,1,1
127031731,Liverpool - East,12703,Liverpool,127,Sydney - South West,1GSYD,Greater Sydney,1,New South Wales,NSW,2.2601,32,1733,699,380,1525,1.1,1345,2.3,6286,6666,0.942994299429943,0.2691695832007636,0.3573019408208718,0.28539611835825646,0.09195036589245943,0.03197581928094177,6666,0.09315931593159316,0.18136813681368136,0.6963696369636964,1,1
127031732,Liverpool - West,12703,Liverpool,127,Sydney - South West,1GSYD,Greater Sydney,1,New South Wales,NSW,4.0583,36,1733,479,360,1420,1.0,1234,2.9,4037,4308,0.9370937790157846,0.3264800594500867,0.40971018082734706,0.27867228139707706,0.11196432994798118,0.046073817190983406,4308,0.23885793871866295,0.22957288765088207,0.48885793871866295,1,1
127031733,Prestons,12703,Liverpool,127,Sydney - South West,1GSYD,Greater Sydney,1,New South Wales,NSW,9.2311,34,2200,757,520,2291,0.9,2309,3.6,3889,4140,0.9393719806763285,0.13088197480071997,0.1722807919773721,0.5834404731293391,0.32913345332990485,0.17485214708151195,4140,0.23285024154589373,0.5480676328502415,0.18019323671497584,1,1
128011529,Gymea - Grays Point,12801,Cronulla - Miranda - Caringbah,128,Sydney - Sutherland,1GSYD,Greater Sydney,1,New South Wales,NSW,5.7978,41,2860,1046,530,2897,0.8,2428,2.8,6044,6377,0.9477810882860279,0.15734612839179352,0.20201853077432164,0.5939774983454665,0.4086697551290536,0.2673726009265387,6377,0.38482044848674923,0.40473576917045634,0.1961737494119492,1,1
128011530,Miranda - Yowie Bay,12801,Cronulla - Miranda - Caringbah,128,Sydney - Sutherland,1GSYD,Greater Sydney,1,New South Wales,NSW,5.9968,40,2600,941,490,2470,0.9,2005,2.5,7470,7910,0.9443742098609356,0.20562248995983937,0.2540829986613119,0.5020080321285141,0.30174029451137885,0.17603748326639893,7910,0.3063211125158028,0.3355246523388116,0.31403286978508216,1,1
128011531,Sylvania - Taren Point,12801,Cronulla - Miranda - Caringbah,128,Sydney - Sutherland,1GSYD,Greater Sydney,1,New South Wales,NSW,6.0595,46,2817,855,550,2410,0.8,2017,2.6,5495,5849,0.9394768336467773,0.21765241128298454,0.26824385805277523,0.5042766151046406,0.327024567788899,0.20873521383075525,5849,0.41665241921696017,0.33749358864763207,0.17849204992306378,1,1
128011602,Caringbah,12801,Cronulla - Miranda - Caringbah,128,Sydney - Sutherland,1GSYD,Greater Sydney,1,New South Wales,NSW,3.9959,37,2544,1020,470,2531,0.9,1894,2.3,5045,5323,0.9477738117602855,0.20852329038652131,0.26818632309217044,0.4761149653121903,0.27750247770069375,0.13498513379583746,5323,0.2645124929551005,0.3398459515310915,0.37835806875821903,1,1
128011603,Caringbah South,12801,Cronulla - Miranda - Caringbah,128,Sydney - Sutherland,1GSYD,Greater Sydney,1,New South Wales,NSW,4.0699,42,3400,1044,730,3179,0.8,2722,2.9,4127,4373,0.9437457123256345,0.16331475648170585,0.20499151926338746,0.6169130118730313,0.4615943784831597,0.32977950084807367,4373,0.4674136748227761,0.3999542648067688,0.11639606677338211,1,1
128011604,Cronulla - Kurnell - Bundeena,12801,Cronulla - Miranda - Caringbah,128,Sydney - Sutherland,1GSYD,Greater Sydney,1,New South Wales,NSW,25.0865,42,2600,1124,500,2682,0.9,2105,2.3,9622,10152,0.9477935382190701,0.1615048846393681,0.21398877572230304,0.5271253377676158,0.3205154853460819,0.1923716483059655,10152,0.34357762017336485,0.28043735224586286,0.35608747044917255,1,1
128011605,Lilli Pilli - Port Hacking - Dolans Bay,12801,Cronulla - Miranda - Caringbah,128,Sydney - Sutherland,1GSYD,Greater Sydney,1,New South Wales,NSW,1.2706,42,3900,1195,833,3646,0.8,3481,3.2,956,1013,0.9437314906219151,0.100418410041841,0.12238493723849372,0.7343096234309623,0.5805439330543933,0.4393305439330544,1013,0.4827245804540967,0.43731490621915103,0.06910167818361303,1,0
128011606,Woolooware - Burraneer,12801,Cronulla - Miranda - Caringbah,128,Sydney - Sutherland,1GSYD,Greater Sydney,1,New South Wales,NSW,3.3282,40,3000,1157,550,3243,0.9,2569,2.6,3125,3285,0.9512937595129376,0.13056,0.1728,0.6128,0.44096,0.3088,3285,0.37534246575342467,0.40060882800608827,0.20487062404870623,1,1
128021533,Heathcote - Waterfall,12802,Sutherland - Menai - Heathcote,128,Sydney - Sutherland,1GSYD,Greater Sydney,1,New South Wales,NSW,27.6162,42,2513,949,520,2611,0.8,2239,2.7,2198,2325,0.9453763440860216,0.19472247497725204,0.24203821656050956,0.5550500454959054,0.3453139217470428,0.17788898999090083,2325,0.39526881720430107,0.4378494623655914,0.11655913978494624,1,1
128021534,Illawong - Alfords Point,12802,Sutherland - Menai - Heathcote,128,Sydney - Sutherland,1GSYD,Greater Sydney,1,New South Wales,NSW,7.2978,43,2800,976,680,2910,0.8,2830,3.1,3107,3290,0.9443768996960487,0.12713228194399742,0.16157064692629547,0.6610878661087866,0.4695848084969424,0.2990022529771484,3290,0.4966565349544073,0.42401215805471126,0.06930091185410335,1,1
128021535,Menai - Lucas Heights - Woronora,12802,Sutherland - Menai - Heathcote,128,Sydney - Sutherland,1GSYD,Greater Sydney,1,New South Wales,NSW,33.4046,40,2687,989,580,2896,0.8,2692,3.0,6414,6775,0.9467158671586716,0.13033988150919862,0.1646398503274088,0.6442157779856563,0.44324914250077957,0.2673838478328656,6775,0.4017712177121771,0.47099630996309966,0.11011070110701107,1,1
128021536,Oyster Bay - Como - Jannali,12802,Sutherland - Menai - Heathcote,128,Sydney - Sutherland,1GSYD,Greater Sydney,1,New South Wales,NSW,8.9053,40,3000,1063,500,3103,0.8,2745,2.9,7036,7383,0.9530001354462956,0.14425810119386015,0.18590108015918136,0.6338828880045481,0.46077316657191586,0.3018760659465605,7383,0.37762427197616144,0.45929838818908303,0.14831369362047947,1,1
128021537,Royal National Park,12802,Sutherland - Menai - Heathcote,128,Sydney - Sutherland,1GSYD,Greater Sydney,1,New South Wales,NSW,139.3336,22,0,825,390,1625,1.1,1875,3.3,0,9,0.0,,,,,,9,0.0,0.0,0.7777777777777778,0,0
128021538,Sutherland - Kirrawee,12802,Sutherland - Menai - Heathcote,128,Sydney - Sutherland,1GSYD,Greater Sydney,1,New South Wales,NSW,7.755,38,2383,1056,460,2514,0.9,2010,2.3,9135,9577,0.9538477602589538,0.1920087575259989,0.24236453201970443,0.5016967706622879,0.27662835249042145,0.14263820470717023,9577,0.2580139918554871,0.3512582228255195,0.358671817897045,1,1
128021607,Engadine,12802,Sutherland - Menai - Heathcote,128,Sydney - Sutherland,1GSYD,Greater Sydney,1,New South Wales,NSW,8.9538,39,2600,946,500,2600,0.8,2298,2.9,5604,5893,0.9509587646360088,0.15274803711634546,0.2012847965738758,0.5706638115631691,0.3520699500356888,0.18629550321199143,5893,0.3777362973018836,0.47072798235194296,0.13626336331240455,1,1
128021608,Loftus - Yarrawarrah,12802,Sutherland - Menai - Heathcote,128,Sydney - Sutherland,1GSYD,Greater Sydney,1,New South Wales,NSW,3.8436,40,2684,972,550,2816,0.8,2538,2.9,2325,2452,0.9482055464926591,0.15655913978494623,0.19483870967741934,0.610752688172043,0.4210752688172043,0.25333333333333335,2452,0.43841761827079934,0.4551386623164764,0.08727569331158239,1,1
128021609,Woronora Heights,12802,Sutherland - Menai - Heathcote,128,Sydney - Sutherland,1GSYD,Greater Sydney,1,New South Wales,NSW,3.1374,44,2672,1023,738,3215,0.8,3154,3.2,1026,1104,0.9293478260869565,0.10038986354775828,0.12573099415204678,0.7037037037037037,0.5272904483430799,0.3391812865497076,1104,0.41032608695652173,0.5217391304347826,0.05434782608695652,1,1
197979799,Migratory - Offshore - Shipping (NSW),19797,Migratory - Offshore - Shipping (NSW),197,Migratory - Offshore - Shipping (NSW),19799,Migratory - Offshore - Shipping (NSW),1,New South Wales,NSW,nan,56,0,1649,0,0,0.0,0,0.0,0,0,,,,,,,0,,,,0,0
199999499,No usual address (NSW),19999,No usual address (NSW),199,No usual address (NSW),19499,No usual address (NSW),1,New South Wales,NSW,nan,0,0,0,0,0,0.0,0,0.0,0,0,,,,,,,0,,,,0,0
201011001,Alfredton,20101,Ballarat,201,Ballarat,2RVIC,Rest of Vic.,2,Victoria,VIC,52.7109,34,1698,865,370,2218,0.8,1952,2.8,5388,5763,0.9349297241020302,0.17353377876763176,0.2342242019302153,0.48830734966592426,0.25983667409057165,0.11469933184855234,5763,0.2922089189658164,0.4093354155821621,0.2824917577650529,1,1
201011002,Ballarat,20101,Ballarat,201,Ballarat,2RVIC,Rest of Vic.,2,Victoria,VIC,12.3787,45,1700,842,313,2276,0.7,1573,2.2,4773,5036,0.9477760127084988,0.2532998114393463,0.3226482296249738,0.39849151477058453,0.23842447098261052,0.14288707311963125,5036,0.3953534551231136,0.24583002382843527,0.33776806989674346,1,1
201011005,Buninyong,20101,Ballarat,201,Ballarat,2RVIC,Rest of Vic.,2,Victoria,VIC,51.5855,42,1662,805,330,2270,0.8,1927,2.7,2374,2522,0.9413164155432197,0.1958719460825611,0.2540016849199663,0.4869418702611626,0.2708508845829823,0.13816343723673125,2522,0.43695479777954005,0.40087232355273594,0.14274385408406026,1,1
201011006,Delacombe,20101,Ballarat,201,Ballarat,2RVIC,Rest of Vic.,2,Victoria,VIC,34.1607,33,1500,775,360,1855,0.7,1627,2.6,3638,3870,0.9400516795865633,0.21083012644310062,0.28202308960967565,0.3776800439802089,0.1382627817482133,0.049752611324903794,3870,0.26356589147286824,0.4478036175710594,0.2560723514211886,1,1
201011007,Smythes Creek,20101,Ballarat,201,Ballarat,2RVIC,Rest of Vic.,2,Victoria,VIC,104.7274,41,1733,802,350,2236,0.8,2065,3.0,1281,1395,0.9182795698924732,0.17642466822794692,0.23341139734582358,0.5152224824355972,0.25604996096799376,0.11787665886026542,1395,0.3956989247311828,0.5498207885304659,0.04014336917562724,1,1
201011008,Wendouree - Miners Rest,20101,Ballarat,201,Ballarat,2RVIC,Rest of Vic.,2,Victoria,VIC,67.5736,38,1300,642,260,1517,0.7,1191,2.3,5781,6201,0.9322689888727624,0.33575505967825636,0.4276076803321225,0.25583809029579657,0.09635011243729459,0.03822868015914202,6201,0.31849701661022417,0.2949524270278987,0.355104015481374,1,1
201011481,Ballarat East - Warrenheip,20101,Ballarat,201,Ballarat,2RVIC,Rest of Vic.,2,Victoria,VIC,19.2159,41,1300,671,288,1579,0.7,1209,2.1,3867,4108,0.941333982473223,0.31962761830876646,0.41763641065425394,0.2617015774502198,0.10990431859322472,0.046806309800879235,4108,0.313047711781889,0.2721518987341772,0.3648977604673807,1,1
201011482,Ballarat North - Invermay,20101,Ballarat,201,Ballarat,2RVIC,Rest of Vic.,2,Victoria,VIC,73.1419,41,1560,837,300,2217,0.7,1644,2.4,5551,5863,0.9467849223946785,0.23779499189335254,0.30282831922176184,0.4147000540443163,0.22410376508737165,0.10952981444784723,5863,0.3609073852976292,0.3585195292512366,0.25686508613337883,1,1
201011483,Canadian - Mount Clear,20101,Ballarat,201,Ballarat,2RVIC,Rest of Vic.,2,Victoria,VIC,22.2728,37,1387,733,295,1800,0.7,1396,2.3,4588,4863,0.9434505449311125,0.2728857890148213,0.35571054925893636,0.3345684394071491,0.14777680906713164,0.058195292066259806,4863,0.29693604770717663,0.32654739872506683,0.3573925560353691,1,1
201011484,Sebastopol - Redan,20101,Ballarat,201,Ballarat,2RVIC,Rest of Vic.,2,Victoria,VIC,10.5813,39,1179,614,260,1362,0.7,1020,2.1,5392,5776,0.9335180055401662,0.3874258160237389,0.4903560830860534,0.18916913946587538,0.057863501483679525,0.020771513353115726,5776,0.28064404432132967,0.26177285318559557,0.4215720221606648,1,1
201021009,Bacchus Marsh Surrounds,20102,Creswick - Daylesford - Ballan,201,Ballarat,2RVIC,Rest of Vic.,2,Victoria,VIC,1038.8122,43,1700,770,330,2053,0.8,1731,2.5,2213,2388,0.9267169179229481,0.23271577044735653,0.28829643018526885,0.4274740171712607,0.21690013556258472,0.10980569362855852,2388,0.36515912897822445,0.4694304857621441,0.12688442211055276,1,1
201021010,Creswick - Clunes,20102,Creswick - Daylesford - Ballan,201,Ballarat,2RVIC,Rest of Vic.,2,Victoria,VIC,856.7892,49,1300,628,250,1625,0.7,1238,2.3,2979,3229,0.9225766491173738,0.32863376972138303,0.4159113796576032,0.29003021148036257,0.11547499160792213,0.06243705941591138,3229,0.46670795912047075,0.35521833384948903,0.13688448436048312,1,1
201021011,Daylesford,20102,Creswick - Daylesford - Ballan,201,Ballarat,2RVIC,Rest of Vic.,2,Victoria,VIC,920.7579,53,1600,703,330,1784,0.8,1343,2.1,3869,4157,0.9307192687033918,0.30860687516154045,0.38330317911605066,0.32230550529852675,0.1708451796329801,0.09330576376324631,4157,0.49001683906663457,0.32306952128939137,0.1469809959105124,1,1
201021012,Gordon (Vic.),20102,Creswick - Daylesford - Ballan,201,Ballarat,2RVIC,Rest of Vic.,2,Victoria,VIC,850.3137,44,1695,765,270,2111,0.8,1813,2.7,2063,2212,0.9326401446654611,0.21134270479883666,0.2724188075618032,0.45661657779932135,0.2258846340281144,0.10324769752787204,2212,0.40687160940325495,0.47106690777576854,0.0759493670886076,1,1
201031013,Avoca,20103,Maryborough - Pyrenees,201,Ballarat,2RVIC,Rest of Vic.,2,Victoria,VIC,1714.2397,53,1006,516,200,1286,0.7,985,2.2,1321,1448,0.912292817679558,0.40953822861468586,0.5132475397426193,0.21044663133989402,0.07191521574564724,0.03709311127933384,1448,0.5511049723756906,0.2935082872928177,0.10980662983425414,1,1
201031014,Beaufort,20103,Maryborough - Pyrenees,201,Ballarat,2RVIC,Rest of Vic.,2,Victoria,VIC,1863.0431,49,1216,628,218,1552,0.7,1193,2.2,1585,1746,0.9077892325315006,0.338801261829653,0.43154574132492113,0.27381703470031543,0.10977917981072555,0.04605678233438486,1746,0.48739977090492553,0.33390607101947306,0.12027491408934708,1,1
201031015,Golden Plains - North,20103,Maryborough - Pyrenees,201,Ballarat,2RVIC,Rest of Vic.,2,Victoria,VIC,922.0812,43,1387,668,250,1768,0.8,1455,2.6,1623,1777,0.9133370849746765,0.2840418977202711,0.35181762168823166,0.3425754775107825,0.13739987677141097,0.06223043746149107,1777,0.42993809791783905,0.46933033202025887,0.05965109735509285,1,1
201031016,Maryborough (Vic.),20103,Maryborough - Pyrenees,201,Ballarat,2RVIC,Rest of Vic.,2,Victoria,VIC,45.5379,51,1000,511,240,1220,0.7,876,2.1,3341,3639,0.918109370706238,0.4612391499551033,0.5621071535468423,0.15743789284645315,0.05686920083807243,0.024842861418736904,3639,0.4336356141797197,0.23962627095355868,0.27287716405605933,1,1
201031017,Maryborough Surrounds,20103,Maryborough - Pyrenees,201,Ballarat,2RVIC,Rest of Vic.,2,Victoria,VIC,1627.5521,53,1046,494,200,1323,0.7,956,2.2,2023,2221,0.9108509680324178,0.4241225902125556,0.5195254572417202,0.19871478002965892,0.07513593672763223,0.025210084033613446,2221,0.5290409725348942,0.32778027915353447,0.09995497523638001,1,1
202011018,Bendigo,20201,Bendigo,202,Bendigo,2RVIC,Rest of Vic.,2,Victoria,VIC,16.0796,39,1300,712,280,1665,0.7,1267,2.1,5828,6229,0.935623695617274,0.31623198352779686,0.4047700754975978,0.2987302676733013,0.12817433081674673,0.06382978723404255,6229,0.2883287847166479,0.24915716808476482,0.4369882806228929,1,1
202011019,California Gully - Eaglehawk,20201,Bendigo,202,Bendigo,2RVIC,Rest of Vic.,2,Victoria,VIC,32.9308,38,1300,660,280,1528,0.7,1223,2.4,4823,5178,0.9314407106991116,0.3213767364710761,0.41737507775243626,0.2629069044163384,0.08977814638191997,0.029649595687331536,5178,0.31884897643877946,0.3547701815372731,0.29837775202781,1,1
202011020,East Bendigo - Kennington,20201,Bendigo,202,Bendigo,2RVIC,Rest of Vic.,2,Victoria,VIC,17.1489,44,1430,759,295,1929,0.7,1408,2.2,5448,5759,0.9459975690223997,0.2753303964757709,0.3537077826725404,0.34930249632892807,0.17914831130690162,0.08975770925110133,5759,0.3938183712450078,0.2611564507727036,0.323840944608439,1,1
202011021,Flora Hill - Spring Gully,20201,Bendigo,202,Bendigo,2RVIC,Rest of Vic.,2,Victoria,VIC,13.2029,38,1399,770,290,1957,0.7,1465,2.3,3643,3847,0.9469716662334287,0.26900905846829537,0.34614328849849024,0.34971177600878395,0.15838594564919023,0.07164424924512765,3847,0.3205094879126592,0.2919157785287237,0.36755913698986226,1,1
202011022,Kangaroo Flat - Golden Square,20201,Bendigo,202,Bendigo,2RVIC,Rest of Vic.,2,Victoria,VIC,40.9147,42,1300,676,290,1580,0.7,1238,2.2,8035,8582,0.9362619436028897,0.3153702551337897,0.4073428749222153,0.28151835718730556,0.10952084629744867,0.03895457373988799,8582,0.35178280121183875,0.3136797949195992,0.3061058028431601,1,1
202011023,Maiden Gully,20201,Bendigo,202,Bendigo,2RVIC,Rest of Vic.,2,Victoria,VIC,42.9757,37,1690,896,380,2358,0.8,2203,3.1,1624,1747,0.929593589009731,0.13485221674876846,0.18411330049261085,0.5591133004926109,0.2869458128078818,0.11206896551724138,1747,0.366914710933028,0.5518030910131654,0.07097882083571837,1,1
202011024,Strathfieldsaye,20201,Bendigo,202,Bendigo,2RVIC,Rest of Vic.,2,Victoria,VIC,56.4142,39,1742,897,400,2411,0.8,2217,2.9,3323,3530,0.9413597733711048,0.14956364730665062,0.1977129100210653,0.5612398435148962,0.3150767378874511,0.14354498946734878,3530,0.3620396600566572,0.5002832861189802,0.09801699716713881,1,1
202011025,White Hills - Ascot,20201,Bendigo,202,Bendigo,2RVIC,Rest of Vic.,2,Victoria,VIC,67.7769,34,1469,811,330,1941,0.8,1689,2.7,4810,5147,0.9345249659996114,0.19771309771309772,0.27151767151767153,0.4101871101871102,0.1654885654885655,0.05550935550935551,5147,0.28540897610258403,0.44899941713619584,0.24596852535457547,1,1
202021026,Bendigo Surrounds - South,20202,Heathcote - Castlemaine - Kyneton,202,Bendigo,2RVIC,Rest of Vic.,2,Victoria,VIC,796.8536,41,1625,836,320,2197,0.8,2040,2.9,2537,2744,0.9245626822157434,0.1651556957035869,0.22467481277098936,0.5100512416239653,0.26763894363421364,0.11824990145841545,2744,0.37973760932944606,0.5331632653061225,0.0597667638483965,1,1
202021027,Castlemaine,20202,Heathcote - Castlemaine - Kyneton,202,Bendigo,2RVIC,Rest of Vic.,2,Victoria,VIC,83.9291,50,1408,683,310,1676,0.7,1200,2.1,4407,4737,0.9303356554781508,0.3439981847061493,0.4322668481960517,0.28500113455865667,0.12480145223508056,0.05604719764011799,4737,0.46928435718809375,0.30208993033565545,0.19991555837027655,1,1
202021028,Castlemaine Surrounds,20202,Heathcote - Castlemaine - Kyneton,202,Bendigo,2RVIC,Rest of Vic.,2,Victoria,VIC,1514.9804,52,1473,666,280,1746,0.7,1317,2.2,3539,3799,0.9315609370887076,0.3176038428934727,0.3913534896863521,0.3198643684656683,0.14862955637185646,0.07290194970330602,3799,0.5035535667280864,0.3750987101868913,0.08396946564885496,1,1
202021029,Heathcote,20202,Heathcote - Castlemaine - Kyneton,202,Bendigo,2RVIC,Rest of Vic.,2,Victoria,VIC,756.8174,53,1387,556,260,1450,0.7,1115,2.2,1856,2035,0.912039312039312,0.36907327586206895,0.45959051724137934,0.26185344827586204,0.10344827586206896,0.040948275862068964,2035,0.48992628992628995,0.34545454545454546,0.12285012285012285,1,1
202021030,Kyneton,20202,Heathcote - Castlemaine - Kyneton,202,Bendigo,2RVIC,Rest of Vic.,2,Victoria,VIC,556.4897,46,1737,771,351,2086,0.7,1695,2.4,3649,3960,0.9214646464646464,0.23513291312688409,0.3030967388325569,0.42011510002740476,0.23020005480953687,0.12112907645930392,3960,0.4113636363636364,0.3840909090909091,0.17373737373737375,1,1
202021031,Woodend,20202,Heathcote - Castlemaine - Kyneton,202,Bendigo,2RVIC,Rest of Vic.,2,Victoria,VIC,211.8678,46,2000,870,392,2547,0.8,2113,2.6,2685,2880,0.9322916666666666,0.19217877094972066,0.24878957169459961,0.5236499068901304,0.34487895716946,0.2111731843575419,2880,0.4170138888888889,0.41354166666666664,0.14375,1,1
202031032,Bendigo Surrounds - North,20203,Loddon - Elmore,202,Bendigo,2RVIC,Rest of Vic.,2,Victoria,VIC,1440.2175,46,1300,681,230,1767,0.8,1454,2.5,1620,1751,0.9251856082238721,0.27530864197530863,0.3549382716049383,0.3469135802469136,0.1345679012345679,0.05740740740740741,1751,0.43232438606510565,0.42718446601941745,0.10451170759565963,1,1
202031033,Loddon,20203,Loddon - Elmore,202,Bendigo,2RVIC,Rest of Vic.,2,Victoria,VIC,6193.3066,52,867,551,170,1375,0.7,1027,2.2,2630,2869,0.9166957127919135,0.3870722433460076,0.4863117870722434,0.20950570342205324,0.08136882129277566,0.03650190114068441,2869,0.5576856047403277,0.24573021958870686,0.12059951202509585,1,1
203011034,Bannockburn,20301,Barwon - West,203,Geelong,2RVIC,Rest of Vic.,2,Victoria,VIC,192.052,36,1907,865,386,2325,0.8,2159,3.0,2268,2439,0.9298892988929889,0.14770723104056438,0.1984126984126984,0.5427689594356261,0.2839506172839506,0.13624338624338625,2439,0.30955309553095534,0.5670356703567035,0.1016810168101681,1,1
203011035,Golden Plains - South,20301,Barwon - West,203,Geelong,2RVIC,Rest of Vic.,2,Victoria,VIC,1484.5293,40,1733,780,308,2103,0.8,1898,2.9,2477,2685,0.9225325884543761,0.17884537747274928,0.24142107387969317,0.47153815098909974,0.23375050464271296,0.09769882922890594,2685,0.3653631284916201,0.5299813780260708,0.06852886405959031,1,1
203011036,Winchelsea,20301,Barwon - West,203,Geelong,2RVIC,Rest of Vic.,2,Victoria,VIC,903.2574,43,1733,826,300,2162,0.8,1845,2.6,2140,2339,0.9149209063702437,0.20327102803738317,0.2766355140186916,0.4658878504672897,0.2504672897196262,0.1308411214953271,2339,0.4095767421975203,0.42112013681060284,0.13210773834972211,1,1
203021037,Belmont,20302,Geelong,203,Geelong,2RVIC,Rest of Vic.,2,Victoria,VIC,9.3677,37,1700,799,350,2070,0.8,1510,2.3,5870,6194,0.9476913141750081,0.2698466780238501,0.34497444633730834,0.37921635434412265,0.17819420783645656,0.07989778534923339,6194,0.3153051340006458,0.3112689699709396,0.3538908621246367,1,1
203021039,Geelong,20302,Geelong,203,Geelong,2RVIC,Rest of Vic.,2,Victoria,VIC,12.8171,40,1703,843,340,2211,0.8,1542,2.1,5503,5827,0.944396773639952,0.2538615300745048,0.32400508813374523,0.3910594221333818,0.21424677448664364,0.10739596583681628,5827,0.3085635833190321,0.2661747039643041,0.4015788570447915,1,1
203021040,Geelong West - Hamlyn Heights,20302,Geelong,203,Geelong,2RVIC,Rest of Vic.,2,Victoria,VIC,32.0375,37,1842,918,335,2365,0.8,1719,2.3,8443,8907,0.9479061412372292,0.23723794859647046,0.3007224920052114,0.43408740968849935,0.2473054601444984,0.12282364088594101,8907,0.29763107668126193,0.3361401145166723,0.3450095430560233,1,1
203021042,Highton,20302,Geelong,203,Geelong,2RVIC,Rest of Vic.,2,Victoria,VIC,40.587,38,2000,859,365,2575,0.8,2111,2.7,7870,8342,0.9434188444018221,0.17890724269377384,0.23341804320203305,0.524015247776366,0.3284625158831004,0.1841168996188056,8342,0.3917525773195876,0.38947494605610167,0.19959242387916568,1,1
203021043,Lara,20302,Geelong,203,Geelong,2RVIC,Rest of Vic.,2,Victoria,VIC,588.6012,37,1755,827,370,2227,0.8,1966,2.7,6495,6908,0.9402142443543717,0.1855273287143957,0.24157043879907622,0.49176289453425714,0.24588144726712857,0.11377983063895304,6908,0.31702374059061955,0.45237405906195716,0.20671685002895193,1,1
203021044,Leopold,20302,Geelong,203,Geelong,2RVIC,Rest of Vic.,2,Victoria,VIC,27.9287,41,1603,757,375,1956,0.7,1589,2.5,4739,5021,0.9438358892650867,0.24140113948090314,0.31588942814939863,0.39354294154884994,0.1791517197721038,0.07132306393753957,5021,0.37442740489942244,0.4162517426807409,0.18103963353913563,1,1
203021045,Newcomb - Moolap,20302,Geelong,203,Geelong,2RVIC,Rest of Vic.,2,Victoria,VIC,43.2941,45,1367,627,300,1473,0.8,1161,2.2,5955,6411,0.928872250818905,0.3489504617968094,0.43610411418975653,0.25591939546599496,0.09672544080604534,0.03929471032745592,6411,0.3277179847137732,0.28731867103416003,0.3292778037747621,1,1
203021046,Newtown (Vic.),20302,Geelong,203,Geelong,2RVIC,Rest of Vic.,2,Victoria,VIC,5.8078,40,2167,1001,360,2861,0.8,2092,2.5,3795,4015,0.9452054794520548,0.19789196310935442,0.25270092226613966,0.5196310935441371,0.3525691699604743,0.22503293807641633,4015,0.3755915317559153,0.3163138231631382,0.29265255292652553,1,1
203021047,North Geelong - Bell Park,20302,Geelong,203,Geelong,2RVIC,Rest of Vic.,2,Victoria,VIC,21.9321,42,1560,692,340,1812,0.8,1386,2.3,5942,6323,0.9397437925035584,0.3034331874789633,0.3751262201279031,0.343487041400202,0.16408616627398181,0.07590037024570852,6323,0.394907480626285,0.27708366281828245,0.2970109125415151,1,1
203021485,Charlemont,20302,Geelong,203,Geelong,2RVIC,Rest of Vic.,2,Victoria,VIC,18.1166,31,1755,918,420,2216,0.7,1988,2.6,3483,3708,0.9393203883495146,0.15503875968992248,0.2133218489807637,0.49440137812230833,0.203847258110824,0.07407407407407407,3708,0.1523732470334412,0.5018878101402373,0.27939590075512405,1,1
203021486,Corio - Lovely Banks,20302,Geelong,203,Geelong,2RVIC,Rest of Vic.,2,Victoria,VIC,74.351,36,1300,574,280,1430,0.8,1230,2.6,6014,6516,0.9229588704726827,0.30445626870635184,0.40355836381775856,0.27086797472564017,0.10276022613900898,0.043398736282008646,6516,0.29573357888275015,0.30954573357888276,0.36095764272559855,1,1
203021487,Grovedale - Mount Duneed,20302,Geelong,203,Geelong,2RVIC,Rest of Vic.,2,Victoria,VIC,37.588,36,1733,784,390,2128,0.8,1779,2.6,8481,9042,0.9379562043795621,0.21495106709114492,0.2816884801320599,0.44864992335809456,0.21070628463624572,0.08678221907793893,9042,0.30944481309444816,0.4022340190223402,0.250055297500553,1,1
203021488,Norlane,20302,Geelong,203,Geelong,2RVIC,Rest of Vic.,2,Victoria,VIC,6.4625,38,1200,499,254,1228,0.8,926,2.1,3405,3744,0.9094551282051282,0.44052863436123346,0.5342143906020558,0.1762114537444934,0.0525697503671072,0.02026431718061674,3744,0.23157051282051283,0.18669871794871795,0.5365918803418803,1,1
203031048,Clifton Springs,20303,Surf Coast - Bellarine Peninsula,203,Geelong,2RVIC,Rest of Vic.,2,Victoria,VIC,65.1496,45,1650,707,380,1784,0.7,1424,2.4,6238,6656,0.9371995192307693,0.2717217056748958,0.35411991022763706,0.3578069894196858,0.15966655979480604,0.06748957999358769,6656,0.4032451923076923,0.36478365384615385,0.20072115384615385,1,1
203031049,Lorne - Anglesea,20303,Surf Coast - Bellarine Peninsula,203,Geelong,2RVIC,Rest of Vic.,2,Victoria,VIC,447.9915,55,2167,881,390,2127,0.7,1684,2.2,2255,2427,0.9291306139266584,0.22172949002217296,0.293569844789357,0.4199556541019956,0.2518847006651885,0.15121951219512195,2427,0.5311083642356819,0.25133910177173463,0.1676967449526164,1,1
203031051,Portarlington,20303,Surf Coast - Bellarine Peninsula,203,Geelong,2RVIC,Rest of Vic.,2,Victoria,VIC,71.8555,59,1667,605,340,1429,0.6,1139,2.1,3850,4135,0.9310761789600968,0.3625974025974026,0.4438961038961039,0.26571428571428574,0.12103896103896104,0.05922077922077922,4135,0.5257557436517534,0.22611850060459493,0.20846432889963723,1,1
203031052,Point Lonsdale - Queenscliff,20303,Surf Coast - Bellarine Peninsula,203,Geelong,2RVIC,Rest of Vic.,2,Victoria,VIC,61.6733,61,2000,818,400,1965,0.6,1521,2.1,2139,2313,0.9247730220492867,0.24123422159887797,0.3155680224403927,0.38382421692379615,0.22300140252454417,0.12669471715755026,2313,0.5840899265023779,0.22178988326848248,0.13445741461305663,1,1
203031053,Torquay,20303,Surf Coast - Bellarine Peninsula,203,Geelong,2RVIC,Rest of Vic.,2,Victoria,VIC,126.3197,40,2167,1001,500,2627,0.8,2281,2.7,7850,8424,0.9318613485280152,0.16050955414012738,0.20662420382165606,0.5657324840764332,0.3560509554140127,0.19630573248407643,8424,0.35327635327635326,0.41417378917378916,0.1987179487179487,1,1
203031489,Barwon Heads - Armstrong Creek,20303,Surf Coast - Bellarine Peninsula,203,Geelong,2RVIC,Rest of Vic.,2,Victoria,VIC,88.2113,35,1907,1004,420,2399,0.8,2201,2.7,3667,3906,0.9388120839733743,0.13580583583310607,0.17643850559040086,0.5582219798200163,0.3067902917916553,0.16171257158440142,3906,0.2944188428059396,0.4198668714797747,0.25934459805427545,1,1
203031490,Ocean Grove,20303,Surf Coast - Bellarine Peninsula,203,Geelong,2RVIC,Rest of Vic.,2,Victoria,VIC,68.7681,44,2000,850,420,2320,0.7,1882,2.5,6569,7058,0.9307169169736469,0.20764195463540874,0.26731618206728575,0.4796772720353174,0.2711219363677881,0.13883391688232607,7058,0.4165485973363559,0.3748937376027203,0.17724567866251062,1,1
204011054,Alexandra,20401,Upper Goulburn Valley,204,Hume,2RVIC,Rest of Vic.,2,Victoria,VIC,2118.9554,54,1300,643,250,1528,0.7,1135,2.1,2661,2934,0.9069529652351738,0.35400225479143177,0.43968432919954903,0.263434798947764,0.10108981585869974,0.04547162720781661,2934,0.512610770279482,0.2716428084526244,0.17655078391274712,1,1
204011055,Euroa,20401,Upper Goulburn Valley,204,Hume,2RVIC,Rest of Vic.,2,Victoria,VIC,2057.9046,55,1170,621,250,1479,0.7,1133,2.1,2619,2871,0.9122257053291536,0.3547155402825506,0.44788087056128295,0.25505918289423446,0.1156930126002291,0.057655593738067966,2871,0.511320097526994,0.2671543016370603,0.1685823754789272,1,1
204011056,Kilmore - Broadford,20401,Upper Goulburn Valley,204,Hume,2RVIC,Rest of Vic.,2,Victoria,VIC,461.5233,40,1603,737,330,1949,0.7,1574,2.5,5281,5726,0.9222843171498428,0.2499526604809695,0.32209808748343116,0.38742662374550274,0.1815943950009468,0.07858360159060784,5726,0.3279776458260566,0.4495284666433811,0.18057981138665735,1,1
204011057,Mansfield (Vic.),20401,Upper Goulburn Valley,204,Hume,2RVIC,Rest of Vic.,2,Victoria,VIC,3927.8774,48,1500,722,320,1708,0.7,1331,2.3,3560,3882,0.9170530654301906,0.298314606741573,0.37780898876404495,0.31151685393258427,0.1398876404494382,0.0651685393258427,3882,0.46831530139103555,0.31555899021123135,0.1628026790314271,1,1
204011058,Nagambie,20401,Upper Goulburn Valley,204,Hume,2RVIC,Rest of Vic.,2,Victoria,VIC,1294.3498,51,1500,715,285,1755,0.7,1293,2.2,1709,1875,0.9114666666666666,0.32241076653013456,0.4002340550029257,0.3177296664716208,0.15447630193095377,0.07723815096547688,1875,0.4944,0.2768,0.18026666666666666,1,1
204011059,Seymour,20401,Upper Goulburn Valley,204,Hume,2RVIC,Rest of Vic.,2,Victoria,VIC,79.3085,45,1300,633,250,1483,0.7,1165,2.2,2433,2668,0.9119190404797601,0.34730785039046447,0.4397862720920674,0.2688039457459926,0.10152075626798192,0.04397862720920674,2668,0.3684407796101949,0.2709895052473763,0.3242128935532234,1,1
204011060,Seymour Surrounds,20401,Upper Goulburn Valley,204,Hume,2RVIC,Rest of Vic.,2,Victoria,VIC,1688.8308,39,1733,908,265,2126,0.8,1900,2.7,1350,1492,0.9048257372654156,0.1837037037037037,0.23185185185185186,0.4688888888888889,0.21555555555555556,0.0962962962962963,1492,0.3632707774798928,0.3746648793565684,0.2225201072386059,1,1
204011061,Upper Yarra Valley,20401,Upper Goulburn Valley,204,Hume,2RVIC,Rest of Vic.,2,Victoria,VIC,856.2714,43,1100,540,260,1375,0.9,900,2.1,81,92,0.8804347826086957,0.4691358024691358,0.5308641975308642,0.12345679012345678,0.04938271604938271,0.0,92,0.358695652173913,0.5543478260869565,0.03260869565217391,0,0
204011062,Yea,20401,Upper Goulburn Valley,204,Hume,2RVIC,Rest of Vic.,2,Victoria,VIC,1474.2972,53,1500,635,300,1592,0.7,1222,2.2,1509,1653,0.9128856624319419,0.3333333333333333,0.4181577203445991,0.3008614976805832,0.1358515573227303,0.07024519549370443,1653,0.5051421657592257,0.3176043557168784,0.13188142770719904,1,1
204021063,Benalla,20402,Wangaratta - Benalla,204,Hume,2RVIC,Rest of Vic.,2,Victoria,VIC,315.3043,51,1253,645,250,1521,0.7,1142,2.1,4232,4602,0.919600173837462,0.35775047258979203,0.44541587901701324,0.2648865784499055,0.11271266540642721,0.048440453686200376,4602,0.424380704041721,0.26966536288570186,0.2585832246849196,1,1
204021064,Benalla Surrounds,20402,Wangaratta - Benalla,204,Hume,2RVIC,Rest of Vic.,2,Victoria,VIC,2105.3239,52,1365,688,220,1626,0.7,1363,2.4,1334,1462,0.9124487004103967,0.27886056971514245,0.37031484257871067,0.3110944527736132,0.1446776611694153,0.06221889055472264,1462,0.49589603283173733,0.35499316005471954,0.08755129958960328,1,1
204021065,Rutherglen,20402,Wangaratta - Benalla,204,Hume,2RVIC,Rest of Vic.,2,Victoria,VIC,479.8352,49,1300,734,243,1808,0.7,1344,2.3,1488,1620,0.9185185185185185,0.28830645161290325,0.36760752688172044,0.33198924731182794,0.1303763440860215,0.05443548387096774,1620,0.43950617283950616,0.345679012345679,0.17469135802469135,1,1
204021066,Wangaratta,20402,Wangaratta - Benalla,204,Hume,2RVIC,Rest of Vic.,2,Victoria,VIC,57.5836,44,1300,708,260,1732,0.7,1242,2.2,7590,8146,0.9317456420328996,0.3233201581027668,0.41304347826086957,0.29881422924901185,0.12437417654808959,0.0533596837944664,8146,0.37306653572305426,0.30112938865700956,0.2779278173336607,1,1
204021067,Wangaratta Surrounds,20402,Wangaratta - Benalla,204,Hume,2RVIC,Rest of Vic.,2,Victoria,VIC,3587.526,48,1500,763,250,1847,0.8,1501,2.5,3395,3703,0.9168241965973535,0.24624447717231224,0.32312223858615613,0.37820324005891015,0.17378497790868924,0.07776141384388807,3703,0.4952741020793951,0.3594382932757224,0.09910883067782879,1,1
204031068,Beechworth,20403,Wodonga - Alpine,204,Hume,2RVIC,Rest of Vic.,2,Victoria,VIC,371.3306,49,1560,766,300,1899,0.7,1434,2.3,1821,1968,0.9253048780487805,0.2756727073036793,0.33882482152663373,0.35475013728720484,0.1740801757276222,0.0757825370675453,1968,0.4613821138211382,0.320630081300813,0.1839430894308943,1,1
204031069,Bright - Mount Beauty,20403,Wodonga - Alpine,204,Hume,2RVIC,Rest of Vic.,2,Victoria,VIC,4253.6538,47,1500,768,298,1826,0.7,1397,2.3,3094,3340,0.9263473053892216,0.2737556561085973,0.3581124757595346,0.34615384615384615,0.15804783451842275,0.07336780866192631,3340,0.4532934131736527,0.3083832335329341,0.19221556886227545,1,1
204031070,Chiltern - Indigo Valley,20403,Wodonga - Alpine,204,Hume,2RVIC,Rest of Vic.,2,Victoria,VIC,513.0897,47,1389,752,260,1915,0.7,1493,2.4,1113,1238,0.8990306946688207,0.24797843665768193,0.31356693620844567,0.3557951482479784,0.13926325247079965,0.061096136567834684,1238,0.41437802907915994,0.4466882067851373,0.10662358642972536,1,1
204031071,Myrtleford,20403,Wodonga - Alpine,204,Hume,2RVIC,Rest of Vic.,2,Victoria,VIC,553.3639,50,1400,683,250,1673,0.7,1226,2.3,1807,1938,0.9324045407636739,0.33093525179856115,0.423907028223575,0.2955174322080797,0.12451577199778639,0.05534034311012728,1938,0.47523219814241485,0.2714138286893705,0.19762641898864808,1,1
204031072,Towong,20403,Wodonga - Alpine,204,Hume,2RVIC,Rest of Vic.,2,Victoria,VIC,6668.947,52,1200,688,210,1657,0.7,1280,2.2,2220,2399,0.9253855773238849,0.3153153153153153,0.3963963963963964,0.2936936936936937,0.13378378378378378,0.06351351351351352,2399,0.4968736973739058,0.3026260942059191,0.14547728220091705,1,1
204031073,West Wodonga,20403,Wodonga - Alpine,204,Hume,2RVIC,Rest of Vic.,2,Victoria,VIC,153.88,39,1387,763,290,1905,0.7,1470,2.4,5500,5870,0.9369676320272572,0.254,0.33636363636363636,0.35654545454545455,0.14763636363636365,0.06272727272727273,5870,0.2919931856899489,0.34667802385008517,0.3173764906303237,1,1
204031075,Yackandandah,20403,Wodonga - Alpine,204,Hume,2RVIC,Rest of Vic.,2,Victoria,VIC,708.198,45,1690,851,280,2125,0.8,1833,2.6,1657,1810,0.9154696132596685,0.19372359686179844,0.25347012673506336,0.45805672902836453,0.23355461677730838,0.10863005431502716,1810,0.41602209944751384,0.40497237569060773,0.12762430939226518,1,1
204031491,Baranduda - Leneva,20403,Wodonga - Alpine,204,Hume,2RVIC,Rest of Vic.,2,Victoria,VIC,248.809,33,1707,977,385,2266,0.8,2143,2.9,3813,4052,0.9410167818361304,0.13270390768423812,0.1809598741148702,0.5517964857067925,0.24626278520849726,0.09388932599003409,4052,0.26702862783810466,0.4807502467917078,0.21890424481737414,1,1
204031492,Wodonga,20403,Wodonga - Alpine,204,Hume,2RVIC,Rest of Vic.,2,Victoria,VIC,30.3131,41,1300,717,260,1606,0.7,1214,2.2,6037,6452,0.9356788592684439,0.3196952128540666,0.41444426039423554,0.2713268179559384,0.10402517806857711,0.043233394069902266,6452,0.30533168009919404,0.2633292002479851,0.40080595164290145,1,1
205011076,Drouin,20501,Baw Baw,205,Latrobe - Gippsland,2RVIC,Rest of Vic.,2,Victoria,VIC,326.806,39,1625,704,330,1799,0.7,1452,2.5,6783,7313,0.9275263229864624,0.26876013563320067,0.3498452012383901,0.34512752469408814,0.14079315936901077,0.06074008550788736,7313,0.352796389990428,0.411185559961712,0.2025160672774511,1,1
205011077,Mount Baw Baw Region,20501,Baw Baw,205,Latrobe - Gippsland,2RVIC,Rest of Vic.,2,Victoria,VIC,2753.3275,48,1517,695,250,1782,0.8,1456,2.5,2216,2409,0.9198837691988377,0.2608303249097473,0.3316787003610108,0.3564981949458484,0.18140794223826714,0.09386281588447654,2409,0.49232046492320464,0.36903279369032793,0.0958904109589041,1,1
205011078,Trafalgar (Vic.),20501,Baw Baw,205,Latrobe - Gippsland,2RVIC,Rest of Vic.,2,Victoria,VIC,501.529,43,1500,722,300,1846,0.7,1452,2.4,2964,3209,0.923652228108445,0.27462887989203777,0.35526315789473684,0.3616734143049933,0.1700404858299595,0.07692307692307693,3209,0.42505453412277966,0.3727017762542848,0.16079775631037707,1,1
205011079,Warragul,20501,Baw Baw,205,Latrobe - Gippsland,2RVIC,Rest of Vic.,2,Victoria,VIC,352.1791,41,1647,756,320,1993,0.7,1590,2.5,7986,8552,0.9338166510757717,0.2499373904332582,0.32294014525419484,0.39681943400951664,0.19208615076383673,0.09391435011269722,8552,0.3851730589335828,0.3747661365762395,0.20802151543498598,1,1
205021080,Alps - East,20502,Gippsland - East,205,Latrobe - Gippsland,2RVIC,Rest of Vic.,2,Victoria,VIC,2071.2834,0,0,0,0,0,0.0,0,0.0,0,0,,,,,,,0,,,,0,0
205021081,Bairnsdale,20502,Gippsland - East,205,Latrobe - Gippsland,2RVIC,Rest of Vic.,2,Victoria,VIC,155.0115,45,1300,648,280,1516,0.7,1194,2.3,5828,6280,0.9280254777070064,0.3378517501715855,0.4282772820864791,0.26509951956074124,0.10432395332875773,0.04341111873713109,6280,0.4014331210191083,0.28646496815286626,0.26528662420382165,1,1
205021082,Bruthen - Omeo,20502,Gippsland - East,205,Latrobe - Gippsland,2RVIC,Rest of Vic.,2,Victoria,VIC,7377.4172,48,1343,669,250,1619,0.8,1323,2.4,2832,3118,0.9082745349583066,0.2976694915254237,0.3866525423728814,0.3043785310734463,0.1260593220338983,0.05402542372881356,3118,0.50096215522771,0.36690186016677356,0.08883899935856318,1,1
205021083,Lake King,20502,Gippsland - East,205,Latrobe - Gippsland,2RVIC,Rest of Vic.,2,Victoria,VIC,93.8744,0,0,0,0,0,0.0,0,0.0,0,0,,,,,,,0,,,,0,0
205021084,Lakes Entrance,20502,Gippsland - East,205,Latrobe - Gippsland,2RVIC,Rest of Vic.,2,Victoria,VIC,214.0352,55,1300,562,270,1317,0.7,1014,2.2,4218,4579,0.921161825726141,0.3971076339497392,0.49359886201991465,0.21692745376955902,0.08274063537221432,0.03366524419155998,4579,0.5062240663900415,0.2472155492465604,0.20681371478488753,1,1
205021085,Orbost,20502,Gippsland - East,205,Latrobe - Gippsland,2RVIC,Rest of Vic.,2,Victoria,VIC,11383.7,55,1083,529,190,1280,0.7,926,2.1,2481,2777,0.8934101548433562,0.43087464731962916,0.5364772269246272,0.1902458686013704,0.07013301088270858,0.03143893591293833,2777,0.5520345696795103,0.21389989196975154,0.17464890169247388,1,1
205021086,Paynesville,20502,Gippsland - East,205,Latrobe - Gippsland,2RVIC,Rest of Vic.,2,Victoria,VIC,417.8856,61,1300,571,310,1314,0.7,1071,2.1,2834,3060,0.9261437908496732,0.36097388849682427,0.4700070571630205,0.22829922371206776,0.10127028934368384,0.04693013408609739,3060,0.5839869281045752,0.22973856209150326,0.1565359477124183,1,1
205031087,Foster,20503,Gippsland - South West,205,Latrobe - Gippsland,2RVIC,Rest of Vic.,2,Victoria,VIC,1498.8468,54,1300,619,250,1466,0.7,1110,2.1,3609,3906,0.923963133640553,0.3593793294541424,0.457467442504849,0.25796619562205597,0.11970074812967581,0.05846494873926295,3906,0.5312339989759345,0.2724014336917563,0.1408090117767537,1,1
205031088,French Island,20503,Gippsland - South West,205,Latrobe - Gippsland,2RVIC,Rest of Vic.,2,Victoria,VIC,170.2291,52,1800,444,346,1050,0.9,1014,2.3,50,54,0.9259259259259259,0.36,0.36,0.24,0.12,0.12,54,0.7592592592592593,0.16666666666666666,0.0,0,0
205031089,Korumburra,20503,Gippsland - South West,205,Latrobe - Gippsland,2RVIC,Rest of Vic.,2,Victoria,VIC,600.6912,46,1499,680,280,1725,0.8,1384,2.5,3364,3675,0.915374149659864,0.27645659928656363,0.36593341260404283,0.33026159334126043,0.15101070154577884,0.06183115338882283,3675,0.4220408163265306,0.4005442176870748,0.14068027210884354,1,1
205031090,Leongatha,20503,Gippsland - South West,205,Latrobe - Gippsland,2RVIC,Rest of Vic.,2,Victoria,VIC,801.0085,47,1457,668,270,1744,0.7,1315,2.4,4142,4490,0.9224944320712695,0.31265089328826656,0.3949782713664896,0.3242394978271366,0.14437469821342347,0.061564461612747465,4490,0.46347438752783965,0.3287305122494432,0.17126948775055678,1,1
205031091,Phillip Island,20503,Gippsland - South West,205,Latrobe - Gippsland,2RVIC,Rest of Vic.,2,Victoria,VIC,100.5731,52,1517,640,330,1490,0.7,1175,2.2,5137,5526,0.929605501266739,0.3424177535526572,0.4346895074946467,0.26532995912010904,0.12478100058399844,0.057815845824411134,5526,0.4563879840752805,0.2783206659428158,0.21986970684039087,1,1
205031092,Wilsons Promontory,20503,Gippsland - South West,205,Latrobe - Gippsland,2RVIC,Rest of Vic.,2,Victoria,VIC,481.5078,31,0,1291,100,2374,0.7,1333,1.5,8,8,1.0,0.0,0.0,0.0,0.0,0.0,8,0.0,0.0,1.0,0,0
205031093,Wonthaggi - Inverloch,20503,Gippsland - South West,205,Latrobe - Gippsland,2RVIC,Rest of Vic.,2,Victoria,VIC,728.7626,51,1467,618,298,1480,0.7,1154,2.2,10263,11074,0.9267653964240563,0.35291825002435934,0.4413914060216311,0.26629640456007014,0.11750950014615609,0.05466237942122187,11074,0.4733610258262597,0.2905002709048221,0.19920534585515623,1,1
205041094,Churchill,20504,Latrobe Valley,205,Latrobe - Gippsland,2RVIC,Rest of Vic.,2,Victoria,VIC,796.5231,42,1300,668,230,1715,0.7,1409,2.5,4118,4442,0.9270598829356146,0.2707625060709082,0.35672656629431765,0.3569694026226323,0.16998542982030113,0.09009227780475959,4442,0.4257091400270149,0.38068437640702385,0.16726699684826654,1,1
205041095,Moe - Newborough,20504,Latrobe Valley,205,Latrobe - Gippsland,2RVIC,Rest of Vic.,2,Victoria,VIC,105.2836,45,1083,583,210,1441,0.7,1017,2.2,6706,7280,0.9211538461538461,0.40202803459588426,0.4938860721741724,0.2382940650164032,0.10110348941246645,0.045630778407396363,7280,0.3708791208791209,0.2943681318681319,0.29203296703296705,1,1
205041096,Morwell,20504,Latrobe Valley,205,Latrobe - Gippsland,2RVIC,Rest of Vic.,2,Victoria,VIC,85.4861,43,953,523,215,1263,0.7,942,2.2,5330,5830,0.9142367066895368,0.4294559099437148,0.5303939962476548,0.18855534709193245,0.07786116322701689,0.03189493433395872,5830,0.37101200686106345,0.24922813036020583,0.3373927958833619,1,1
205041098,Yallourn North - Glengarry,20504,Latrobe Valley,205,Latrobe - Gippsland,2RVIC,Rest of Vic.,2,Victoria,VIC,342.7019,41,1300,747,250,1994,0.8,1656,2.6,1558,1713,0.9095154699357851,0.22785622593068036,0.3119383825417201,0.40949935815147626,0.18292682926829268,0.08536585365853659,1713,0.415061295971979,0.46701692936368944,0.08581436077057793,1,1
205041493,Traralgon - East,20504,Latrobe Valley,205,Latrobe - Gippsland,2RVIC,Rest of Vic.,2,Victoria,VIC,108.33,41,1300,709,250,1847,0.7,1386,2.3,4316,4686,0.9210413999146394,0.29981464318813716,0.3818350324374421,0.3470806302131603,0.16844300278035218,0.08364226135310472,4686,0.3546734955185659,0.33183952198036704,0.2791293213828425,1,1
205041494,Traralgon - West,20504,Latrobe Valley,205,Latrobe - Gippsland,2RVIC,Rest of Vic.,2,Victoria,VIC,41.3428,39,1326,822,300,2082,0.7,1635,2.4,6183,6603,0.9363925488414357,0.23904253598576744,0.31149927219796214,0.40886301148309884,0.20507844088630114,0.09865760957464015,6603,0.345449038315917,0.4040587611691655,0.22626079054975012,1,1
205051099,Alps - West,20505,Wellington,205,Latrobe - Gippsland,2RVIC,Rest of Vic.,2,Victoria,VIC,2955.6802,65,1680,575,20,1124,0.5,699,1.4,8,8,1.0,0.375,1.0,0.0,0.0,0.0,8,0.875,0.0,0.0,0,0
205051100,Longford - Loch Sport,20505,Wellington,205,Latrobe - Gippsland,2RVIC,Rest of Vic.,2,Victoria,VIC,1610.8491,52,1300,600,200,1476,0.7,1079,2.2,1746,1918,0.9103232533889468,0.3963344788087056,0.47479954180985107,0.28865979381443296,0.14948453608247422,0.09163802978235967,1918,0.5464025026068822,0.32638164754953075,0.07716371220020855,1,1
205051101,Maffra,20505,Wellington,205,Latrobe - Gippsland,2RVIC,Rest of Vic.,2,Victoria,VIC,2532.3197,43,1300,670,250,1726,0.7,1324,2.4,5169,5626,0.9187699964450764,0.3031534145869607,0.3905977945443993,0.3124395434319985,0.12710388856645385,0.05939253240472045,5626,0.41734802701741913,0.3750444365446143,0.16441521507287593,1,1
205051102,Rosedale,20505,Wellington,205,Latrobe - Gippsland,2RVIC,Rest of Vic.,2,Victoria,VIC,968.4597,39,1300,723,236,1837,0.8,1487,2.5,1310,1466,0.8935879945429741,0.25419847328244277,0.32748091603053436,0.366412213740458,0.17099236641221374,0.08549618320610687,1466,0.39836289222373805,0.38267394270122784,0.13915416098226466,1,1
205051103,Sale,20505,Wellington,205,Latrobe - Gippsland,2RVIC,Rest of Vic.,2,Victoria,VIC,45.6023,42,1300,702,280,1777,0.7,1331,2.3,5710,6156,0.9275503573749188,0.3043782837127846,0.38528896672504376,0.3213660245183888,0.1595446584938704,0.07530647985989491,6156,0.35152696556205326,0.29922027290448344,0.32244964262508125,1,1
205051104,Yarram,20505,Wellington,205,Latrobe - Gippsland,2RVIC,Rest of Vic.,2,Victoria,VIC,1931.8628,53,1192,547,240,1343,0.7,1012,2.2,2146,2321,0.9246014648858251,0.39282385834109973,0.4972041006523765,0.21668219944082012,0.08387698042870456,0.041472506989748366,2321,0.5230504093063335,0.2714347264110297,0.15252046531667385,1,1
206011106,Brunswick East,20601,Brunswick - Coburg,206,Melbourne - Inner,2GMEL,Greater Melbourne,2,Victoria,VIC,2.1682,33,2000,1244,421,2834,1.0,2087,2.0,5799,6059,0.957088628486549,0.1501983100534575,0.19141231246766685,0.5276771857216761,0.302810829453354,0.16468356613209173,6059,0.18583924740056115,0.2637398910711338,0.5306156131374814,1,1
206011107,Brunswick West,20601,Brunswick - Coburg,206,Melbourne - Inner,2GMEL,Greater Melbourne,2,Victoria,VIC,3.1795,35,2000,1002,365,2539,0.9,1786,2.1,6129,6415,0.9554169914263445,0.20427475934083864,0.2630119105890031,0.4468918257464513,0.25599608418991676,0.14880078316201664,6415,0.23569758378799688,0.2667186282151208,0.47716289945440377,1,1
206011109,Pascoe Vale South,20601,Brunswick - Coburg,206,Melbourne - Inner,2GMEL,Greater Melbourne,2,Victoria,VIC,2.9887,39,2167,954,421,2761,0.9,2245,2.7,3521,3734,0.9429566148901982,0.17296222664015903,0.2235160465776768,0.5575120704345357,0.3621130360692985,0.20874751491053678,3734,0.369309051955008,0.3719871451526513,0.23835029459025175,1,1
206011495,Brunswick - North,20601,Brunswick - Coburg,206,Melbourne - Inner,2GMEL,Greater Melbourne,2,Victoria,VIC,2.4091,34,2167,1032,431,2718,0.9,2062,2.2,5317,5631,0.9442372580358729,0.17942448749294715,0.22776001504607862,0.5181493323302614,0.31032537145006583,0.17509873989091593,5631,0.25590481264429055,0.2638962884034807,0.4626176522820103,1,1
206011496,Brunswick - South,20601,Brunswick - Coburg,206,Melbourne - Inner,2GMEL,Greater Melbourne,2,Victoria,VIC,2.7334,34,2018,1154,450,2880,0.9,2126,2.1,5580,5911,0.9440027068177973,0.17526881720430107,0.21989247311827956,0.5333333333333333,0.3247311827956989,0.1860215053763441,5911,0.20927085095584502,0.2632380307900524,0.504144814752157,1,1
206011497,Coburg - East,20601,Brunswick - Coburg,206,Melbourne - Inner,2GMEL,Greater Melbourne,2,Victoria,VIC,3.7471,37,2100,880,416,2413,0.9,1944,2.4,4786,5055,0.9467853610286845,0.20977852068533223,0.25699958211450064,0.48641872127037195,0.2854157960718763,0.15419974926870036,5055,0.29653808110781404,0.29574678536102866,0.3798219584569733,1,1
206011498,Coburg - West,20601,Brunswick - Coburg,206,Melbourne - Inner,2GMEL,Greater Melbourne,2,Victoria,VIC,3.1876,37,2299,905,450,2645,0.9,2186,2.6,4879,5177,0.942437705234692,0.1953269112523058,0.2420577987292478,0.5431440869030539,0.34125845460135273,0.20106579217052675,5177,0.3455669306548194,0.34653274096967357,0.28298242225226966,1,1
206021110,Alphington - Fairfield,20602,Darebin - South,206,Melbourne - Inner,2GMEL,Greater Melbourne,2,Victoria,VIC,2.8853,38,2200,1098,381,3138,0.9,2112,2.3,3523,3690,0.9547425474254743,0.19954584161226227,0.24581322736304287,0.5228498438830542,0.3670167470905478,0.24325858643201817,3690,0.3105691056910569,0.2964769647696477,0.375609756097561,1,1
206021112,Thornbury,20602,Darebin - South,206,Melbourne - Inner,2GMEL,Greater Melbourne,2,Victoria,VIC,4.9972,37,2200,1041,396,2710,0.9,1978,2.3,7574,7941,0.9537841581664778,0.20464747821494586,0.2542909955109585,0.4949828360179562,0.30974386057565356,0.1852389754423026,7941,0.2730134743735046,0.2891323510892835,0.41543886160433197,1,1
206021499,Northcote - East,20602,Darebin - South,206,Melbourne - Inner,2GMEL,Greater Melbourne,2,Victoria,VIC,3.5134,38,2427,1130,461,3164,0.9,2251,2.4,5699,6049,0.9421391965614151,0.18564660466748553,0.23267239866643272,0.5544832426741534,0.38690998420775574,0.2628531321284436,6049,0.30798479087452474,0.300214911555629,0.3673334435443875,1,1
206021500,Northcote - West,20602,Darebin - South,206,Melbourne - Inner,2GMEL,Greater Melbourne,2,Victoria,VIC,2.6316,36,2346,1216,490,3203,0.9,2318,2.3,4021,4247,0.9467859665646339,0.16488435712509325,0.20890325789604575,0.5774682914697836,0.38846058194478983,0.2509326038298931,4247,0.2874970567459383,0.30233105721685893,0.39086413939251236,1,1
206031113,Ascot Vale,20603,Essendon,206,Melbourne - Inner,2GMEL,Greater Melbourne,2,Victoria,VIC,3.8361,37,2458,1080,370,3024,0.9,2192,2.4,5652,5961,0.9481630598892803,0.1967445152158528,0.24451521585279548,0.5392781316348195,0.3750884642604388,0.25,5961,0.27092769669518535,0.3272940781748029,0.3794665324609965,1,1
206031115,Flemington,20603,Essendon,206,Melbourne - Inner,2GMEL,Greater Melbourne,2,Victoria,VIC,1.5808,34,2000,927,324,2221,0.9,1571,2.0,3902,4137,0.9431955523326082,0.26422347514095335,0.3285494618144541,0.3887749871860584,0.2203997949769349,0.13044592516658124,4137,0.15300942712110224,0.22600918540004836,0.5936669083877205,1,1
206031116,Moonee Ponds,20603,Essendon,206,Melbourne - Inner,2GMEL,Greater Melbourne,2,Victoria,VIC,4.3551,38,2167,1113,400,2926,0.9,2111,2.2,6553,6862,0.9549693966773536,0.17717076148329008,0.22722417213490004,0.5258660155653899,0.3314512437051732,0.2183732641538227,6862,0.2999125619352958,0.28941999417079567,0.38589332556106093,1,1
206031501,Essendon (West) - Aberfeldie,20603,Essendon,206,Melbourne - Inner,2GMEL,Greater Melbourne,2,Victoria,VIC,4.8886,40,2400,1019,382,2926,0.9,2195,2.5,5737,6055,0.9474814203137902,0.16890360815757363,0.21614084016036256,0.5441868572424612,0.3637789785602231,0.2429841380512463,6055,0.3684558216350124,0.31544178364987613,0.29463253509496284,1,1
206031502,Essendon - East,20603,Essendon,206,Melbourne - Inner,2GMEL,Greater Melbourne,2,Victoria,VIC,3.5543,37,2167,1111,371,2896,0.9,2055,2.2,4965,5198,0.9551750673335898,0.16515609264853978,0.21651560926485397,0.5133937562940584,0.32004028197381673,0.20765357502517623,5198,0.27626010003847634,0.2853020392458638,0.41477491342824163,1,1
206041117,Carlton,20604,Melbourne City,206,Melbourne - Inner,2GMEL,Greater Melbourne,2,Victoria,VIC,1.8187,27,1871,652,365,2064,1.0,1289,1.8,6738,7099,0.9491477672911678,0.3474324725437815,0.40991392104482044,0.3266547937073315,0.17393885425942415,0.10477886613238349,7099,0.13283561064938723,0.10071841104380899,0.723059585857163,1,1
206041118,Docklands,20604,Melbourne City,206,Melbourne - Inner,2GMEL,Greater Melbourne,2,Victoria,VIC,2.444,32,2000,1182,411,2462,1.1,1956,1.8,7274,7546,0.9639544129340047,0.1730822106131427,0.21831179543579873,0.48831454495463295,0.27275226835303823,0.1580973329667308,7546,0.12324410283593958,0.18009541478929234,0.6700238536973231,1,1
206041119,East Melbourne,20604,Melbourne City,206,Melbourne - Inner,2GMEL,Greater Melbourne,2,Victoria,VIC,2.8998,42,2383,1532,480,3733,0.9,2345,1.8,2273,2396,0.9486644407345576,0.1227452705675319,0.15794104707435108,0.5917289925208975,0.41750989881214257,0.30136383633963926,2396,0.26919866444073454,0.17863105175292154,0.5275459098497496,1,1
206041120,Flemington Racecourse,20604,Melbourne City,206,Melbourne - Inner,2GMEL,Greater Melbourne,2,Victoria,VIC,1.7093,32,1772,1281,401,3083,0.7,2178,1.8,25,34,0.7352941176470589,0.0,0.0,0.64,0.4,0.12,34,0.0,0.4411764705882353,0.23529411764705882,0,0
206041121,Kensington (Vic.),20604,Melbourne City,206,Melbourne - Inner,2GMEL,Greater Melbourne,2,Victoria,VIC,2.147,35,2162,1246,416,3063,0.9,2216,2.1,4535,4727,0.9593822720541569,0.17993384785005512,0.2160970231532525,0.5545755237045203,0.35942668136714445,0.22778390297684675,4727,0.18066426909244765,0.3059022635921303,0.49143219801142374,1,1
206041124,Parkville,20604,Melbourne City,206,Melbourne - Inner,2GMEL,Greater Melbourne,2,Victoria,VIC,4.0491,26,2000,588,396,2567,1.0,1885,2.1,2018,2148,0.9394785847299814,0.19326065411298315,0.24331020812685827,0.46878097125867196,0.26362735381565905,0.17244796828543113,2148,0.18202979515828677,0.14338919925512103,0.6410614525139665,1,1
206041125,South Yarra - West,20604,Melbourne City,206,Melbourne - Inner,2GMEL,Greater Melbourne,2,Victoria,VIC,1.5027,39,2100,1454,457,3284,0.9,2259,1.8,2874,3049,0.9426041325024598,0.13743910925539318,0.17536534446764093,0.5734168406402227,0.3740431454418928,0.2686151704940849,3049,0.27353230567399145,0.16333224007871433,0.5293538865201706,1,1
206041127,West Melbourne - Industrial,20604,Melbourne City,206,Melbourne - Inner,2GMEL,Greater Melbourne,2,Victoria,VIC,6.1992,0,0,0,0,0,0.0,0,0.0,0,0,,,,,,,0,,,,0,0
206041503,Melbourne CBD - East,20604,Melbourne City,206,Melbourne - Inner,2GMEL,Greater Melbourne,2,Victoria,VIC,0.802,30,1770,884,375,2248,1.0,1511,1.7,4515,4720,0.9565677966101694,0.25692137320044295,0.324031007751938,0.3636766334440753,0.1849390919158361,0.10985603543743079,4720,0.14470338983050848,0.12944915254237288,0.6940677966101695,1,1
206041504,Melbourne CBD - North,20604,Melbourne City,206,Melbourne - Inner,2GMEL,Greater Melbourne,2,Victoria,VIC,0.5616,26,1725,638,361,1520,1.0,1089,1.7,8433,8767,0.9619025892551614,0.3868137080517016,0.4651962528163168,0.22696549270722163,0.08739475868611407,0.04351950669986956,8767,0.10026234743926087,0.09011064218090567,0.7738108817155241,1,1
206041505,Melbourne CBD - West,20604,Melbourne City,206,Melbourne - Inner,2GMEL,Greater Melbourne,2,Victoria,VIC,1.0051,29,1710,861,376,1945,1.1,1446,1.7,7742,8039,0.963055106356512,0.25703952467062774,0.32730560578661844,0.33686385946783776,0.1511237406354947,0.07452854559545337,8039,0.08122900858315711,0.12364721980345814,0.7619106854086329,1,1
206041506,North Melbourne,20604,Melbourne City,206,Melbourne - Inner,2GMEL,Greater Melbourne,2,Victoria,VIC,2.4248,31,2035,953,381,2475,1.0,1718,2.0,6502,6855,0.9485047410649161,0.24515533681944018,0.29083358966471856,0.42971393417410025,0.24838511227314672,0.14795447554598584,6855,0.1302698760029176,0.1985412107950401,0.6398249452954048,1,1
206041507,Royal Botanic Gardens Victoria,20604,Melbourne City,206,Melbourne - Inner,2GMEL,Greater Melbourne,2,Victoria,VIC,1.3511,70,0,3250,0,7000,0.1,7000,2.0,0,0,,,,,,,0,,,,0,0
206041508,Southbank (West) - South Wharf,20604,Melbourne City,206,Melbourne - Inner,2GMEL,Greater Melbourne,2,Victoria,VIC,0.8496,33,2000,1227,430,2681,1.0,2054,1.8,3196,3309,0.9658507101843458,0.1476846057571965,0.19430538172715894,0.5175219023779725,0.28911138923654567,0.18147684605757197,3309,0.15744938047748563,0.19069205197945,0.6252644303414929,1,1
206041509,Southbank - East,20604,Melbourne City,206,Melbourne - Inner,2GMEL,Greater Melbourne,2,Victoria,VIC,0.804,31,1820,1152,408,2385,1.0,1880,1.8,8186,8532,0.9594467885607126,0.15526508673344736,0.20486195944295138,0.4642071829953579,0.22978255558270216,0.12350354263376496,8532,0.11404125644631974,0.17264416315049227,0.6862400375058603,1,1
206041510,West Melbourne - Residential,20604,Melbourne City,206,Melbourne - Inner,2GMEL,Greater Melbourne,2,Victoria,VIC,0.8247,31,2135,1047,390,2397,1.1,1784,1.9,3370,3542,0.9514398644833427,0.18367952522255193,0.24480712166172106,0.4433234421364985,0.23798219584569733,0.14183976261127595,3542,0.12055335968379446,0.2044042913608131,0.6482213438735178,1,1
206051128,Albert Park,20605,Port Phillip,206,Melbourne - Inner,2GMEL,Greater Melbourne,2,Victoria,VIC,4.6747,41,2600,1352,493,3335,0.9,2303,2.1,6791,7153,0.9493918635537537,0.1582977470181122,0.19849801207480489,0.5759092917096157,0.40362244146664705,0.29377116772198497,7153,0.3141339298196561,0.2264784006710471,0.43590102055081786,1,1
206051129,Elwood,20605,Port Phillip,206,Melbourne - Inner,2GMEL,Greater Melbourne,2,Victoria,VIC,2.553,38,2300,1363,415,3210,0.9,2093,1.9,6780,7104,0.9543918918918919,0.15693215339233038,0.20545722713864306,0.5247787610619469,0.33362831858407077,0.2266961651917404,7104,0.20833333333333334,0.2622466216216216,0.5122466216216216,1,1
206051130,Port Melbourne,20605,Port Phillip,206,Melbourne - Inner,2GMEL,Greater Melbourne,2,Victoria,VIC,2.7894,43,2515,1372,522,3285,0.9,2347,2.1,6934,7291,0.9510355232478398,0.17983847706951256,0.2169022209402942,0.5875396596481107,0.40972021920969137,0.2901644072685319,7291,0.2714305307913866,0.2829515841448361,0.4205184474009052,1,1
206051134,St Kilda East,20605,Port Phillip,206,Melbourne - Inner,2GMEL,Greater Melbourne,2,Victoria,VIC,2.4135,34,2100,1210,384,2894,0.9,1988,1.9,7126,7502,0.949880031991469,0.17120404153802976,0.22270558518102723,0.4974740387314061,0.2914678641594162,0.17597530171204043,7502,0.17968541722207412,0.2877899226872834,0.5069314849373501,1,1
206051511,Port Melbourne Industrial,20605,Port Phillip,206,Melbourne - Inner,2GMEL,Greater Melbourne,2,Victoria,VIC,7.6426,32,2279,1346,585,2967,0.9,2407,2.1,734,789,0.9302915082382763,0.08174386920980926,0.11307901907356949,0.6294277929155313,0.40054495912806537,0.23841961852861035,789,0.07858048162230671,0.2991128010139417,0.596958174904943,1,0
206051512,South Melbourne,20605,Port Phillip,206,Melbourne - Inner,2GMEL,Greater Melbourne,2,Victoria,VIC,1.8897,39,2217,1310,421,3091,0.9,2103,1.9,5385,5642,0.9544487770294222,0.2012999071494893,0.24531104921077065,0.5273909006499535,0.34391829155060355,0.2380687093779016,5642,0.20152428216944346,0.22580645161290322,0.543069833392414,1,1
206051513,St Kilda - Central,20605,Port Phillip,206,Melbourne - Inner,2GMEL,Greater Melbourne,2,Victoria,VIC,1.5375,35,1998,1220,381,2719,1.0,1788,1.7,6165,6426,0.9593837535014006,0.19659367396593674,0.25401459854014596,0.4416869424168694,0.22887266828872668,0.13609083536090835,6426,0.1265172735760971,0.23638344226579522,0.6136009959539371,1,1
206051514,St Kilda - West,20605,Port Phillip,206,Melbourne - Inner,2GMEL,Greater Melbourne,2,Victoria,VIC,2.3637,38,2000,1236,392,2787,1.0,1849,1.7,6544,6841,0.9565852945475808,0.19070904645476772,0.24327628361858192,0.456601466992665,0.25718215158924207,0.15113080684596578,6841,0.1721970472153194,0.22394386785557668,0.5797398041222044,1,1
206061135,Armadale,20606,Stonnington - West,206,Melbourne - Inner,2GMEL,Greater Melbourne,2,Victoria,VIC,2.1835,38,2479,1361,421,3376,0.9,2207,2.0,4125,4336,0.9513376383763837,0.1675151515151515,0.2096969696969697,0.5461818181818182,0.37672727272727274,0.272969696969697,4336,0.29981549815498154,0.2308579335793358,0.4430350553505535,1,1
206061136,Prahran - Windsor,20606,Stonnington - West,206,Melbourne - Inner,2GMEL,Greater Melbourne,2,Victoria,VIC,2.9053,34,2200,1343,421,3113,0.9,2098,1.8,9216,9684,0.9516728624535316,0.1708984375,0.2133246527777778,0.5276692708333334,0.3283420138888889,0.2143012152777778,9684,0.18969434118133002,0.23709211069805866,0.5493597686906238,1,1
206061138,Toorak,20606,Stonnington - West,206,Melbourne - Inner,2GMEL,Greater Melbourne,2,Victoria,VIC,4.3233,47,3146,1428,490,3904,0.8,2538,2.1,5149,5541,0.9292546471756,0.1398329772771412,0.17828704602835502,0.6133229753350166,0.453680326276947,0.3594872790833171,5541,0.42735968236780364,0.22649341274138243,0.30896950009023644,1,1
206061515,South Yarra - North,20606,Stonnington - West,206,Melbourne - Inner,2GMEL,Greater Melbourne,2,Victoria,VIC,1.1696,32,2000,1412,426,2935,1.0,2042,1.6,5926,6150,0.9635772357723578,0.1441106986162673,0.18376645291933852,0.5141748228147148,0.2863651704353696,0.1756665541680729,6150,0.14585365853658536,0.16715447154471544,0.6634146341463415,1,1
206061516,South Yarra - South,20606,Stonnington - West,206,Melbourne - Inner,2GMEL,Greater Melbourne,2,Victoria,VIC,1.3475,35,2200,1329,395,3086,0.9,2001,1.8,4734,5015,0.9439680957128614,0.20384452893958596,0.2507393324883819,0.5008449514152936,0.32108153781157583,0.22285593578369245,5015,0.18504486540378864,0.19521435692921235,0.5936191425722831,1,1
206071139,Abbotsford,20607,Yarra,206,Melbourne - Inner,2GMEL,Greater Melbourne,2,Victoria,VIC,1.7405,33,2167,1354,425,3024,1.0,2197,1.9,4229,4398,0.9615734424738518,0.13998581224875858,0.17876566564199575,0.5625443367226295,0.33317569165287303,0.21068810593520926,4398,0.15552523874488403,0.26898590268303774,0.5538881309686221,1,1
206071140,Carlton North - Princes Hill,20607,Yarra,206,Melbourne - Inner,2GMEL,Greater Melbourne,2,Victoria,VIC,2.3042,34,2600,1197,541,3081,0.9,2355,2.3,3226,3461,0.9321005489742848,0.14879107253564786,0.1893986360818351,0.5861748295102294,0.39150650960942346,0.2740235585864848,3461,0.2976018491765386,0.18694019069633053,0.4807859000288934,1,1
206071141,Collingwood,20607,Yarra,206,Melbourne - Inner,2GMEL,Greater Melbourne,2,Victoria,VIC,1.2669,33,2167,1338,425,2817,1.0,2130,1.9,4264,4489,0.9498774782802406,0.19699812382739212,0.24155722326454035,0.5393996247654784,0.33184803001876173,0.1944183864915572,4489,0.10781911338828247,0.22521719759411896,0.643350412118512,1,1
206071142,Fitzroy,20607,Yarra,206,Melbourne - Inner,2GMEL,Greater Melbourne,2,Victoria,VIC,1.3779,35,2500,1265,451,3072,1.0,2194,2.0,4283,4565,0.9382256297918948,0.20476301657716553,0.25005837030119077,0.5463460191454588,0.3703011907541443,0.2563623628297922,4565,0.18028477546549837,0.2013143483023001,0.588170865279299,1,1
206071143,Fitzroy North,20607,Yarra,206,Melbourne - Inner,2GMEL,Greater Melbourne,2,Victoria,VIC,2.5051,36,2500,1241,481,3207,0.9,2300,2.2,5186,5489,0.9447986882856623,0.1897416120323949,0.23312765136907057,0.5680678750482067,0.3889317392981103,0.2699575780948708,5489,0.25432683548916013,0.22062306431043907,0.48624521770814355,1,1
206071145,Clifton Hill - Alphington,20607,Yarra,206,Melbourne - Inner,2GMEL,Greater Melbourne,2,Victoria,VIC,5.2089,37,2600,1340,500,3533,0.9,2529,2.3,3756,3957,0.9492039423805914,0.13738019169329074,0.17305644302449413,0.6142172523961661,0.44515441959531415,0.31815761448349306,3957,0.2891079100328532,0.3045236290118777,0.3934799090219864,1,1
206071517,Richmond (South) - Cremorne,20607,Yarra,206,Melbourne - Inner,2GMEL,Greater Melbourne,2,Victoria,VIC,4.2891,33,2500,1509,508,3516,0.9,2577,2.1,7548,7990,0.9446808510638298,0.11989931107578167,0.15275569687334392,0.6385797562268151,0.44554848966613675,0.3059088500264971,7990,0.2197747183979975,0.2687108886107635,0.4923654568210263,1,1
206071518,Richmond - North,20607,Yarra,206,Melbourne - Inner,2GMEL,Greater Melbourne,2,Victoria,VIC,1.9233,34,2047,1183,400,2664,1.0,2009,1.9,6357,6645,0.9566591422121896,0.20497089822243197,0.2542079597294321,0.5019663363221646,0.29966965549787633,0.18106024854491112,6645,0.15003762227238526,0.22437923250564334,0.6036117381489842,1,1
207011146,Ashburton (Vic.),20701,Boroondara,207,Melbourne - Inner East,2GMEL,Greater Melbourne,2,Victoria,VIC,2.8366,41,3000,1002,455,3422,0.8,2743,2.8,2584,2714,0.9521002210759028,0.17453560371517027,0.21284829721362228,0.6110681114551083,0.4647832817337461,0.3479102167182663,2714,0.38061901252763447,0.34782608695652173,0.24981577008106118,1,1
207011147,Balwyn,20701,Boroondara,207,Melbourne - Inner East,2GMEL,Greater Melbourne,2,Victoria,VIC,5.5851,43,3000,873,461,2556,0.8,2017,2.6,5692,6089,0.9348004598456232,0.2129304286718201,0.2615952213633169,0.5042164441321153,0.34311314125087844,0.2382290934645116,6089,0.4291345048448021,0.2701593036623419,0.257513549022828,1,1
207011148,Balwyn North,20701,Boroondara,207,Melbourne - Inner East,2GMEL,Greater Melbourne,2,Victoria,VIC,8.8492,42,3102,852,554,2726,0.8,2350,2.9,6541,7021,0.9316336704173195,0.1807063140192631,0.22443051521174132,0.5697905519033787,0.3996330836263568,0.2773276257452989,7021,0.4593362768836348,0.3224611878649765,0.19413189004415327,1,1
207011149,Camberwell,20701,Boroondara,207,Melbourne - Inner East,2GMEL,Greater Melbourne,2,Victoria,VIC,7.2919,43,3000,1051,490,3294,0.8,2472,2.6,7221,7657,0.9430586391537156,0.15801135576789918,0.20191109264644785,0.5952084198864424,0.4345658496053178,0.33042514887134744,7657,0.42745200470158023,0.2912367768055374,0.25153454355491706,1,1
207011150,Glen Iris - East,20701,Boroondara,207,Melbourne - Inner East,2GMEL,Greater Melbourne,2,Victoria,VIC,5.7049,41,3000,1165,522,3571,0.8,2914,2.7,5643,5952,0.9480846774193549,0.13078149920255183,0.16480595427963848,0.6402622718412192,0.48927875243664715,0.37090200248094984,5952,0.42355510752688175,0.3449260752688172,0.20984543010752688,1,1
207011152,Hawthorn East,20701,Boroondara,207,Melbourne - Inner East,2GMEL,Greater Melbourne,2,Victoria,VIC,3.824,36,2492,1228,411,3203,0.9,2228,2.2,6296,6631,0.9494797164831851,0.156289707750953,0.19583862770012705,0.5557496823379924,0.37944726810673446,0.2716010165184244,6631,0.2907555421505052,0.280349871814206,0.40416226813451966,1,1
207011154,Kew East,20701,Boroondara,207,Melbourne - Inner East,2GMEL,Greater Melbourne,2,Victoria,VIC,4.0154,41,3000,1042,466,3166,0.9,2485,2.7,2170,2307,0.94061551798873,0.15299539170506912,0.1870967741935484,0.6009216589861751,0.432258064516129,0.32119815668202767,2307,0.40615517988729954,0.33029908972691807,0.23623753792804508,1,1
207011155,Surrey Hills (West) - Canterbury,20701,Boroondara,207,Melbourne - Inner East,2GMEL,Greater Melbourne,2,Victoria,VIC,5.7026,45,3150,1088,475,3538,0.8,2709,2.7,5428,5754,0.943343760862009,0.15825350036845984,0.19602063375092116,0.6173544583640383,0.4659174649963154,0.3592483419307296,5754,0.45255474452554745,0.3262078554049357,0.1981230448383733,1,1
207011519,Hawthorn - North,20701,Boroondara,207,Melbourne - Inner East,2GMEL,Greater Melbourne,2,Victoria,VIC,2.4558,35,2800,1215,401,3536,0.9,2300,2.2,3810,4051,0.9405085164156999,0.14803149606299212,0.19291338582677164,0.5761154855643045,0.3952755905511811,0.28976377952755905,4051,0.2967168600345594,0.24907430264132313,0.42754875339422366,1,1
207011520,Hawthorn - South,20701,Boroondara,207,Melbourne - Inner East,2GMEL,Greater Melbourne,2,Victoria,VIC,3.2163,34,2100,1207,400,3116,0.9,2055,2.0,5158,5425,0.9507834101382489,0.17080263668088405,0.21423032183016674,0.5135711516091508,0.32066692516479256,0.22043427685149283,5425,0.2505069124423963,0.24995391705069125,0.47244239631336404,1,1
207011521,Kew - South,20701,Boroondara,207,Melbourne - Inner East,2GMEL,Greater Melbourne,2,Victoria,VIC,4.3235,42,3050,1104,501,3364,0.8,2577,2.6,3990,4244,0.9401508011310085,0.14862155388471177,0.18822055137844612,0.6190476190476191,0.4488721804511278,0.3383458646616541,4244,0.43072573044297835,0.2966540999057493,0.24929311969839774,1,1
207011522,Kew - West,20701,Boroondara,207,Melbourne - Inner East,2GMEL,Greater Melbourne,2,Victoria,VIC,6.2106,41,3000,1133,456,3259,0.8,2459,2.5,4561,4869,0.9367426576299035,0.14821311115983338,0.19052839289629467,0.5996491997368998,0.42885332163999124,0.3144047358035518,4869,0.36537276648182376,0.2840418977202711,0.3162867118504826,1,1
207021156,Bulleen,20702,Manningham - West,207,Melbourne - Inner East,2GMEL,Greater Melbourne,2,Victoria,VIC,6.6711,45,2400,739,460,2206,0.7,1812,2.6,4013,4279,0.9378359429773312,0.24221280837278844,0.30525791178669326,0.461500124595066,0.2873162222775978,0.17493147271368054,4279,0.48726337929422764,0.28838513671418553,0.2002804393549895,1,1
207021157,Doncaster,20702,Manningham - West,207,Melbourne - Inner East,2GMEL,Greater Melbourne,2,Victoria,VIC,8.7738,40,2167,721,450,1957,0.8,1595,2.4,9317,9892,0.941872219975738,0.2570569925941827,0.32338735644520766,0.4051733390576366,0.22453579478372868,0.13126542878608993,9892,0.3748483623129802,0.27011726647796197,0.3042862919530934,1,1
207021159,Templestowe,20702,Manningham - West,207,Melbourne - Inner East,2GMEL,Greater Melbourne,2,Victoria,VIC,16.1176,46,2700,781,513,2419,0.8,2163,2.8,5321,5717,0.930732901871611,0.1871828603645931,0.2381131366284533,0.5333583912798346,0.35651193384702123,0.22740086449915428,5717,0.4696519153402134,0.3526324995627077,0.14010844848696868,1,1
207021160,Templestowe Lower,20702,Manningham - West,207,Melbourne - Inner East,2GMEL,Greater Melbourne,2,Victoria,VIC,5.9386,45,2500,753,475,2231,0.8,1919,2.7,4744,5035,0.9422045680238331,0.2133220910623946,0.27318718381112983,0.4829258010118044,0.30101180438448566,0.17980607082630692,5035,0.47388282025819267,0.32591857000993046,0.17517378351539226,1,1
207021424,Doncaster East - North,20702,Manningham - West,207,Melbourne - Inner East,2GMEL,Greater Melbourne,2,Victoria,VIC,6.403,43,2400,704,497,2158,0.8,1934,2.8,5052,5352,0.9439461883408071,0.20605700712589073,0.2608867775138559,0.48673792557403006,0.2911718131433096,0.16785431512272367,5352,0.453101644245142,0.3428624813153961,0.16984304932735425,1,1
207021425,Doncaster East - South,20702,Manningham - West,207,Melbourne - Inner East,2GMEL,Greater Melbourne,2,Victoria,VIC,4.7684,40,2383,698,460,1979,0.8,1656,2.6,5353,5673,0.9435924554909219,0.24845880814496543,0.31234821595367085,0.4199514291051747,0.23071175042032505,0.1255370820100878,5673,0.3763440860215054,0.29331923144720606,0.29737352370879605,1,1
207031161,Blackburn,20703,Whitehorse - West,207,Melbourne - Inner East,2GMEL,Greater Melbourne,2,Victoria,VIC,8.6076,40,2300,900,420,2557,0.8,2050,2.6,7808,8259,0.9453929047100134,0.19018954918032788,0.24077868852459017,0.5115266393442623,0.327484631147541,0.2028688524590164,8259,0.38951446906405135,0.34507809662186706,0.2437341082455503,1,1
207031162,Blackburn South,20703,Whitehorse - West,207,Melbourne - Inner East,2GMEL,Greater Melbourne,2,Victoria,VIC,3.5966,42,2251,753,410,2371,0.8,1861,2.6,3793,4024,0.9425944333996024,0.2533614553124176,0.30951753229633533,0.46928552596889006,0.2876351173213815,0.1674136567360928,4024,0.37997017892644136,0.3474155069582505,0.23906560636182903,1,1
207031163,Box Hill,20703,Whitehorse - West,207,Melbourne - Inner East,2GMEL,Greater Melbourne,2,Victoria,VIC,7.0123,34,2088,682,391,1914,0.9,1441,2.3,8592,9096,0.9445910290237467,0.2950418994413408,0.3647579143389199,0.37034450651769085,0.20542364990689013,0.12255586592178772,9096,0.24109498680738786,0.23856640281442393,0.4731750219876869,1,1
207031164,Box Hill North,20703,Whitehorse - West,207,Melbourne - Inner East,2GMEL,Greater Melbourne,2,Victoria,VIC,6.2087,39,2491,788,438,2304,0.8,1920,2.6,6307,6671,0.9454354669464848,0.2210242587601078,0.27778658633264625,0.48232123037894403,0.304265102267322,0.18011732995084825,6671,0.3672612801678909,0.316894018887723,0.28976165492429923,1,1
207031165,Burwood (Vic.),20703,Whitehorse - West,207,Melbourne - Inner East,2GMEL,Greater Melbourne,2,Victoria,VIC,5.0392,33,2457,637,401,2119,0.8,1564,2.4,4233,4481,0.9446552108904263,0.2922277344672809,0.35530356721001655,0.4129459012520671,0.2383652256083156,0.13890857547838412,4481,0.29546976121401475,0.2541843338540504,0.3891988395447445,1,1
207031166,Burwood East,20703,Whitehorse - West,207,Melbourne - Inner East,2GMEL,Greater Melbourne,2,Victoria,VIC,4.2629,41,2147,676,439,1972,0.8,1610,2.6,3779,4021,0.9398159661775678,0.2572109023551204,0.3244244509129399,0.4167769251124636,0.2220164064567346,0.12040222281026727,4021,0.4190499875652823,0.27629942800298435,0.25292215866699824,1,1
207031167,Surrey Hills (East) - Mont Albert,20703,Whitehorse - West,207,Melbourne - Inner East,2GMEL,Greater Melbourne,2,Victoria,VIC,3.3279,42,2600,1071,462,3092,0.8,2388,2.5,3579,3796,0.9428345626975764,0.16149762503492596,0.20815870354847724,0.5836825929030456,0.41017043867001957,0.2880692930986309,3796,0.4012118018967334,0.3227081138040042,0.2534246575342466,1,1
208011168,Beaumaris,20801,Bayside,208,Melbourne - Inner South,2GMEL,Greater Melbourne,2,Victoria,VIC,5.9678,48,3000,1043,612,3296,0.8,2622,2.7,4728,5040,0.9380952380952381,0.15101522842639595,0.1947969543147208,0.608502538071066,0.4570642978003384,0.338409475465313,5040,0.48214285714285715,0.36666666666666664,0.12777777777777777,1,1
208011169,Brighton (Vic.),20801,Bayside,208,Melbourne - Inner South,2GMEL,Greater Melbourne,2,Victoria,VIC,8.2004,48,3467,1265,600,3808,0.8,2718,2.4,8185,8799,0.9302193431071712,0.1525962125839951,0.19218081857055588,0.6158827122785583,0.47098350641417225,0.3784972510690287,8799,0.45130128423684507,0.2793499261279691,0.2367314467553131,1,1
208011170,Brighton East,20801,Bayside,208,Melbourne - Inner South,2GMEL,Greater Melbourne,2,Victoria,VIC,5.6083,44,3335,1064,602,3421,0.8,2720,2.7,5444,5787,0.9407292206670123,0.16734019103600295,0.20554739162380603,0.6109478324761205,0.4662013225569434,0.35011021307861867,5787,0.4097114221531018,0.3538966649386556,0.20183169172282703,1,1
208011171,Highett (West) - Cheltenham,20801,Bayside,208,Melbourne - Inner South,2GMEL,Greater Melbourne,2,Victoria,VIC,5.3198,40,2500,1025,450,2975,0.9,2291,2.5,4477,4699,0.952755905511811,0.18494527585436676,0.23140495867768596,0.5613133794951977,0.3819522001340183,0.25530489166852804,4699,0.298574164715897,0.4126409874441371,0.26814215790593743,1,1
208011172,Hampton,20801,Bayside,208,Melbourne - Inner South,2GMEL,Greater Melbourne,2,Victoria,VIC,5.6847,43,3000,1033,471,3383,0.8,2415,2.5,6458,6856,0.941948658109685,0.19603592443480955,0.24388355528027253,0.5701455558996593,0.4298544441003407,0.3175905853205327,6856,0.3709159859976663,0.34334889148191367,0.2590431738623104,1,1
208011173,Sandringham - Black Rock,20801,Bayside,208,Melbourne - Inner South,2GMEL,Greater Melbourne,2,Victoria,VIC,6.4301,48,2800,1082,486,3310,0.8,2356,2.4,6371,6765,0.9417590539541759,0.18066237639303093,0.22743682310469315,0.5683566159158688,0.4194004080991995,0.30324909747292417,6765,0.43532889874353287,0.31574279379157427,0.22320768662232077,1,1
208021174,Bentleigh - McKinnon,20802,Glen Eira,208,Melbourne - Inner South,2GMEL,Greater Melbourne,2,Victoria,VIC,6.2242,40,2500,970,491,2863,0.9,2240,2.6,8761,9239,0.9482627990042213,0.18742152722291977,0.23867138454514325,0.5500513639995435,0.37495719666704713,0.2490583266750371,9239,0.33510120142872607,0.34105422664790563,0.28888407836345925,1,1
208021176,Carnegie,20802,Glen Eira,208,Melbourne - Inner South,2GMEL,Greater Melbourne,2,Victoria,VIC,3.8045,36,2025,1011,395,2537,0.9,1873,2.2,7750,8143,0.951737688812477,0.21161290322580645,0.2647741935483871,0.46903225806451615,0.2729032258064516,0.16761290322580646,8143,0.2589954562200663,0.2904335011666462,0.42490482623111875,1,1
208021177,Caulfield - North,20802,Glen Eira,208,Melbourne - Inner South,2GMEL,Greater Melbourne,2,Victoria,VIC,6.4189,35,2500,1110,426,3012,0.9,2184,2.4,8059,8679,0.9285631985251757,0.1773172850229557,0.22434545228936592,0.5432435786077677,0.3639409355999504,0.2572279439136369,8679,0.30798479087452474,0.26443138610438993,0.397050351422975,1,1
208021178,Caulfield - South,20802,Glen Eira,208,Melbourne - Inner South,2GMEL,Greater Melbourne,2,Victoria,VIC,4.7426,41,2798,1044,483,2988,0.8,2289,2.5,6344,6741,0.941106660732829,0.17528373266078184,0.21815889029003782,0.5617906683480454,0.38934426229508196,0.26529003783102145,6741,0.36967808930425755,0.3278445334520101,0.27785195074914704,1,1
208021179,Elsternwick,20802,Glen Eira,208,Melbourne - Inner South,2GMEL,Greater Melbourne,2,Victoria,VIC,2.8616,38,2447,1193,426,3216,0.9,2171,2.3,4730,4986,0.9486562374649017,0.18118393234672303,0.2281183932346723,0.5399577167019027,0.3653276955602537,0.25158562367864695,4986,0.30324909747292417,0.27837946249498596,0.392498997192138,1,1
208021180,Hughesdale,20802,Glen Eira,208,Melbourne - Inner South,2GMEL,Greater Melbourne,2,Victoria,VIC,2.0095,38,2167,935,416,2540,0.9,2057,2.5,2813,2936,0.9581062670299727,0.20191965872733736,0.2520440810522574,0.5122644863135443,0.32172058300746537,0.1958762886597938,2936,0.3126702997275204,0.3167574931880109,0.3470708446866485,1,1
208021181,Murrumbeena,20802,Glen Eira,208,Melbourne - Inner South,2GMEL,Greater Melbourne,2,Victoria,VIC,2.5148,38,2200,1023,390,2798,0.9,2089,2.4,3559,3741,0.9513499064421278,0.17898286035403202,0.2337735318909806,0.5206518685023883,0.3380162967125597,0.22028659735880865,3741,0.30473135525260625,0.3205025394279604,0.35311414060411656,1,1
208021182,Ormond - Glen Huntly,20802,Glen Eira,208,Melbourne - Inner South,2GMEL,Greater Melbourne,2,Victoria,VIC,2.9371,36,2153,1013,391,2670,0.9,1978,2.3,5200,5461,0.9522065555759018,0.18788461538461537,0.24057692307692308,0.4951923076923077,0.3055769230769231,0.18596153846153846,5461,0.2636879692364036,0.3087346639809559,0.40651895257278886,1,1
208021426,Bentleigh East - North,20802,Glen Eira,208,Melbourne - Inner South,2GMEL,Greater Melbourne,2,Victoria,VIC,4.5989,39,2500,919,508,2656,0.9,2250,2.8,5519,5809,0.9500774660010329,0.17901793803225222,0.22757745968472548,0.5542670773690886,0.36745787280304404,0.22793984417466934,5809,0.33671888448958515,0.39369943191599244,0.25202272336030296,1,1
208021427,Bentleigh East - South,20802,Glen Eira,208,Melbourne - Inner South,2GMEL,Greater Melbourne,2,Victoria,VIC,4.5882,40,2512,934,490,2627,0.8,2173,2.6,4914,5169,0.950667440510737,0.185999185999186,0.2389092389092389,0.5382580382580383,0.3498168498168498,0.21184371184371184,5169,0.3582898046043722,0.3929193267556587,0.22789707873863416,1,1
208031183,Aspendale Gardens - Waterways,20803,Kingston,208,Melbourne - Inner South,2GMEL,Greater Melbourne,2,Victoria,VIC,5.3073,42,2115,846,510,2549,0.8,2348,3.0,2715,2863,0.9483059727558505,0.15101289134438306,0.19116022099447513,0.5852670349907919,0.3701657458563536,0.21620626151012892,2863,0.37024100593782744,0.4795668878798463,0.10653161019909187,1,1
208031184,Braeside,20803,Kingston,208,Melbourne - Inner South,2GMEL,Greater Melbourne,2,Victoria,VIC,9.0819,56,1998,900,504,2250,1.0,933,1.3,14,15,0.9333333333333333,0.21428571428571427,0.7142857142857143,0.2857142857142857,0.0,0.0,15,0.0,0.2,0.3333333333333333,0,0
208031185,Carrum - Patterson Lakes,20803,Kingston,208,Melbourne - Inner South,2GMEL,Greater Melbourne,2,Victoria,VIC,5.8242,44,2100,890,420,2370,0.8,1853,2.4,4614,4877,0.9460734057822432,0.22540095361941917,0.28456870394451667,0.46749024707412223,0.2637624620719549,0.13740788903337667,4877,0.3578019274143941,0.3924543776912036,0.20811974574533526,1,1
208031186,Chelsea - Bonbeach,20803,Kingston,208,Melbourne - Inner South,2GMEL,Greater Melbourne,2,Victoria,VIC,5.423,41,2065,962,381,2411,0.8,1718,2.2,6140,6453,0.9514954284828762,0.24267100977198697,0.303257328990228,0.43615635179153095,0.23973941368078175,0.11433224755700326,6453,0.29428172942817293,0.3730048039671471,0.3052843638617697,1,1
208031187,Chelsea Heights,20803,Kingston,208,Melbourne - Inner South,2GMEL,Greater Melbourne,2,Victoria,VIC,3.1958,40,2001,805,412,2313,0.8,1867,2.6,1865,1987,0.9386009058882738,0.2348525469168901,0.2970509383378016,0.4739946380697051,0.24343163538873994,0.11099195710455764,1987,0.39355812783090083,0.45143432310015097,0.12883744338198289,1,1
208031188,Highett (East) - Cheltenham,20803,Kingston,208,Melbourne - Inner South,2GMEL,Greater Melbourne,2,Victoria,VIC,8.7376,40,2167,925,421,2470,0.8,1853,2.3,9303,9791,0.9501583086508018,0.22992583037729764,0.28291948833709557,0.46823605288616577,0.27754487799634525,0.1508115661614533,9791,0.3283627821468696,0.36758247370033703,0.2745378408742723,1,1
208031189,Edithvale - Aspendale,20803,Kingston,208,Melbourne - Inner South,2GMEL,Greater Melbourne,2,Victoria,VIC,5.1001,40,2200,1022,440,2706,0.8,2223,2.6,4838,5074,0.9534883720930233,0.1721785861926416,0.222199255890864,0.5510541546093427,0.34497726333195533,0.19388176932616782,5074,0.3555380370516358,0.41584548679542765,0.21206148994875837,1,1
208031190,Mentone,20803,Kingston,208,Melbourne - Inner South,2GMEL,Greater Melbourne,2,Victoria,VIC,4.45,42,2167,981,392,2604,0.8,1889,2.3,5375,5642,0.9526763559021624,0.2109767441860465,0.2688372093023256,0.4772093023255814,0.293953488372093,0.16762790697674418,5642,0.3172633817795108,0.3390641616448068,0.3218716767103864,1,1
208031191,Moorabbin - Heatherton,20803,Kingston,208,Melbourne - Inner South,2GMEL,Greater Melbourne,2,Victoria,VIC,11.6997,40,2300,924,440,2513,0.9,2046,2.6,3199,3385,0.9450516986706056,0.20037511722413254,0.251953735542357,0.5123476086276961,0.310409502969678,0.175054704595186,3385,0.29571639586410636,0.3926144756277696,0.2818316100443131,1,1
208031192,Moorabbin Airport,20803,Kingston,208,Melbourne - Inner South,2GMEL,Greater Melbourne,2,Victoria,VIC,3.0755,22,0,0,486,0,1.0,0,3.0,0,0,,,,,,,0,,,,0,0
208031193,Mordialloc - Parkdale,20803,Kingston,208,Melbourne - Inner South,2GMEL,Greater Melbourne,2,Victoria,VIC,7.9681,42,2253,977,400,2807,0.8,2090,2.5,7843,8252,0.9504362578768784,0.19176335585872753,0.24735432870075227,0.5179140634961111,0.3418334820859365,0.2139487441030218,8252,0.3353126514784295,0.3915414444983034,0.25278720310227826,1,1
208041194,Malvern - Glen Iris,20804,Stonnington - East,208,Melbourne - Inner South,2GMEL,Greater Melbourne,2,Victoria,VIC,6.1552,40,2800,1264,410,3488,0.9,2364,2.3,7845,8338,0.9408731110578076,0.1574251115360102,0.1987253027405991,0.5804971319311664,0.41861057998725304,0.3092415551306565,8338,0.35799952026864956,0.2947949148476853,0.3177020868313744,1,1
208041195,Malvern East,20804,Stonnington - East,208,Melbourne - Inner South,2GMEL,Greater Melbourne,2,Victoria,VIC,7.5666,38,2944,1057,421,3292,0.9,2386,2.5,7717,8167,0.9449002081547692,0.16768174160943372,0.21368407412206816,0.5801477258001814,0.41181806401451343,0.3054295710768433,8167,0.3533733317007469,0.31321170564466755,0.31100771397085836,1,1
209011196,Bundoora - East,20901,Banyule,209,Melbourne - North East,2GMEL,Greater Melbourne,2,Victoria,VIC,4.0749,39,2013,706,385,1966,0.8,1705,2.7,3309,3507,0.9435414884516681,0.23360531882744032,0.3028105167724388,0.4197642792384406,0.21940163191296463,0.10728316711997582,3507,0.42714570858283435,0.3242087254063302,0.22640433418876532,1,1
209011197,Greensborough,20901,Banyule,209,Melbourne - North East,2GMEL,Greater Melbourne,2,Victoria,VIC,10.0974,42,2167,907,400,2477,0.8,2078,2.6,7261,7662,0.9476637953536936,0.18413441674700454,0.23812147087178073,0.5193499517972731,0.3122159482164991,0.16388927145021348,7662,0.3881493082746019,0.40877055599060297,0.18076220308013574,1,1
209011198,Heidelberg - Rosanna,20901,Banyule,209,Melbourne - North East,2GMEL,Greater Melbourne,2,Victoria,VIC,6.3717,40,2300,1030,401,2772,0.8,2102,2.4,5926,6219,0.9528863161279949,0.1889976375295309,0.23439082011474857,0.5239622004724941,0.33614579817752277,0.20350995612554842,6219,0.34539315002411963,0.3105000803987779,0.314841614407461,1,1
209011199,Heidelberg West,20901,Banyule,209,Melbourne - North East,2GMEL,Greater Melbourne,2,Victoria,VIC,6.6912,35,2059,782,353,2139,0.9,1618,2.3,5622,5981,0.939976592543053,0.27161152614727857,0.3311988616150836,0.4064389896833867,0.2090003557452864,0.09960868018498754,5981,0.20531683664938974,0.2954355458953352,0.47115866911887644,1,1
209011200,Ivanhoe,20901,Banyule,209,Melbourne - North East,2GMEL,Greater Melbourne,2,Victoria,VIC,5.0498,41,2500,1080,440,3041,0.9,2280,2.4,4646,4874,0.9532211735740664,0.16917778734395178,0.21631510977184676,0.5628497632371933,0.3820490744726647,0.26130004304778304,4874,0.36294624538366843,0.3034468608945425,0.30878128846942965,1,1
209011201,Ivanhoe East - Eaglemont,20901,Banyule,209,Melbourne - North East,2GMEL,Greater Melbourne,2,Victoria,VIC,4.2769,45,3000,1167,451,3549,0.8,2914,2.7,2636,2782,0.9475197699496765,0.13125948406676782,0.16805766312594841,0.650227617602428,0.48975720789074356,0.37367223065250377,2782,0.46621135873472325,0.31560028756290437,0.19626168224299065,1,1
209011202,Montmorency - Briar Hill,20901,Banyule,209,Melbourne - North East,2GMEL,Greater Melbourne,2,Victoria,VIC,12.0278,42,2167,957,415,2549,0.8,2068,2.5,5998,6323,0.9486003479361063,0.18089363121040347,0.2387462487495832,0.5165055018339446,0.3059353117705902,0.17322440813604534,6323,0.4034477305076704,0.4066107860192946,0.17270283093468292,1,1
209011203,Viewbank - Yallambie,20901,Banyule,209,Melbourne - North East,2GMEL,Greater Melbourne,2,Victoria,VIC,10.2379,40,2200,900,400,2487,0.8,2025,2.6,6412,6799,0.9430798646859833,0.19946974422956956,0.2535870243293824,0.5059263880224579,0.3119151590767311,0.16640673736743605,6799,0.39594057949698486,0.3694660979555817,0.20341226650978084,1,1
209011204,Watsonia,20901,Banyule,209,Melbourne - North East,2GMEL,Greater Melbourne,2,Victoria,VIC,3.7857,39,2037,871,390,2410,0.8,1961,2.6,3300,3506,0.9412435824301197,0.2015151515151515,0.25666666666666665,0.49333333333333335,0.2818181818181818,0.13272727272727272,3506,0.37763833428408444,0.3764974329720479,0.22789503707929265,1,1
209021205,Kingsbury,20902,Darebin - North,209,Melbourne - North East,2GMEL,Greater Melbourne,2,Victoria,VIC,9.0094,34,2000,691,369,2091,0.9,1727,2.6,3452,3663,0.9423969423969424,0.2268250289687138,0.29229432213209733,0.42931633835457705,0.25550405561993045,0.14860950173812282,3663,0.31067431067431067,0.30357630357630355,0.3508053508053508,1,1
209021428,Preston - East,20902,Darebin - North,209,Melbourne - North East,2GMEL,Greater Melbourne,2,Victoria,VIC,7.7457,36,2000,863,391,2287,0.9,1787,2.3,8144,8594,0.9476378868978357,0.23035363457760313,0.2868369351669941,0.44646365422396855,0.23894891944990176,0.1168958742632613,8594,0.24365836630207122,0.2981149639283221,0.4343728182452874,1,1
209021429,Preston - West,20902,Darebin - North,209,Melbourne - North East,2GMEL,Greater Melbourne,2,Victoria,VIC,3.5679,38,2144,902,400,2455,0.9,1970,2.5,4610,4887,0.9433190096173522,0.2123644251626898,0.2577006507592191,0.49349240780911063,0.2963123644251627,0.1681127982646421,4887,0.3255576018006957,0.3091876406793534,0.33722119909965215,1,1
209021523,Reservoir - North East,20902,Darebin - North,209,Melbourne - North East,2GMEL,Greater Melbourne,2,Victoria,VIC,4.788,36,1863,772,358,1978,0.9,1544,2.3,5718,6060,0.9435643564356435,0.26128016789087094,0.329136061559986,0.3854494578523959,0.17523609653725078,0.06785589366911507,6060,0.2646864686468647,0.3198019801980198,0.38828382838283826,1,1
209021524,Reservoir - North West,20902,Darebin - North,209,Melbourne - North East,2GMEL,Greater Melbourne,2,Victoria,VIC,4.5297,43,2000,580,371,1701,0.8,1442,2.6,3260,3520,0.9261363636363636,0.294478527607362,0.36134969325153377,0.36165644171779143,0.18067484662576688,0.08128834355828221,3520,0.4909090909090909,0.27102272727272725,0.2005681818181818,1,1
209021525,Reservoir - South East,20902,Darebin - North,209,Melbourne - North East,2GMEL,Greater Melbourne,2,Victoria,VIC,4.1783,38,1967,688,349,1910,0.9,1401,2.3,4824,5181,0.9310943833236827,0.31094527363184077,0.37707296849087896,0.3497097844112769,0.17143449419568824,0.07898009950248756,5181,0.2814128546612623,0.25709322524609146,0.408608376761243,1,1
209021526,Reservoir - South West,20902,Darebin - North,209,Melbourne - North East,2GMEL,Greater Melbourne,2,Victoria,VIC,5.6247,37,2020,865,361,2211,0.9,1743,2.4,5385,5657,0.9519179777267103,0.23101207056638812,0.28876508820798513,0.4343546889507892,0.2245125348189415,0.09637883008356546,5657,0.26568852748806787,0.30139649991161394,0.404808202227329,1,1
209031209,Eltham,20903,Nillumbik - Kinglake,209,Melbourne - North East,2GMEL,Greater Melbourne,2,Victoria,VIC,19.4882,43,2297,984,446,2843,0.8,2464,2.8,7597,8037,0.9452532039318153,0.13939713044622878,0.18230880610767408,0.6052389100960905,0.41147821508490195,0.25417928129524814,8037,0.4235411223093194,0.45240761478163494,0.10650740325992286,1,1
209031210,Hurstbridge,20903,Nillumbik - Kinglake,209,Melbourne - North East,2GMEL,Greater Melbourne,2,Victoria,VIC,14.8421,41,2000,898,420,2402,0.8,2168,2.8,1157,1224,0.9452614379084967,0.16076058772687987,0.2065687121866897,0.5445116681071738,0.31374243733794294,0.14779602420051857,1224,0.3570261437908497,0.5245098039215687,0.10457516339869281,1,1
209031211,Kinglake,20903,Nillumbik - Kinglake,209,Melbourne - North East,2GMEL,Greater Melbourne,2,Victoria,VIC,319.504,42,1811,782,306,2077,0.8,1809,2.7,1289,1421,0.9071076706544687,0.19239720713731576,0.25446082234290146,0.4484096198603569,0.21411947245927077,0.0969743987587277,1421,0.3574947220267417,0.5510204081632653,0.05207600281491907,1,1
209031212,Panton Hill - St Andrews,20903,Nillumbik - Kinglake,209,Melbourne - North East,2GMEL,Greater Melbourne,2,Victoria,VIC,292.1978,48,2200,876,300,2483,0.8,2254,2.9,1514,1685,0.8985163204747775,0.15521796565389695,0.19616908850726553,0.560105680317041,0.36856010568031705,0.21070013210039631,1685,0.4688427299703264,0.4362017804154303,0.06468842729970327,1,1
209031213,Plenty - Yarrambat,20903,Nillumbik - Kinglake,209,Melbourne - North East,2GMEL,Greater Melbourne,2,Victoria,VIC,29.117,43,2272,950,480,2802,0.8,2554,3.0,2826,3025,0.9342148760330579,0.13198867657466384,0.1740976645435244,0.6210191082802548,0.42250530785562634,0.25548478414720455,3025,0.4257851239669421,0.48231404958677687,0.06413223140495868,1,1
209031214,Research - North Warrandyte,20903,Nillumbik - Kinglake,209,Melbourne - North East,2GMEL,Greater Melbourne,2,Victoria,VIC,49.7946,43,2500,1019,462,3053,0.8,2831,3.0,2012,2184,0.9212454212454212,0.110337972166998,0.15159045725646123,0.658051689860835,0.470675944333996,0.3225646123260437,2184,0.41895604395604397,0.5013736263736264,0.06272893772893773,1,1
209031215,Wattle Glen - Diamond Creek,20903,Nillumbik - Kinglake,209,Melbourne - North East,2GMEL,Greater Melbourne,2,Victoria,VIC,26.8245,39,2167,961,429,2734,0.8,2496,2.9,4461,4761,0.9369880277252678,0.12754987670925802,0.16655458417395202,0.6236269894642457,0.3895987446760816,0.2066801165657924,4761,0.36126864104179796,0.5280403276622558,0.0924175593362739,1,1
209041216,Bundoora - North,20904,Whittlesea - Wallan,209,Melbourne - North East,2GMEL,Greater Melbourne,2,Victoria,VIC,4.715,37,2000,733,381,2256,0.8,1833,2.7,2415,2578,0.9367726920093096,0.2165631469979296,0.26873706004140785,0.4645962732919255,0.2616977225672878,0.1300207039337474,2578,0.29363847944142746,0.3708301008533747,0.2769588828549263,1,1
209041217,Bundoora - West,20904,Whittlesea - Wallan,209,Melbourne - North East,2GMEL,Greater Melbourne,2,Victoria,VIC,2.5601,40,1900,638,380,1689,0.8,1423,2.4,2226,2405,0.9255717255717256,0.2866127583108715,0.36163522012578614,0.3423180592991914,0.1540880503144654,0.06334231805929919,2405,0.40914760914760917,0.2711018711018711,0.2869022869022869,1,1
209041220,Mill Park - North,20904,Whittlesea - Wallan,209,Melbourne - North East,2GMEL,Greater Melbourne,2,Victoria,VIC,8.1362,40,1764,731,365,2053,0.8,1798,2.8,5702,6079,0.9379832209244942,0.20220975096457383,0.26709926341634516,0.44896527534198527,0.22816555594528234,0.1052262364082778,6079,0.3873992432965948,0.36848165816746176,0.2224050008225037,1,1
209041221,Mill Park - South,20904,Whittlesea - Wallan,209,Melbourne - North East,2GMEL,Greater Melbourne,2,Victoria,VIC,4.9298,39,1733,691,369,1888,0.8,1647,2.7,3747,3983,0.9407481797639969,0.2268481451828129,0.2978382706164932,0.414998665599146,0.19001868161195623,0.0803309314117961,3983,0.38865177002259604,0.3464725081596786,0.2349987446648255,1,1
209041223,Thomastown,20904,Whittlesea - Wallan,209,Melbourne - North East,2GMEL,Greater Melbourne,2,Victoria,VIC,14.6852,39,1700,502,350,1387,0.8,1225,2.6,6821,7278,0.9372080241824677,0.3344084445096027,0.41870693446708696,0.2847089869520598,0.11303327957777452,0.04266236622196159,7278,0.42690299532838694,0.2513053036548502,0.2867546029128882,1,1
209041224,Wallan,20904,Whittlesea - Wallan,209,Melbourne - North East,2GMEL,Greater Melbourne,2,Victoria,VIC,507.7457,33,1800,862,361,2127,0.8,2002,3.0,6732,7227,0.9315068493150684,0.14289958407605466,0.1994949494949495,0.5,0.22712418300653595,0.09610814022578729,7227,0.20451086204510863,0.5865504358655044,0.18320188183201883,1,1
209041225,Whittlesea,20904,Whittlesea - Wallan,209,Melbourne - North East,2GMEL,Greater Melbourne,2,Victoria,VIC,297.9798,37,2000,780,375,2131,0.8,1855,2.8,3224,3503,0.9203539823008849,0.1988213399503722,0.26240694789081886,0.4661910669975186,0.22983870967741934,0.0989454094292804,3503,0.32829003711104765,0.487011133314302,0.1592920353982301,1,1
209041431,Epping - East,20904,Whittlesea - Wallan,209,Melbourne - North East,2GMEL,Greater Melbourne,2,Victoria,VIC,7.7691,37,1708,693,360,1832,0.9,1675,2.9,3873,4133,0.9370917009436245,0.19648851019881228,0.2643945262070746,0.4043377226955848,0.17092693002840176,0.06661502711076685,4133,0.2879264456811033,0.4352770384708444,0.24993951125090733,1,1
209041432,Epping - South,20904,Whittlesea - Wallan,209,Melbourne - North East,2GMEL,Greater Melbourne,2,Victoria,VIC,15.8714,38,1500,635,350,1599,0.9,1443,2.7,2645,2853,0.9270942867157378,0.26011342155009454,0.3379962192816635,0.3285444234404537,0.13383742911153118,0.05141776937618148,2853,0.3347353662811076,0.2947774272695408,0.3424465474938661,1,1
209041433,Epping (Vic.) - West,20904,Whittlesea - Wallan,209,Melbourne - North East,2GMEL,Greater Melbourne,2,Victoria,VIC,7.3573,32,1820,783,381,1954,0.9,1848,3.2,3531,3716,0.9502152852529602,0.15123194562446898,0.2118380062305296,0.4573775134522798,0.20475785896346643,0.07873123760974228,3716,0.16576964477933262,0.49757804090419805,0.3051668460710441,1,1
209041435,South Morang - North,20904,Whittlesea - Wallan,209,Melbourne - North East,2GMEL,Greater Melbourne,2,Victoria,VIC,13.7094,35,1950,866,400,2346,0.9,2242,3.2,3662,3862,0.9482133609528741,0.11605679956308028,0.1638448935008192,0.5726379027853632,0.3001092299290005,0.1261605679956308,3862,0.20740548938373898,0.5792335577421025,0.19005696530295182,1,1
209041436,South Morang - South,20904,Whittlesea - Wallan,209,Melbourne - North East,2GMEL,Greater Melbourne,2,Victoria,VIC,7.7445,37,1787,781,380,2147,0.8,1899,2.8,3924,4169,0.9412329095706404,0.18297655453618755,0.2400611620795107,0.47349643221202853,0.22859327217125383,0.0963302752293578,4169,0.2616934516670664,0.4708563204605421,0.21923722715279442,1,1
209041437,Wollert,20904,Whittlesea - Wallan,209,Melbourne - North East,2GMEL,Greater Melbourne,2,Victoria,VIC,53.892,30,2000,843,391,2027,0.9,1979,3.3,6879,7257,0.947912360479537,0.13126907980811164,0.18243930803895916,0.4933856665212967,0.200029073993313,0.07079517371711004,7257,0.11161637040099215,0.6258784621744522,0.23508336778283037,1,1
209041527,Doreen - North,20904,Whittlesea - Wallan,209,Melbourne - North East,2GMEL,Greater Melbourne,2,Victoria,VIC,9.4393,34,2000,898,400,2342,0.8,2173,3.1,4881,5167,0.944648732339849,0.13665232534316737,0.1829543126408523,0.5539848391723008,0.28703134603564845,0.13153042409342347,5167,0.21521192181149604,0.5658989742597251,0.2035997677569189,1,1
209041528,Doreen - South,20904,Whittlesea - Wallan,209,Melbourne - North East,2GMEL,Greater Melbourne,2,Victoria,VIC,5.0223,32,2000,967,386,2261,0.8,2120,2.9,3313,3487,0.9501003728133066,0.12677331723513433,0.16993661334138244,0.5415031693329309,0.23513431934802295,0.08632659221249622,3487,0.1385144823630628,0.618009750501864,0.23057069113851447,1,1
209041529,Lalor - East,20904,Whittlesea - Wallan,209,Melbourne - North East,2GMEL,Greater Melbourne,2,Victoria,VIC,3.3232,38,1663,521,350,1391,0.9,1224,2.6,3389,3598,0.9419121734296831,0.3307760401298318,0.4172322218943641,0.2835644732959575,0.10740631454706404,0.03865447034523458,3598,0.3952195664257921,0.24263479710950528,0.3282379099499722,1,1
209041530,Lalor - West,20904,Whittlesea - Wallan,209,Melbourne - North East,2GMEL,Greater Melbourne,2,Victoria,VIC,8.7363,37,1876,558,366,1593,0.9,1450,2.9,4114,4370,0.9414187643020595,0.2634905201750122,0.3446767136606709,0.3602333495381624,0.1497326203208556,0.060281964025279536,4370,0.38672768878718533,0.3528604118993135,0.22906178489702517,1,1
209041531,Mernda - North,20904,Whittlesea - Wallan,209,Melbourne - North East,2GMEL,Greater Melbourne,2,Victoria,VIC,15.1961,34,1900,855,378,2103,0.8,1897,2.9,3654,3854,0.9481058640373637,0.17980295566502463,0.23563218390804597,0.4696223316912972,0.21893814997263272,0.09140667761357417,3854,0.1593149974052932,0.5189413596263622,0.2758173326414115,1,1
209041532,Mernda - South,20904,Whittlesea - Wallan,209,Melbourne - North East,2GMEL,Greater Melbourne,2,Victoria,VIC,8.6268,32,1950,902,390,2173,0.8,2109,3.2,3446,3677,0.9371770465053032,0.11027278003482298,0.1575739988392339,0.5388856645385954,0.23766686012768426,0.0954730121880441,3677,0.12564590698939354,0.5849877617623063,0.2697851509382649,1,1
210011226,Airport West,21001,Keilor,210,Melbourne - North West,2GMEL,Greater Melbourne,2,Victoria,VIC,3.7194,39,2085,883,401,2292,0.8,1761,2.3,3273,3438,0.9520069808027923,0.23892453406660555,0.2933088909257562,0.44149098686220595,0.2487014970974641,0.1206843874121601,3438,0.3798720186154741,0.3179173938336242,0.27981384525887143,1,1
210011227,Essendon Airport,21001,Keilor,210,Melbourne - North West,2GMEL,Greater Melbourne,2,Victoria,VIC,3.3549,45,0,1125,0,0,0.0,0,0.0,0,0,,,,,,,0,,,,0,0
210011228,Keilor,21001,Keilor,210,Melbourne - North West,2GMEL,Greater Melbourne,2,Victoria,VIC,17.512,45,2019,760,396,2232,0.8,1820,2.6,2943,3147,0.9351763584366063,0.23615358477743797,0.29527692830445124,0.4624532789670404,0.28134556574923547,0.1529051987767584,3147,0.48236415633937085,0.3447727994915793,0.11916110581506197,1,1
210011230,Niddrie - Essendon West,21001,Keilor,210,Melbourne - North West,2GMEL,Greater Melbourne,2,Victoria,VIC,2.8027,40,2400,982,435,2758,0.8,2239,2.6,2619,2775,0.9437837837837838,0.19434898816342117,0.2367315769377625,0.5525009545628102,0.3516609392898053,0.21458571974035892,2775,0.3700900900900901,0.369009009009009,0.23783783783783785,1,1
210011231,Strathmore,21001,Keilor,210,Melbourne - North West,2GMEL,Greater Melbourne,2,Victoria,VIC,4.1444,41,2500,994,450,2956,0.8,2440,2.8,3274,3454,0.9478865083960626,0.14905314599877825,0.19914477703115455,0.5846059865607819,0.41172877214416614,0.2675626145387905,3454,0.4195136074116966,0.3920092646207296,0.1673422119281992,1,1
210011533,Avondale Heights,21001,Keilor,210,Melbourne - North West,2GMEL,Greater Melbourne,2,Victoria,VIC,5.4087,45,2167,666,400,2039,0.8,1587,2.6,4234,4491,0.9427744377644177,0.2730278696268304,0.343646669815777,0.42512990080302315,0.24775625885687294,0.1353330184222957,4491,0.4709418837675351,0.28746381652193276,0.19750612335782677,1,1
210011534,Keilor East,21001,Keilor,210,Melbourne - North West,2GMEL,Greater Melbourne,2,Victoria,VIC,5.4828,43,2167,759,408,2257,0.8,1913,2.6,5129,5447,0.9416192399485955,0.23864301033339833,0.29011503217001366,0.48157535581984795,0.28212127120296354,0.150516669916163,5447,0.45988617587662933,0.3247659261979071,0.18689186708279787,1,1
210021232,Gisborne,21002,Macedon Ranges,210,Melbourne - North West,2GMEL,Greater Melbourne,2,Victoria,VIC,211.057,40,2167,944,430,2656,0.8,2311,2.8,4435,4747,0.934274278491679,0.15715896279594138,0.20090191657271703,0.5722660653889515,0.36662908680947015,0.20901916572717025,4747,0.3627554244786181,0.4763008215715189,0.13987781756899095,1,1
210021233,Macedon,21002,Macedon Ranges,210,Melbourne - North West,2GMEL,Greater Melbourne,2,Victoria,VIC,72.9902,46,2492,991,361,2860,0.8,2457,2.7,1119,1211,0.9240297274979355,0.1572832886505809,0.20554066130473636,0.5764075067024129,0.41823056300268097,0.2770330652368186,1211,0.4360033030553262,0.44921552436003304,0.08340214698596202,1,1
210021234,Riddells Creek,21002,Macedon Ranges,210,Melbourne - North West,2GMEL,Greater Melbourne,2,Victoria,VIC,83.3503,42,2000,882,400,2393,0.8,2156,2.8,1437,1526,0.9416775884665793,0.1649269311064718,0.21851078636047322,0.5372303409881698,0.32289491997216424,0.16910229645093947,1526,0.37876802096985585,0.48230668414154654,0.1127129750982962,1,1
210021235,Romsey,21002,Macedon Ranges,210,Melbourne - North West,2GMEL,Greater Melbourne,2,Victoria,VIC,624.7097,41,1928,837,365,2237,0.8,2004,2.7,3467,3740,0.9270053475935829,0.1886357081049899,0.23882319007787714,0.49985578309777906,0.26968560715315837,0.13181424862993943,3740,0.3483957219251337,0.5122994652406417,0.10401069518716577,1,1
210031236,Coburg North,21003,Moreland - North,210,Melbourne - North West,2GMEL,Greater Melbourne,2,Victoria,VIC,4.8779,38,2167,882,401,2380,0.9,1980,2.5,2924,3103,0.9423138897840799,0.21716826265389877,0.2660738714090287,0.4952120383036936,0.2814637482900137,0.14808481532147744,3103,0.2971318079278118,0.3686754753464389,0.308733483725427,1,1
210031237,Fawkner,21003,Moreland - North,210,Melbourne - North West,2GMEL,Greater Melbourne,2,Victoria,VIC,5.0848,35,1880,594,380,1691,0.9,1436,2.8,4299,4604,0.93375325803649,0.29216096766689925,0.36543382181902767,0.36334031170039544,0.17190044196324727,0.07815771109560363,4604,0.36142484795829716,0.2977845351867941,0.3062554300608167,1,1
210031439,Gowanbrae,21003,Moreland - North,210,Melbourne - North West,2GMEL,Greater Melbourne,2,Victoria,VIC,1.5225,40,2000,923,423,2577,0.8,2162,2.7,1057,1122,0.9420677361853832,0.19489120151371808,0.24408703878902555,0.5392620624408704,0.34531693472090824,0.18637653736991486,1122,0.2994652406417112,0.47237076648841353,0.14260249554367202,1,1
210031440,Hadfield,21003,Moreland - North,210,Melbourne - North West,2GMEL,Greater Melbourne,2,Victoria,VIC,3.0502,36,2000,684,376,1864,0.8,1538,2.5,2174,2319,0.9374730487278999,0.28058877644894203,0.34590616375344985,0.3739650413983441,0.18859245630174792,0.08417663293468261,2319,0.3738680465717982,0.32729624838292365,0.2669253988788271,1,1
210031535,Glenroy - East,21003,Moreland - North,210,Melbourne - North West,2GMEL,Greater Melbourne,2,Victoria,VIC,6.2473,34,1885,703,369,1830,0.9,1526,2.6,5007,5377,0.9311883950158081,0.2726183343319353,0.3385260635110845,0.3854603555022968,0.1799480726982225,0.07789095266626722,5377,0.2836153989213316,0.3156034963734424,0.3676771433885066,1,1
210031536,Glenroy - West,21003,Moreland - North,210,Melbourne - North West,2GMEL,Greater Melbourne,2,Victoria,VIC,2.6109,33,1980,850,369,2102,0.9,1869,2.6,2979,3180,0.9367924528301886,0.20610943269553542,0.2531050688150386,0.4655924806982209,0.25142665323934205,0.11010406176569319,3180,0.24968553459119497,0.3380503144654088,0.39025157232704405,1,1
210031537,Oak Park,21003,Moreland - North,210,Melbourne - North West,2GMEL,Greater Melbourne,2,Victoria,VIC,2.3533,36,2167,1011,401,2623,0.9,2204,2.5,2884,3024,0.9537037037037037,0.1612343966712899,0.210124826629681,0.5540915395284327,0.33460471567267686,0.17267683772538142,3024,0.2863756613756614,0.3687169312169312,0.32572751322751325,1,1
210031538,Pascoe Vale,21003,Moreland - North,210,Melbourne - North West,2GMEL,Greater Melbourne,2,Victoria,VIC,4.631,36,2100,971,400,2470,0.9,2003,2.4,6460,6806,0.9491625036732295,0.20077399380804953,0.24907120743034056,0.5012383900928793,0.2869969040247678,0.14040247678018575,6806,0.29018513076697033,0.34028798119306497,0.34543050249779605,1,1
210041240,Sunbury,21004,Sunbury,210,Melbourne - North West,2GMEL,Greater Melbourne,2,Victoria,VIC,129.5487,39,1789,850,371,2315,0.8,2106,2.8,4387,4658,0.94182052382997,0.15705493503533166,0.21358559379986322,0.5302028721221792,0.28493275586961475,0.14315021654889445,4658,0.33533705452984114,0.5064405324173465,0.1369686560755689,1,1
210041539,Diggers Rest,21004,Sunbury,210,Melbourne - North West,2GMEL,Greater Melbourne,2,Victoria,VIC,51.8922,32,1800,994,396,2241,0.7,2009,2.6,1846,1933,0.9549922400413865,0.14138678223185266,0.18905742145178764,0.5027085590465872,0.2161430119176598,0.07042253521126761,1933,0.17796171753750648,0.5933781686497672,0.20796689084324885,1,1
210041540,Sunbury - South,21004,Sunbury,210,Melbourne - North West,2GMEL,Greater Melbourne,2,Victoria,VIC,41.4496,38,1800,828,351,2169,0.7,1727,2.5,5407,5741,0.9418219822330605,0.2260033290179397,0.2894396153134825,0.43406695024967634,0.20639911226188273,0.09228777510634363,5741,0.3022121581605992,0.4215293502874064,0.25448528130987635,1,1
210041541,Sunbury - West,21004,Sunbury,210,Melbourne - North West,2GMEL,Greater Melbourne,2,Victoria,VIC,37.7941,36,1733,883,376,2231,0.8,1987,2.7,3754,3999,0.9387346836709177,0.16275972296217367,0.21710175812466703,0.4957378795950986,0.2328183271177411,0.0988279168886521,3999,0.2955738934733683,0.48337084271067765,0.2040510127531883,1,1
210051242,Broadmeadows,21005,Tullamarine - Broadmeadows,210,Melbourne - North West,2GMEL,Greater Melbourne,2,Victoria,VIC,8.8268,33,1419,492,331,1280,1.0,1172,2.8,4064,4357,0.9327518935047051,0.3346456692913386,0.43085629921259844,0.25393700787401574,0.09768700787401575,0.04084645669291338,4357,0.22607298599954098,0.25430341978425525,0.48060592150562315,1,1
210051243,Campbellfield - Coolaroo,21005,Tullamarine - Broadmeadows,210,Melbourne - North West,2GMEL,Greater Melbourne,2,Victoria,VIC,18.1867,34,1500,437,330,1245,1.0,1104,3.0,4518,4892,0.9235486508585445,0.35436033643204956,0.4586100044267375,0.22155821159805222,0.0796812749003984,0.03275785745905268,4892,0.3430089942763696,0.31295993458708093,0.29517579721995096,1,1
210051245,Gladstone Park - Westmeadows,21005,Tullamarine - Broadmeadows,210,Melbourne - North West,2GMEL,Greater Melbourne,2,Victoria,VIC,13.936,41,1900,678,371,1936,0.8,1600,2.6,6127,6512,0.9408783783783784,0.2521625591643545,0.32626081279582175,0.40574506283662476,0.20205647135629182,0.08846091072302921,6512,0.3915847665847666,0.38175675675675674,0.20147420147420148,1,1
210051246,Greenvale - Bulla,21005,Tullamarine - Broadmeadows,210,Melbourne - North West,2GMEL,Greater Melbourne,2,Victoria,VIC,95.906,35,2167,793,430,2315,0.8,2250,3.2,6172,6610,0.9337367624810893,0.13415424497731693,0.17935839274141283,0.5717757615035645,0.31999351911860013,0.16007777057679845,6610,0.3225416036308623,0.5325264750378215,0.12148260211800302,1,1
210051247,Meadow Heights,21005,Tullamarine - Broadmeadows,210,Melbourne - North West,2GMEL,Greater Melbourne,2,Victoria,VIC,4.6252,34,1460,442,346,1342,1.0,1274,3.3,3925,4256,0.9222274436090225,0.29630573248407643,0.3921019108280255,0.2728662420382166,0.10598726114649681,0.03592356687898089,4256,0.2669172932330827,0.3855733082706767,0.30545112781954886,1,1
210051248,Melbourne Airport,21005,Tullamarine - Broadmeadows,210,Melbourne - North West,2GMEL,Greater Melbourne,2,Victoria,VIC,30.3848,38,985,866,250,3499,0.7,1437,2.8,6,23,0.2608695652173913,0.5,0.5,0.5,0.5,0.5,23,0.4782608695652174,0.391304347826087,0.0,0,0
210051250,Tullamarine,21005,Tullamarine - Broadmeadows,210,Melbourne - North West,2GMEL,Greater Melbourne,2,Victoria,VIC,3.8595,40,1733,725,351,1794,0.8,1404,2.3,2600,2745,0.9471766848816029,0.27692307692307694,0.3607692307692308,0.3273076923076923,0.13692307692307693,0.04923076923076923,2745,0.31985428051001824,0.3100182149362477,0.33588342440801455,1,1
210051441,Craigieburn - Central,21005,Tullamarine - Broadmeadows,210,Melbourne - North West,2GMEL,Greater Melbourne,2,Victoria,VIC,3.9685,34,1517,654,350,1664,0.9,1523,3.0,2428,2595,0.935645472061657,0.23023064250411862,0.3039538714991763,0.35667215815486,0.14868204283360792,0.05354200988467875,2595,0.2786127167630058,0.4208092485549133,0.27090558766859346,1,1
210051442,Craigieburn - North,21005,Tullamarine - Broadmeadows,210,Melbourne - North West,2GMEL,Greater Melbourne,2,Victoria,VIC,13.3514,32,1842,742,371,2027,1.0,1958,3.4,3300,3518,0.9380329732802729,0.14909090909090908,0.2087878787878788,0.4921212121212121,0.2312121212121212,0.10333333333333333,3518,0.14667424673109722,0.5619670267197271,0.2717453098351336,1,1
210051443,Craigieburn - South,21005,Tullamarine - Broadmeadows,210,Melbourne - North West,2GMEL,Greater Melbourne,2,Victoria,VIC,11.9142,32,1900,676,375,1885,0.9,1835,3.3,5773,6189,0.9327839715624495,0.1694093192447601,0.23090247704832842,0.4522778451411744,0.2037069114844968,0.08279923783128357,6189,0.1727258038455324,0.5459686540636614,0.25723057036677976,1,1
210051445,Mickleham - Yuroke,21005,Tullamarine - Broadmeadows,210,Melbourne - North West,2GMEL,Greater Melbourne,2,Victoria,VIC,70.8359,30,2000,874,400,1984,0.8,1982,3.3,6415,6767,0.9479828579872913,0.10210444271239283,0.1543257989088075,0.4936866718628215,0.19251753702260327,0.07731878409976617,6767,0.08053790453672233,0.6769617260233486,0.2218117334121472,1,1
210051542,Craigieburn - North West,21005,Tullamarine - Broadmeadows,210,Melbourne - North West,2GMEL,Greater Melbourne,2,Victoria,VIC,1.9198,30,1907,769,396,1845,1.0,1876,3.4,2639,2791,0.9455392332497313,0.12163698370594922,0.18340280409245927,0.4596438044713907,0.18037135278514588,0.06252368321333839,2791,0.06162665711214618,0.6098172697957721,0.30490863489788606,1,1
210051543,Craigieburn - West,21005,Tullamarine - Broadmeadows,210,Melbourne - North West,2GMEL,Greater Melbourne,2,Victoria,VIC,4.089,31,1900,689,381,1798,1.0,1752,3.3,3579,3792,0.9438291139240507,0.17490919251187484,0.24504051411008662,0.42497904442581724,0.17379156188879574,0.0656607991058955,3792,0.09889240506329114,0.517668776371308,0.33175105485232065,1,1
210051544,Roxburgh Park (South) - Somerton,21005,Tullamarine - Broadmeadows,210,Melbourne - North West,2GMEL,Greater Melbourne,2,Victoria,VIC,8.8762,34,1647,517,375,1705,1.0,1642,3.4,2451,2673,0.9169472502805837,0.21011831905344758,0.28845369237046103,0.40962872297021624,0.19257445940432477,0.08078335373317014,2673,0.25102880658436216,0.49120838009726897,0.22745978301533856,1,1
210051545,Roxburgh Park - North,21005,Tullamarine - Broadmeadows,210,Melbourne - North West,2GMEL,Greater Melbourne,2,Victoria,VIC,3.4138,30,1750,446,395,1590,1.0,1619,3.8,3343,3643,0.9176502882239912,0.20400837571043973,0.2710140592282381,0.3769069697876159,0.16332635357463357,0.06580915345498056,3643,0.16909140818007137,0.5676640131759538,0.221795223716717,1,1
211011251,Bayswater,21101,Knox,211,Melbourne - Outer East,2GMEL,Greater Melbourne,2,Victoria,VIC,8.0437,38,1827,786,376,1975,0.8,1610,2.4,4701,4985,0.9430290872617854,0.2280365879600085,0.2935545628589662,0.3990640289300149,0.17166560306317805,0.06339076792171879,4985,0.27462387161484453,0.358876629889669,0.33380140421263793,1,1
211011254,Knoxfield - Scoresby,21101,Knox,211,Melbourne - Outer East,2GMEL,Greater Melbourne,2,Victoria,VIC,15.2651,39,2117,791,425,2178,0.8,1953,2.8,5537,5829,0.949905644192829,0.18674372403828787,0.2443561495394618,0.48835109264944915,0.26494491601950515,0.12569983745710675,5829,0.3262995367987648,0.4132784354091611,0.22919883341911135,1,1
211011255,Lysterfield,21101,Knox,211,Melbourne - Outer East,2GMEL,Greater Melbourne,2,Victoria,VIC,18.494,41,2200,944,435,2886,0.8,2756,3.1,1925,2036,0.9454813359528488,0.10909090909090909,0.1412987012987013,0.6597402597402597,0.4592207792207792,0.2805194805194805,2036,0.37721021611001965,0.5299607072691552,0.07416502946954813,1,1
211011256,Rowville - Central,21101,Knox,211,Melbourne - Outer East,2GMEL,Greater Melbourne,2,Victoria,VIC,8.2003,41,2000,832,425,2305,0.8,2083,2.8,5105,5399,0.9455454713835896,0.16611165523996083,0.2207639569049951,0.5222331047992165,0.28932419196865816,0.13849167482859942,5399,0.3687719948138544,0.41785515836265974,0.18836821633635858,1,1
211011257,Rowville - North,21101,Knox,211,Melbourne - Outer East,2GMEL,Greater Melbourne,2,Victoria,VIC,4.1688,41,2156,852,450,2515,0.8,2285,3.0,2486,2623,0.9477697293175753,0.1592920353982301,0.20514883346741755,0.5655671761866452,0.3491552695092518,0.19710378117457764,2623,0.31871902401829966,0.48989706443004194,0.12619138391155166,1,1
211011258,Rowville - South,21101,Knox,211,Melbourne - Outer East,2GMEL,Greater Melbourne,2,Victoria,VIC,9.3532,42,2062,843,471,2509,0.8,2363,3.0,3186,3411,0.9340369393139841,0.15379786566227244,0.19522912743251727,0.5869428750784683,0.3581293157564344,0.1911487758945386,3411,0.3778950454412196,0.4737613603048959,0.11228378774552918,1,1
211011259,Wantirna,21101,Knox,211,Melbourne - Outer East,2GMEL,Greater Melbourne,2,Victoria,VIC,8.3064,41,2167,762,427,2106,0.8,1883,2.8,4679,4937,0.9477415434474377,0.20175251122034624,0.2553964522333832,0.4701859371660611,0.26330412481299426,0.1275913656764266,4937,0.3866720680575248,0.37249341705489164,0.19728580109378166,1,1
211011260,Wantirna South,21101,Knox,211,Melbourne - Outer East,2GMEL,Greater Melbourne,2,Victoria,VIC,13.3559,44,2100,723,426,2151,0.8,1821,2.7,6007,6381,0.9413884971007679,0.231729648743133,0.28949558848010654,0.45963043116364244,0.26302646911936073,0.14865989678708175,6381,0.39288512772292744,0.32863187588152326,0.20623726688606803,1,1
211011446,Boronia,21101,Knox,211,Melbourne - Outer East,2GMEL,Greater Melbourne,2,Victoria,VIC,11.2631,39,1869,796,376,1997,0.8,1609,2.4,8776,9271,0.946607701434581,0.2301731996353692,0.30184594348222427,0.3925478577939836,0.1746809480401094,0.06757064721969007,9271,0.2992125984251969,0.39607377844892677,0.282385934634883,1,1
211011447,Ferntree Gully - North,21101,Knox,211,Melbourne - Outer East,2GMEL,Greater Melbourne,2,Victoria,VIC,6.9851,41,1889,775,370,2071,0.8,1606,2.4,5236,5550,0.9434234234234234,0.24541634835752482,0.31340718105423987,0.4062261268143621,0.19155844155844157,0.08040488922841864,5550,0.3365765765765766,0.39855855855855854,0.23225225225225224,1,1
211011448,Ferntree Gully (South) - Upper Ferntree Gully,21101,Knox,211,Melbourne - Outer East,2GMEL,Greater Melbourne,2,Victoria,VIC,9.1499,39,1950,806,405,2229,0.8,1960,2.7,5192,5497,0.9445151901036929,0.18528505392912173,0.24691833590138676,0.49075500770416025,0.25,0.10535439137134052,5497,0.3467345824995452,0.4571584500636711,0.17973440058213572,1,1
211011449,The Basin,21101,Knox,211,Melbourne - Outer East,2GMEL,Greater Melbourne,2,Victoria,VIC,5.7163,39,1950,840,366,2291,0.8,2049,2.7,1425,1512,0.9424603174603174,0.16631578947368422,0.22526315789473683,0.5207017543859649,0.26105263157894737,0.12,1512,0.3644179894179894,0.5271164021164021,0.09656084656084656,1,1
211021261,Donvale - Park Orchards,21102,Manningham - East,211,Melbourne - Outer East,2GMEL,Greater Melbourne,2,Victoria,VIC,20.8028,45,2582,826,451,2717,0.8,2284,2.9,5075,5441,0.9327329535011947,0.18384236453201971,0.2303448275862069,0.5560591133004926,0.3905418719211823,0.2738916256157635,5441,0.44918213563683146,0.38779636096305825,0.12663113398272377,1,1
211021262,Warrandyte - Wonga Park,21102,Manningham - East,211,Melbourne - Outer East,2GMEL,Greater Melbourne,2,Victoria,VIC,45.7591,46,2300,930,481,3051,0.8,2779,3.0,2964,3201,0.9259606373008434,0.12854251012145748,0.16025641025641027,0.6494601889338731,0.4649122807017544,0.3259109311740891,3201,0.4486098094345517,0.46360512339893784,0.06622930334270541,1,1
211031263,Bayswater North,21103,Maroondah,211,Melbourne - Outer East,2GMEL,Greater Melbourne,2,Victoria,VIC,9.909,39,1849,838,361,2187,0.8,1800,2.6,4073,4331,0.9404294620180097,0.19715197643014976,0.2580407561993617,0.45052786643751536,0.22023078811686717,0.09501595875276209,4331,0.30731932579081045,0.4680212422073424,0.20387901177557147,1,1
211031265,Croydon Hills - Warranwood,21103,Maroondah,211,Melbourne - Outer East,2GMEL,Greater Melbourne,2,Victoria,VIC,9.492,41,2167,913,431,2674,0.8,2377,2.9,5740,6114,0.9388289172391233,0.14529616724738675,0.19076655052264807,0.5858885017421602,0.37473867595818816,0.21097560975609755,6114,0.37095191364082436,0.4842983316977429,0.13313706247955512,1,1
211031266,Ringwood,21103,Maroondah,211,Melbourne - Outer East,2GMEL,Greater Melbourne,2,Victoria,VIC,9.9105,38,2000,822,381,2157,0.9,1660,2.4,7031,7434,0.9457896152811407,0.23268382875835586,0.29625942255724647,0.41914379177926325,0.21931446451429384,0.10226141373915516,7434,0.26472962066182404,0.31894000538068334,0.3875437180521926,1,1
211031267,Ringwood East,21103,Maroondah,211,Melbourne - Outer East,2GMEL,Greater Melbourne,2,Victoria,VIC,9.3929,39,2100,879,385,2404,0.8,1945,2.6,7465,7828,0.9536280020439448,0.19531145344943068,0.25277963831212324,0.48801071667782986,0.28921634293369053,0.150569323509712,7828,0.34376596831885536,0.3910321921308125,0.248978027593255,1,1
211031268,Ringwood North,21103,Maroondah,211,Melbourne - Outer East,2GMEL,Greater Melbourne,2,Victoria,VIC,4.7307,43,2200,880,436,2639,0.8,2330,2.8,3136,3330,0.9417417417417417,0.1603954081632653,0.21332908163265307,0.5669642857142857,0.3753188775510204,0.21301020408163265,3330,0.42492492492492495,0.4369369369369369,0.12102102102102102,1,1
211031450,Croydon - East,21103,Maroondah,211,Melbourne - Outer East,2GMEL,Greater Melbourne,2,Victoria,VIC,8.0982,38,1885,827,371,2037,0.8,1566,2.3,6256,6597,0.948309837805063,0.24312659846547316,0.3182544757033248,0.3836317135549872,0.17087595907928388,0.07624680306905371,6597,0.2889192056995604,0.387752008488707,0.2995300894345915,1,1
211031451,Croydon - West,21103,Maroondah,211,Melbourne - Outer East,2GMEL,Greater Melbourne,2,Victoria,VIC,6.7979,41,2078,805,399,2221,0.8,1695,2.5,5085,5418,0.9385382059800664,0.2470009832841691,0.31229105211406094,0.4414945919370698,0.24188790560471976,0.127826941986234,5418,0.3554817275747508,0.37799926172019194,0.2144702842377261,1,1
211031452,Croydon South,21103,Maroondah,211,Melbourne - Outer East,2GMEL,Greater Melbourne,2,Victoria,VIC,2.856,38,2000,844,410,2228,0.8,1888,2.6,1724,1811,0.9519602429596907,0.19779582366589327,0.2697215777262181,0.47447795823665895,0.2354988399071926,0.1142691415313225,1811,0.33296521258972944,0.4632799558255108,0.19050248481501933,1,1
211041269,Forest Hill,21104,Whitehorse - East,211,Melbourne - Outer East,2GMEL,Greater Melbourne,2,Victoria,VIC,4.0702,42,2123,706,396,2120,0.8,1658,2.5,3852,4083,0.9434239529757531,0.26349948078920044,0.3294392523364486,0.4234164070612669,0.24299065420560748,0.1308411214953271,4083,0.3808474161156013,0.3272103845211854,0.25691893215772715,1,1
211041270,Mitcham (Vic.),21104,Whitehorse - East,211,Melbourne - Outer East,2GMEL,Greater Melbourne,2,Victoria,VIC,6.6271,39,2167,911,406,2487,0.8,2030,2.5,6197,6468,0.9581014223871367,0.1881555591415201,0.24382765854445698,0.5065354203646926,0.3120864934645796,0.16846861384540907,6468,0.3495670995670996,0.3586889301175015,0.27427334570191714,1,1
211041271,Nunawading,21104,Whitehorse - East,211,Melbourne - Outer East,2GMEL,Greater Melbourne,2,Victoria,VIC,5.0785,39,2167,839,391,2393,0.9,1938,2.6,4331,4579,0.9458397029919197,0.21634726391133688,0.27430154698683906,0.48741630108519973,0.28838605402909256,0.16347263911336873,4579,0.318628521511247,0.3468006114872243,0.2865254422362961,1,1
211041272,Vermont,21104,Whitehorse - East,211,Melbourne - Outer East,2GMEL,Greater Melbourne,2,Victoria,VIC,4.6098,40,2383,797,426,2354,0.8,2042,2.8,3582,3800,0.9426315789473684,0.19262981574539365,0.25432719151312116,0.5094919039642658,0.30067001675041877,0.16694584031267448,3800,0.39421052631578946,0.4,0.18578947368421053,1,1
211041273,Vermont South,21104,Whitehorse - East,211,Melbourne - Outer East,2GMEL,Greater Melbourne,2,Victoria,VIC,6.184,46,2383,715,496,2179,0.7,1944,2.8,3854,4085,0.9434516523867809,0.2104307213284899,0.2682926829268293,0.48858329008822005,0.3038401660612351,0.17592112091333678,4085,0.4824969400244798,0.32802937576499386,0.1383108935128519,1,1
211051274,Belgrave - Selby,21105,Yarra Ranges,211,Melbourne - Outer East,2GMEL,Greater Melbourne,2,Victoria,VIC,55.652,40,1950,907,400,2478,0.8,2253,2.8,3215,3418,0.9406085430076068,0.15738724727838257,0.2015552099533437,0.5639191290824261,0.3300155520995334,0.16889580093312598,3418,0.3504973668812171,0.5564657694558222,0.07401989467524868,1,1
211051275,Chirnside Park,21105,Yarra Ranges,211,Melbourne - Outer East,2GMEL,Greater Melbourne,2,Victoria,VIC,22.2024,38,2167,852,443,2316,0.8,2084,2.8,3808,4071,0.9353967084254483,0.18356092436974789,0.2345063025210084,0.5220588235294118,0.2851890756302521,0.13445378151260504,4071,0.36502087939081307,0.4694178334561533,0.14861213461066078,1,1
211051276,Healesville - Yarra Glen,21105,Yarra Ranges,211,Melbourne - Outer East,2GMEL,Greater Melbourne,2,Victoria,VIC,369.5236,45,1733,737,350,1971,0.8,1594,2.5,4867,5217,0.9329116350392946,0.24121635504417505,0.30922539552085476,0.40024655845490037,0.19128826792685433,0.09204848982946373,5217,0.4040636381061913,0.42802376844930035,0.14184397163120568,1,1
211051277,Kilsyth,21105,Yarra Ranges,211,Melbourne - Outer East,2GMEL,Greater Melbourne,2,Victoria,VIC,8.2426,38,1970,796,396,2050,0.8,1654,2.5,3660,3865,0.9469598965071151,0.24699453551912567,0.32404371584699454,0.412568306010929,0.18360655737704917,0.06912568306010929,3865,0.32496765847347997,0.4315653298835705,0.19715394566623545,1,1
211051278,Lilydale - Coldstream,21105,Yarra Ranges,211,Melbourne - Outer East,2GMEL,Greater Melbourne,2,Victoria,VIC,109.3817,40,1950,803,369,2189,0.8,1784,2.6,6832,7308,0.9348659003831418,0.2148711943793911,0.27898126463700235,0.45389344262295084,0.2259953161592506,0.09967798594847775,7308,0.33278598795840175,0.4493705528188287,0.1834975369458128,1,1
211051279,Monbulk - Silvan,21105,Yarra Ranges,211,Melbourne - Outer East,2GMEL,Greater Melbourne,2,Victoria,VIC,68.5553,43,2000,776,360,2179,0.8,1872,2.8,1893,2005,0.9441396508728179,0.19756999471737982,0.26096143687268886,0.46909667194928684,0.2551505546751189,0.1288959323824617,2005,0.4019950124688279,0.44089775561097255,0.12319201995012469,1,1
211051280,Montrose,21105,Yarra Ranges,211,Melbourne - Outer East,2GMEL,Greater Melbourne,2,Victoria,VIC,10.5431,41,2000,858,365,2388,0.8,2094,2.8,2213,2335,0.9477516059957174,0.184365115228197,0.24084952553095346,0.5223678264798916,0.2928151830094894,0.13737008585630367,2335,0.363169164882227,0.515203426124197,0.08436830835117773,1,1
211051281,Mooroolbark,21105,Yarra Ranges,211,Melbourne - Outer East,2GMEL,Greater Melbourne,2,Victoria,VIC,12.5434,37,2000,838,400,2245,0.8,1992,2.8,7587,8080,0.9389851485148515,0.18136285751944115,0.24278370897587978,0.4987478581784632,0.25372347436404374,0.11229735073151444,8080,0.31683168316831684,0.4628712871287129,0.2032178217821782,1,1
211051282,Mount Dandenong - Olinda,21105,Yarra Ranges,211,Melbourne - Outer East,2GMEL,Greater Melbourne,2,Victoria,VIC,81.8993,45,2028,873,400,2432,0.8,2102,2.6,3321,3541,0.9378706580062129,0.1728395061728395,0.23065341764528757,0.5236374585968082,0.31105088828666067,0.1719361638060825,3541,0.3914148545608585,0.5072013555492799,0.08161536289183846,1,1
211051283,Mount Evelyn,21105,Yarra Ranges,211,Melbourne - Outer East,2GMEL,Greater Melbourne,2,Victoria,VIC,16.9894,38,2000,828,365,2263,0.8,2045,2.8,3177,3378,0.9404973357015985,0.17500786905886057,0.23670129052565314,0.5162102612527542,0.2527541706011961,0.10764872521246459,3378,0.31557134399052694,0.5547661338069864,0.09117821195973949,1,1
211051284,Upwey - Tecoma,21105,Yarra Ranges,211,Melbourne - Outer East,2GMEL,Greater Melbourne,2,Victoria,VIC,8.8907,41,1950,902,375,2477,0.8,2148,2.7,3325,3527,0.9427275304791608,0.15578947368421053,0.2132330827067669,0.5401503759398496,0.2953383458646617,0.14406015037593986,3527,0.3402324922030054,0.5350155939892259,0.10774028919761837,1,1
211051285,Wandin - Seville,21105,Yarra Ranges,211,Melbourne - Outer East,2GMEL,Greater Melbourne,2,Victoria,VIC,111.7555,39,1950,850,360,2230,0.8,2066,2.9,2458,2663,0.923019151333083,0.16069975589910496,0.20748576078112285,0.5191212367778681,0.2611879576891782,0.13018714401952808,2663,0.34134434847915884,0.5291025159594442,0.09876079609463012,1,1
211051286,Yarra Valley,21105,Yarra Ranges,211,Melbourne - Outer East,2GMEL,Greater Melbourne,2,Victoria,VIC,729.7582,43,1690,681,315,1792,0.8,1439,2.5,5664,6144,0.921875,0.2725988700564972,0.3485169491525424,0.3453389830508475,0.1419491525423729,0.05949858757062147,6144,0.3640950520833333,0.4835611979166667,0.1201171875,1,1
212011289,Emerald - Cockatoo,21201,Cardinia,212,Melbourne - South East,2GMEL,Greater Melbourne,2,Victoria,VIC,371.6241,41,1980,870,370,2402,0.8,2176,2.9,5585,6043,0.9242098295548569,0.1539838854073411,0.19982094897045657,0.5455684870188003,0.30313339301700987,0.1559534467323187,6043,0.3451927850405428,0.5550223398974019,0.07430084395167963,1,1
212011546,Beaconsfield - Officer,21201,Cardinia,212,Melbourne - South East,2GMEL,Greater Melbourne,2,Victoria,VIC,33.2503,33,2000,943,391,2322,0.8,2146,2.9,7449,7875,0.9459047619047619,0.12364075714861056,0.16955296012887636,0.5477245267821184,0.2624513357497651,0.11786817022419116,7875,0.18984126984126984,0.5413333333333333,0.2521904761904762,1,1
212011547,Bunyip - Garfield,21201,Cardinia,212,Melbourne - South East,2GMEL,Greater Melbourne,2,Victoria,VIC,365.9627,40,1950,767,311,2162,0.8,1897,2.8,2916,3198,0.9118198874296435,0.20164609053497942,0.2657750342935528,0.4777091906721536,0.24622770919067216,0.12208504801097393,3198,0.3592870544090056,0.4787367104440275,0.12132582864290181,1,1
212011548,Koo Wee Rup,21201,Cardinia,212,Melbourne - South East,2GMEL,Greater Melbourne,2,Victoria,VIC,414.663,35,1940,814,320,2104,0.8,1823,2.7,3253,3490,0.9320916905444127,0.2170304334460498,0.26959729480479555,0.4503535198278512,0.1743006455579465,0.06271134337534584,3490,0.29541547277936964,0.5117478510028654,0.1489971346704871,1,1
212011549,Pakenham - North East,21201,Cardinia,212,Melbourne - South East,2GMEL,Greater Melbourne,2,Victoria,VIC,18.929,32,1733,808,346,1879,0.8,1651,2.7,5112,5407,0.9454410948770113,0.19698748043818468,0.27210485133020346,0.3841940532081377,0.1328247261345853,0.04381846635367762,5407,0.17902718697984094,0.48881080081375994,0.2973922692805622,1,1
212011550,Pakenham - North West,21201,Cardinia,212,Melbourne - South East,2GMEL,Greater Melbourne,2,Victoria,VIC,24.6776,32,1950,879,366,2054,0.8,1887,2.9,2352,2491,0.944199116820554,0.15178571428571427,0.21045918367346939,0.4638605442176871,0.20450680272108843,0.0782312925170068,2491,0.1585708550782818,0.5190686471296668,0.28663187474909674,1,1
212011551,Pakenham - South East,21201,Cardinia,212,Melbourne - South East,2GMEL,Greater Melbourne,2,Victoria,VIC,30.9414,35,1517,674,335,1509,0.8,1235,2.3,2393,2581,0.9271600154978691,0.3150856665273715,0.4024237358963644,0.2599247806101128,0.08315921437526118,0.03134141245298788,2581,0.2192948469585432,0.29019759783029836,0.39635800077489347,1,1
212011552,Pakenham - South West,21201,Cardinia,212,Melbourne - South East,2GMEL,Greater Melbourne,2,Victoria,VIC,22.2782,33,1800,788,369,1959,0.8,1803,3.0,8041,8582,0.9369610813330226,0.1787091157816192,0.24598930481283424,0.4376321353065539,0.17995274219624424,0.07038925506777764,8582,0.1886506641808436,0.4955721277091587,0.28256816592868794,1,1
212021293,Berwick - North,21202,Casey - North,212,Melbourne - South East,2GMEL,Greater Melbourne,2,Victoria,VIC,19.748,43,2000,820,380,2311,0.7,1885,2.6,7849,8396,0.9348499285373988,0.21047267167792075,0.272263982672952,0.47725824945852974,0.27353803032233404,0.15301312269078862,8396,0.3805383515959981,0.3851834206765126,0.1825869461648404,1,1
212021295,Doveton,21202,Casey - North,212,Melbourne - South East,2GMEL,Greater Melbourne,2,Victoria,VIC,5.1935,34,1500,584,320,1391,0.9,1262,2.7,3723,4045,0.9203955500618047,0.3051302712865968,0.39833467633628794,0.2710179962395917,0.10018802041364491,0.0427074939564867,4045,0.22521631644004944,0.311495673671199,0.41508034610630407,1,1
212021297,Hallam,21202,Casey - North,212,Melbourne - South East,2GMEL,Greater Melbourne,2,Victoria,VIC,8.0565,36,1700,607,361,1633,0.9,1496,3.0,3307,3541,0.9339169726066083,0.23616570910190504,0.31448442697308737,0.3565164801935289,0.13516782582400969,0.05231327487148473,3541,0.28551256707144873,0.41824343405817566,0.2592487997740751,1,1
212021299,Narre Warren North,21202,Casey - North,212,Melbourne - South East,2GMEL,Greater Melbourne,2,Victoria,VIC,34.4086,43,2372,818,400,2640,0.8,2659,3.3,2108,2308,0.9133448873483535,0.13045540796963948,0.16840607210626185,0.6413662239089184,0.43026565464895633,0.269449715370019,2308,0.43197573656845756,0.49913344887348354,0.04072790294627383,1,1
212021453,Endeavour Hills - North,21202,Casey - North,212,Melbourne - South East,2GMEL,Greater Melbourne,2,Victoria,VIC,14.4746,39,1836,695,369,1992,0.8,1823,2.9,3623,3890,0.9313624678663239,0.19707424786088876,0.25696936240684515,0.45928788296991446,0.2205354678443279,0.09770908087220535,3890,0.3588688946015424,0.4334190231362468,0.18483290488431878,1,1
212021454,Endeavour Hills - South,21202,Casey - North,212,Melbourne - South East,2GMEL,Greater Melbourne,2,Victoria,VIC,5.5873,39,1918,676,383,1893,0.8,1733,2.9,4139,4401,0.9404680754374006,0.215027784489007,0.27373761778207295,0.4317467987436579,0.21357815897559798,0.0939840541193525,4401,0.3840036355373779,0.41513292433537835,0.17655078391274712,1,1
212021455,Narre Warren - North East,21202,Casey - North,212,Melbourne - South East,2GMEL,Greater Melbourne,2,Victoria,VIC,4.874,36,1733,766,370,2083,0.8,1920,3.0,4056,4358,0.9307021569527306,0.17011834319526628,0.22633136094674555,0.4770710059171598,0.22411242603550297,0.09516765285996055,4358,0.2792565396971088,0.48416704910509406,0.2104176227627352,1,1
212021456,Narre Warren - South West,21202,Casey - North,212,Melbourne - South East,2GMEL,Greater Melbourne,2,Victoria,VIC,9.3054,35,1738,715,360,1809,0.8,1615,2.8,4690,4995,0.938938938938939,0.21492537313432836,0.28294243070362474,0.3814498933901919,0.14733475479744138,0.05458422174840085,4995,0.23563563563563564,0.4016016016016016,0.33933933933933935,1,1
212021553,Berwick - South East,21202,Casey - North,212,Melbourne - South East,2GMEL,Greater Melbourne,2,Victoria,VIC,9.8836,35,2100,883,430,2456,0.8,2361,3.3,4958,5268,0.9411541381928625,0.1127470754336426,0.15207745058491326,0.6066962484872933,0.34973779749899153,0.17103670835014118,5268,0.20804859529233105,0.5626423690205011,0.21678056188306757,1,1
212021554,Berwick - South West,21202,Casey - North,212,Melbourne - South East,2GMEL,Greater Melbourne,2,Victoria,VIC,4.9713,34,2000,880,400,2268,0.9,2175,3.1,3308,3488,0.948394495412844,0.11124546553808948,0.15779927448609432,0.5568319226118501,0.27237001209189843,0.11396614268440144,3488,0.15940366972477063,0.510894495412844,0.31536697247706424,1,1
212031300,Cranbourne,21203,Casey - South,212,Melbourne - South East,2GMEL,Greater Melbourne,2,Victoria,VIC,13.027,35,1627,707,342,1685,0.8,1477,2.7,6666,7204,0.9253192670738478,0.22682268226822683,0.30828082808280827,0.3418841884188419,0.1263126312631263,0.04635463546354635,7204,0.23098278734036645,0.4043586896168795,0.3380066629650194,1,1
212031303,Cranbourne South,21203,Casey - South,212,Melbourne - South East,2GMEL,Greater Melbourne,2,Victoria,VIC,81.662,32,2167,953,408,2314,0.8,2228,3.0,5201,5550,0.9371171171171171,0.1117092866756393,0.1565083637761969,0.575273985771967,0.2711017112093828,0.11440107671601615,5550,0.1972972972972973,0.6138738738738738,0.1553153153153153,1,1
212031304,Cranbourne West,21203,Casey - South,212,Melbourne - South East,2GMEL,Greater Melbourne,2,Victoria,VIC,12.898,32,1842,845,380,1984,0.9,1903,3.1,6264,6636,0.9439421338155516,0.13250319284802042,0.19460408684546615,0.4674329501915709,0.17911877394636017,0.06194125159642401,6636,0.12070524412296564,0.6318565400843882,0.21443640747438217,1,1
212031306,Lynbrook - Lyndhurst,21203,Casey - South,212,Melbourne - South East,2GMEL,Greater Melbourne,2,Victoria,VIC,7.3583,33,2080,864,416,2286,0.9,2330,3.5,4632,4933,0.9389823636732212,0.08786701208981001,0.12629533678756477,0.6068652849740933,0.3065630397236615,0.13320379965457685,4933,0.14656395702412325,0.6310561524427326,0.2021082505574701,1,1
212031308,Pearcedale - Tooradin,21203,Casey - South,212,Melbourne - South East,2GMEL,Greater Melbourne,2,Victoria,VIC,98.5112,40,1901,793,370,2126,0.8,1895,2.8,2479,2693,0.9205347196435202,0.18797902379991932,0.2569584509883017,0.47317466720451795,0.23557886244453408,0.10205728116175877,2693,0.3405124396583736,0.5239509840326773,0.10954326030449313,1,1
212031457,Narre Warren South - East,21203,Casey - South,212,Melbourne - South East,2GMEL,Greater Melbourne,2,Victoria,VIC,6.2204,36,2000,767,430,2350,0.9,2352,3.4,3466,3717,0.9324724239978477,0.11309867282169649,0.16041546451240624,0.5940565493364108,0.33698788228505483,0.16445470282746683,3717,0.29782082324455206,0.5716976055959107,0.11218724778046812,1,1
212031458,Narre Warren South - West,21203,Casey - South,212,Melbourne - South East,2GMEL,Greater Melbourne,2,Victoria,VIC,6.7771,33,1820,722,392,2043,0.9,2011,3.4,4417,4726,0.9346170122725349,0.13719719266470454,0.19107991849671724,0.5035091691193118,0.22639800769753227,0.09418157120217342,4726,0.2041895895048667,0.571519255184088,0.20292001692763437,1,1
212031555,Clyde North - North,21203,Casey - South,212,Melbourne - South East,2GMEL,Greater Melbourne,2,Victoria,VIC,6.8833,32,2300,934,421,2357,0.8,2288,3.3,2956,3107,0.9514000643707756,0.11028416779431664,0.14918809201623817,0.5953991880920162,0.29736129905277403,0.12347767253044654,3107,0.13002896684905052,0.6417766334084326,0.20534277438043128,1,1
212031556,Clyde North - South,21203,Casey - South,212,Melbourne - South East,2GMEL,Greater Melbourne,2,Victoria,VIC,19.6543,29,2167,946,410,2191,0.8,2193,3.4,4056,4274,0.9489939167056621,0.0633629191321499,0.10478303747534516,0.5739644970414202,0.23496055226824458,0.08456607495069034,4274,0.05100608329433785,0.7377164248947122,0.19209171736078615,1,1
212031557,Cranbourne East - North,21203,Casey - South,212,Melbourne - South East,2GMEL,Greater Melbourne,2,Victoria,VIC,11.0254,31,2000,792,400,1985,0.9,1931,3.3,6426,6866,0.9359161083600349,0.14970432617491441,0.20743853096794274,0.4793028322440087,0.18689698101462807,0.06722689075630252,6866,0.13486746286047188,0.5568016312263326,0.2535683076026799,1,1
212031558,Cranbourne East - South,21203,Casey - South,212,Melbourne - South East,2GMEL,Greater Melbourne,2,Victoria,VIC,5.3272,30,2000,855,401,2036,0.9,1958,3.1,3540,3771,0.9387430389817024,0.14124293785310735,0.1884180790960452,0.4858757062146893,0.17344632768361581,0.053954802259887004,3771,0.12463537523203394,0.5682842747281888,0.2577565632458234,1,1
212031559,Cranbourne North - East,21203,Casey - South,212,Melbourne - South East,2GMEL,Greater Melbourne,2,Victoria,VIC,5.4545,30,2029,856,401,2183,0.9,2184,3.5,3339,3540,0.9432203389830508,0.09254267744833783,0.13866427073974244,0.5690326445043427,0.26235399820305483,0.10512129380053908,3540,0.09576271186440678,0.6090395480225989,0.2768361581920904,1,1
212031560,Cranbourne North - West,21203,Casey - South,212,Melbourne - South East,2GMEL,Greater Melbourne,2,Victoria,VIC,4.7849,34,1709,727,355,1819,0.9,1686,3.0,3509,3742,0.9377338321753074,0.18067825591336564,0.25705329153605017,0.40381875178113424,0.15958962667426618,0.060131091479053864,3742,0.2175307322287547,0.518439337252806,0.240780331373597,1,1
212031561,Hampton Park - East,21203,Casey - South,212,Melbourne - South East,2GMEL,Greater Melbourne,2,Victoria,VIC,8.2189,32,1600,681,355,1654,0.9,1623,3.2,3494,3755,0.9304926764314247,0.19032627361190613,0.2635947338294219,0.38151116199198626,0.14596451058958215,0.05580995993131082,3755,0.22769640479360853,0.46364846870838883,0.27430093209054596,1,1
212031562,Hampton Park - West,21203,Casey - South,212,Melbourne - South East,2GMEL,Greater Melbourne,2,Victoria,VIC,5.1234,34,1550,655,350,1574,0.9,1462,3.0,3865,4163,0.9284170069661302,0.2201811125485123,0.306856403622251,0.3404915912031048,0.12858990944372575,0.0463130659767141,4163,0.23804948354552005,0.4302185923612779,0.29882296420850346,1,1
212041309,Clarinda - Oakleigh South,21204,Dandenong,212,Melbourne - South East,2GMEL,Greater Melbourne,2,Victoria,VIC,6.3227,44,2010,655,400,1950,0.8,1659,2.7,3806,4047,0.940449715838893,0.2627430373095113,0.32317393589069887,0.4251182343667893,0.22648449816079874,0.11008933263268524,4047,0.4477390659747961,0.314801087225105,0.204843093649617,1,1
212041310,Clayton South,21204,Dandenong,212,Melbourne - South East,2GMEL,Greater Melbourne,2,Victoria,VIC,7.938,34,1997,685,381,1743,0.9,1630,2.7,4501,4783,0.9410411875392013,0.24439013552543878,0.31592979337924904,0.40057764941124197,0.18862475005554322,0.08309264607864919,4783,0.30901108091156176,0.2632239180430692,0.3943131925569726,1,1
212041312,Dandenong North,21204,Dandenong,212,Melbourne - South East,2GMEL,Greater Melbourne,2,Victoria,VIC,9.459,38,1733,604,341,1640,0.9,1436,2.8,6984,7524,0.9282296650717703,0.27119129438717066,0.35123138602520043,0.354524627720504,0.15650057273768614,0.059278350515463915,7524,0.34835194045720363,0.33811802232854865,0.27923976608187134,1,1
212041313,Dingley Village,21204,Dandenong,212,Melbourne - South East,2GMEL,Greater Melbourne,2,Victoria,VIC,7.2437,45,2058,798,450,2335,0.8,1981,2.7,3559,3771,0.9437814903208698,0.21663388592301208,0.2711435796572071,0.4964877774655802,0.29053104804720425,0.14357965720708063,3771,0.4571731636170777,0.411296738265712,0.1052771148236542,1,1
212041316,Noble Park North,21204,Dandenong,212,Melbourne - South East,2GMEL,Greater Melbourne,2,Victoria,VIC,3.7574,40,1759,597,351,1722,0.8,1453,2.7,2444,2618,0.93353705118411,0.2774140752864157,0.3567921440261866,0.3588379705400982,0.13993453355155483,0.04869067103109656,2618,0.3812070282658518,0.3349885408708938,0.2620320855614973,1,1
212041317,Springvale,21204,Dandenong,212,Melbourne - South East,2GMEL,Greater Melbourne,2,Victoria,VIC,11.1052,36,1745,558,356,1470,1.0,1401,2.9,6688,7197,0.92927608725858,0.28708133971291866,0.36483253588516745,0.3374700956937799,0.14832535885167464,0.06414473684210527,7197,0.3166597193274976,0.22940113936362372,0.393775184104488,1,1
212041318,Springvale South,21204,Dandenong,212,Melbourne - South East,2GMEL,Greater Melbourne,2,Victoria,VIC,4.56,38,1600,559,355,1498,1.0,1505,3.2,3533,3801,0.929492238884504,0.25049532974808947,0.32918199830172656,0.3702236060005661,0.1505802434191905,0.06594961788848004,3801,0.3814785582741384,0.31833727966324654,0.26887661141804786,1,1
212041459,Noble Park - East,21204,Dandenong,212,Melbourne - South East,2GMEL,Greater Melbourne,2,Victoria,VIC,3.7671,35,1600,687,331,1610,1.0,1359,2.5,4418,4722,0.9356204997882254,0.2777274784970575,0.3703033046627433,0.3037573562698053,0.11521050248981439,0.04594839293798099,4722,0.2143159678102499,0.29267259635747567,0.45510376958915716,1,1
212041460,Noble Park - West,21204,Dandenong,212,Melbourne - South East,2GMEL,Greater Melbourne,2,Victoria,VIC,4.7946,36,1700,586,346,1501,1.0,1399,2.9,5989,6375,0.9394509803921569,0.2750041743195859,0.35949240273835364,0.32876941058607445,0.1307396894306228,0.05560193688428786,6375,0.30980392156862746,0.2967843137254902,0.3623529411764706,1,1
212041563,Dandenong - North,21204,Dandenong,212,Melbourne - South East,2GMEL,Greater Melbourne,2,Victoria,VIC,8.041,35,1500,592,310,1399,1.0,1208,2.6,6845,7342,0.9323072732225551,0.3259313367421475,0.41723886048210374,0.2620891161431702,0.09919649379108839,0.03900657414170928,7342,0.1954508308362844,0.21928629801144103,0.5435848542631435,1,1
212041564,Dandenong - South,21204,Dandenong,212,Melbourne - South East,2GMEL,Greater Melbourne,2,Victoria,VIC,53.7832,32,1647,588,341,1414,1.1,1288,3.0,2699,2920,0.9243150684931507,0.3082623193775472,0.39310855872545386,0.3119673953316043,0.1467210077806595,0.06595035198221563,2920,0.273972602739726,0.24383561643835616,0.4328767123287671,1,1
212041565,Keysborough - North,21204,Dandenong,212,Melbourne - South East,2GMEL,Greater Melbourne,2,Victoria,VIC,6.6053,40,1733,599,381,1610,0.9,1525,3.0,4531,4839,0.9363504856375284,0.25336570293533434,0.32796292209225336,0.3714411829618186,0.1595674244096226,0.06003089825645553,4839,0.4219880140524902,0.3320934077288696,0.20582765034097955,1,1
212041566,Keysborough - South,21204,Dandenong,212,Melbourne - South East,2GMEL,Greater Melbourne,2,Victoria,VIC,23.6738,34,2478,890,520,2455,0.9,2493,3.4,4100,4328,0.9473197781885397,0.1024390243902439,0.13682926829268294,0.6378048780487805,0.3797560975609756,0.20097560975609757,4328,0.2040203327171904,0.6148336414048059,0.16497227356746766,1,1
212051319,Ashwood - Chadstone,21205,Monash,212,Melbourne - South East,2GMEL,Greater Melbourne,2,Victoria,VIC,6.7088,36,2500,871,415,2449,0.8,2011,2.5,6866,7294,0.9413216342199068,0.21992426449169822,0.27323041071948734,0.5013108068744538,0.3210020390329158,0.1897757063792601,7294,0.2763915547024952,0.3267068823690705,0.37181244858788043,1,1
212051321,Glen Waverley - East,21205,Monash,212,Melbourne - South East,2GMEL,Greater Melbourne,2,Victoria,VIC,9.1645,42,2600,701,500,2180,0.8,1949,2.9,6852,7305,0.9379876796714579,0.22606538237011092,0.2822533566841798,0.4903677758318739,0.3021015761821366,0.1808231173380035,7305,0.4461327857631759,0.2950034223134839,0.22327173169062287,1,1
212051322,Glen Waverley - West,21205,Monash,212,Melbourne - South East,2GMEL,Greater Melbourne,2,Victoria,VIC,7.6758,39,2400,713,462,2136,0.8,1890,2.8,6687,7141,0.9364234701022266,0.22536264393599523,0.2800957080903245,0.4762972932555705,0.2901151487961717,0.16763870195902497,7141,0.374317322503851,0.2712505251365355,0.31914297717406526,1,1
212051323,Mount Waverley - North,21205,Monash,212,Melbourne - South East,2GMEL,Greater Melbourne,2,Victoria,VIC,6.484,40,2600,797,485,2353,0.8,2049,2.8,5336,5683,0.9389407003343304,0.20371064467766117,0.2571214392803598,0.5110569715142429,0.3266491754122939,0.19490254872563717,5683,0.42037656167517157,0.3112792539151856,0.24282949146577512,1,1
212051324,Mount Waverley - South,21205,Monash,212,Melbourne - South East,2GMEL,Greater Melbourne,2,Victoria,VIC,8.7006,40,2600,820,470,2408,0.8,2079,2.7,6402,6797,0.9418861262321613,0.19556388628553578,0.24539206497969385,0.5176507341455795,0.3283348953452046,0.19759450171821305,6797,0.4179785199352656,0.31822863027806386,0.2421656613211711,1,1
212051325,Mulgrave,21205,Monash,212,Melbourne - South East,2GMEL,Greater Melbourne,2,Victoria,VIC,10.7189,40,2167,746,430,2134,0.8,1913,2.8,6418,6856,0.9361143523920653,0.20878778435649736,0.2662823309442194,0.47990028046120287,0.26612651916484886,0.14163290744780305,6856,0.3798133022170362,0.3677071178529755,0.22316219369894982,1,1
212051326,Oakleigh - Huntingdale,21205,Monash,212,Melbourne - South East,2GMEL,Greater Melbourne,2,Victoria,VIC,10.1702,37,2167,841,415,2331,0.9,1956,2.6,8090,8543,0.9469741308673768,0.21063040791100124,0.26093943139678616,0.4894932014833127,0.2872682323856613,0.1564894932014833,8543,0.31218541495961605,0.32927543017675287,0.32986070467049045,1,1
212051327,Wheelers Hill,21205,Monash,212,Melbourne - South East,2GMEL,Greater Melbourne,2,Victoria,VIC,10.4394,48,2500,720,481,2124,0.7,1818,2.7,6841,7274,0.9404729172394831,0.24440871217658236,0.30390293816693464,0.4587048677093992,0.2897237246016664,0.17599766116064902,7274,0.4756667583172945,0.30230959582073136,0.13238933186692328,1,1
212051567,Clayton (North) - Notting Hill,21205,Monash,212,Melbourne - South East,2GMEL,Greater Melbourne,2,Victoria,VIC,5.2293,26,1860,503,380,1630,0.9,1278,2.2,2836,2973,0.9539186007399932,0.3215796897038082,0.39174894217207334,0.30148095909732014,0.1325811001410437,0.057475317348378,2973,0.15169862092162797,0.17658930373360243,0.63807601749075,1,1
212051568,Clayton - Central,21205,Monash,212,Melbourne - South East,2GMEL,Greater Melbourne,2,Victoria,VIC,4.1819,30,2000,709,401,1856,0.9,1711,2.7,3884,4175,0.9302994011976048,0.23146240988671474,0.28810504634397527,0.42636457260556127,0.2188465499485067,0.09732234809474768,4175,0.21772455089820358,0.19041916167664671,0.56,1,1
213011328,Ardeer - Albion,21301,Brimbank,213,Melbourne - West,2GMEL,Greater Melbourne,2,Victoria,VIC,4.5883,36,1700,704,320,1733,0.9,1366,2.3,2736,2912,0.9395604395604396,0.31798245614035087,0.38706140350877194,0.3307748538011696,0.15314327485380116,0.0712719298245614,2912,0.2695741758241758,0.28434065934065933,0.40418956043956045,1,1
213011329,Cairnlea,21301,Brimbank,213,Melbourne - West,2GMEL,Greater Melbourne,2,Victoria,VIC,4.4061,36,1883,658,400,1998,0.9,2062,3.4,2617,2808,0.9319800569800569,0.16354604508979748,0.21513183034008407,0.5150936186473061,0.26862820022927014,0.1264807030951471,2808,0.32763532763532766,0.4918091168091168,0.14957264957264957,1,1
213011331,Delahey,21301,Brimbank,213,Melbourne - West,2GMEL,Greater Melbourne,2,Victoria,VIC,3.5055,39,1517,611,350,1667,0.9,1486,2.8,2521,2701,0.9333580155497964,0.2709242364141214,0.33994446648155496,0.36255454184847286,0.16620388734629116,0.059896866322887744,2701,0.3520918178452425,0.383931877082562,0.22695298037763792,1,1
213011332,Keilor Downs,21301,Brimbank,213,Melbourne - West,2GMEL,Greater Melbourne,2,Victoria,VIC,7.6597,42,1733,604,360,1762,0.8,1553,2.8,4255,4520,0.9413716814159292,0.254524089306698,0.33043478260869563,0.39083431257344303,0.19200940070505287,0.08883666274970622,4520,0.46194690265486726,0.327212389380531,0.18141592920353983,1,1
213011333,Kings Park (Vic.),21301,Brimbank,213,Melbourne - West,2GMEL,Greater Melbourne,2,Victoria,VIC,4.4323,38,1500,482,323,1329,0.9,1246,2.9,4158,4470,0.9302013422818792,0.3181818181818182,0.40644540644540644,0.27873977873977873,0.09812409812409813,0.03270803270803271,4470,0.396420581655481,0.34317673378076063,0.2250559284116331,1,1
213011334,St Albans - North,21301,Brimbank,213,Melbourne - West,2GMEL,Greater Melbourne,2,Victoria,VIC,6.5225,36,1473,495,330,1310,0.9,1183,2.7,6341,6893,0.9199187581604527,0.344898281028229,0.4366819113704463,0.2598959154707459,0.09966882195237345,0.03879514272196814,6893,0.3387494559698245,0.23269984041781516,0.3769041056143914,1,1
213011335,St Albans - South,21301,Brimbank,213,Melbourne - West,2GMEL,Greater Melbourne,2,Victoria,VIC,6.2647,38,1500,485,323,1327,0.9,1232,2.9,5141,5487,0.9369418625842901,0.33962264150943394,0.41801205991052326,0.29021591130130325,0.12410036957790313,0.04823964209297802,5487,0.3552032075815564,0.25952250774558044,0.34281027884089665,1,1
213011336,Sunshine,21301,Brimbank,213,Melbourne - West,2GMEL,Greater Melbourne,2,Victoria,VIC,4.732,35,1842,706,340,1806,0.9,1566,2.6,3142,3365,0.9337295690936107,0.24633991088478677,0.316995544239338,0.3959261616804583,0.20591979630808402,0.09579885423297263,3365,0.27102526002971766,0.28558692421991083,0.40445765230312036,1,1
213011337,Sunshine North,21301,Brimbank,213,Melbourne - West,2GMEL,Greater Melbourne,2,Victoria,VIC,8.0239,37,1733,546,341,1491,0.9,1399,2.9,3599,3862,0.9319005696530295,0.28952486801889415,0.3656571269797166,0.3431508752431231,0.15559877743817727,0.06724090025006946,3862,0.3759709994821336,0.2858622475401347,0.29492490937338167,1,1
213011338,Sunshine West,21301,Brimbank,213,Melbourne - West,2GMEL,Greater Melbourne,2,Victoria,VIC,12.9688,38,1700,565,346,1533,0.9,1416,2.8,5806,6217,0.9338909441852984,0.28418877023768513,0.3642783327592146,0.3391319324836376,0.15483982087495693,0.06768859800206682,6217,0.38893356924561684,0.2937107929869712,0.27810841241756473,1,1
213011339,Sydenham,21301,Brimbank,213,Melbourne - West,2GMEL,Greater Melbourne,2,Victoria,VIC,3.9479,37,1650,721,366,2023,0.8,1820,2.8,3599,3848,0.9352910602910602,0.18532925812725756,0.24729091414281745,0.44984717977215893,0.20866907474298416,0.09335926646290636,3848,0.2822245322245322,0.38825363825363823,0.30717255717255715,1,1
213011340,Taylors Lakes,21301,Brimbank,213,Melbourne - West,2GMEL,Greater Melbourne,2,Victoria,VIC,18.4632,45,1820,759,412,2357,0.8,2167,3.0,5216,5571,0.9362771495243224,0.18807515337423314,0.23638803680981596,0.5375766871165644,0.3309049079754601,0.17925613496932516,5571,0.5024232633279483,0.35882247352360436,0.10034105187578532,1,1
213011569,Deer Park,21301,Brimbank,213,Melbourne - West,2GMEL,Greater Melbourne,2,Victoria,VIC,8.0769,35,1690,621,350,1586,0.9,1459,2.9,5439,5845,0.9305389221556887,0.26365140650854935,0.34179077036219896,0.3478580621437764,0.14396028681742967,0.06067291781577496,5845,0.30556030795551753,0.3609923011120616,0.2937553464499572,1,1
213011570,Derrimut,21301,Brimbank,213,Melbourne - West,2GMEL,Greater Melbourne,2,Victoria,VIC,13.2579,32,1976,851,400,2218,1.0,2271,3.6,2154,2318,0.9292493528904228,0.10863509749303621,0.14763231197771587,0.5817084493964717,0.3115134633240483,0.14113277623026926,2318,0.16134598792062121,0.5979292493528904,0.21742881794650562,1,1
213021341,Altona,21302,Hobsons Bay,213,Melbourne - West,2GMEL,Greater Melbourne,2,Victoria,VIC,17.6826,42,2200,945,390,2475,0.8,1861,2.3,5268,5591,0.9422285816490789,0.23652239939255884,0.296127562642369,0.47361427486712226,0.29460895975702356,0.16856492027334852,5591,0.3720264711142908,0.3029869433017349,0.29726345913074587,1,1
213021342,Altona Meadows,21302,Hobsons Bay,213,Melbourne - West,2GMEL,Greater Melbourne,2,Victoria,VIC,10.5419,41,1700,730,341,1946,0.8,1573,2.5,6724,7120,0.9443820224719102,0.25044616299821537,0.31573468173706126,0.3902439024390244,0.17638310529446757,0.07212968471148126,7120,0.37514044943820224,0.3348314606741573,0.26615168539325845,1,1
213021343,Altona North,21302,Hobsons Bay,213,Melbourne - West,2GMEL,Greater Melbourne,2,Victoria,VIC,16.1844,37,2167,803,400,2186,0.8,1740,2.5,5225,5543,0.942630344578748,0.25760765550239234,0.316555023923445,0.44478468899521534,0.2566507177033493,0.12803827751196173,5543,0.33357387696193397,0.31300739671657946,0.32076492873895,1,1
213021344,Newport,21302,Hobsons Bay,213,Melbourne - West,2GMEL,Greater Melbourne,2,Victoria,VIC,8.8407,38,2500,1240,460,3213,0.9,2555,2.6,6604,6945,0.9508999280057595,0.14900060569351908,0.1873107207752877,0.6179588128407026,0.43655360387643855,0.2790732889158086,6945,0.2740100791936645,0.40575953923686103,0.3025197984161267,1,1
213021345,Seabrook,21302,Hobsons Bay,213,Melbourne - West,2GMEL,Greater Melbourne,2,Victoria,VIC,1.6199,37,1803,823,361,2201,0.9,2042,2.9,1560,1657,0.9414604707302353,0.15512820512820513,0.21217948717948718,0.5160256410256411,0.2878205128205128,0.13397435897435897,1657,0.3500301750150875,0.43633071816535907,0.19674109837054918,1,1
213021346,Williamstown,21302,Hobsons Bay,213,Melbourne - West,2GMEL,Greater Melbourne,2,Victoria,VIC,7.3463,45,2600,1089,450,3235,0.9,2382,2.5,5739,6066,0.9460929772502473,0.1955044432828019,0.23697508276703258,0.5722251263286287,0.41610036591740723,0.3010977522216414,6066,0.38608638311902405,0.3344873062973953,0.2573359709858226,1,1
213031347,Braybrook,21303,Maribyrnong,213,Melbourne - West,2GMEL,Greater Melbourne,2,Victoria,VIC,7.4843,34,1952,727,350,1947,0.9,1686,2.6,6458,6931,0.9317558793824845,0.2452771755961598,0.305512542582843,0.4228863425209043,0.22143078352431092,0.10730876432331991,6931,0.19708555763959024,0.3168373972009811,0.45173856586351174,1,1
213031348,Footscray,21303,Maribyrnong,213,Melbourne - West,2GMEL,Greater Melbourne,2,Victoria,VIC,4.9671,34,1940,916,355,2296,1.0,1763,2.1,7016,7370,0.9519674355495251,0.2120866590649943,0.27608323831242876,0.4357183580387685,0.22690992018244013,0.11388255416191562,7370,0.14301221166892808,0.26974219810040706,0.5594301221166893,1,1
213031349,Maribyrnong,21303,Maribyrnong,213,Melbourne - West,2GMEL,Greater Melbourne,2,Victoria,VIC,5.4934,36,2000,980,396,2403,0.9,2020,2.4,4842,5070,0.9550295857988166,0.15861214374225527,0.21127633209417596,0.5059892606361008,0.2878975629904998,0.1621230896323833,5070,0.2552268244575937,0.3422090729783038,0.3773175542406312,1,1
213031350,Seddon - Kingsville,21303,Maribyrnong,213,Melbourne - West,2GMEL,Greater Melbourne,2,Victoria,VIC,1.6803,37,2500,1240,414,3149,0.9,2364,2.4,3554,3733,0.9520492901151889,0.16938660664040517,0.21356218345526168,0.584411930219471,0.4040517726505346,0.25239167135621837,3733,0.21644789713367266,0.3790517010447361,0.38039110634878115,1,1
213031351,West Footscray - Tottenham,21303,Maribyrnong,213,Melbourne - West,2GMEL,Greater Melbourne,2,Victoria,VIC,5.9807,35,2129,1003,351,2586,0.9,1988,2.4,4363,4599,0.9486844966297021,0.1975704790281916,0.24799449919779967,0.49736419894567957,0.30025212010084806,0.15516846206738483,4599,0.21700369645575124,0.3496412263535551,0.40421830832789735,1,1
213031352,Yarraville,21303,Maribyrnong,213,Melbourne - West,2GMEL,Greater Melbourne,2,Victoria,VIC,5.62,37,2500,1247,462,3216,0.9,2483,2.5,5739,5999,0.9566594432405401,0.1505488761108207,0.18958006621362608,0.6105593308938839,0.42237323575535807,0.2765290120230005,5999,0.26571095182530424,0.38273045507584597,0.331888648108018,1,1
213041353,Bacchus Marsh,21304,Melton - Bacchus Marsh,213,Melbourne - West,2GMEL,Greater Melbourne,2,Victoria,VIC,196.2983,37,1733,823,340,2156,0.8,1807,2.7,8318,8888,0.9358685868586859,0.21231065159894205,0.2724212551094013,0.45527771098821834,0.23190670834335178,0.10675643183457562,8888,0.28397839783978396,0.4777227722772277,0.20668316831683167,1,1
213041358,Melton West,21304,Melton - Bacchus Marsh,213,Melbourne - West,2GMEL,Greater Melbourne,2,Victoria,VIC,24.2021,33,1625,725,340,1794,0.8,1621,3.0,6259,6712,0.9325089392133492,0.20051126378015657,0.27480428183415884,0.3893593225754913,0.14571017734462374,0.05911487458060393,6712,0.2169249106078665,0.5032777115613826,0.2562574493444577,1,1
213041359,Rockbank - Mount Cottrell,21304,Melton - Bacchus Marsh,213,Melbourne - West,2GMEL,Greater Melbourne,2,Victoria,VIC,125.7609,31,2017,946,400,2191,0.8,2123,3.2,4311,4586,0.9400348887919756,0.10160055671537926,0.14683368128044538,0.5448851774530271,0.24541869635815355,0.10484806309440965,4586,0.08918447448757087,0.6474051460968164,0.23920627998255561,1,1
213041360,Taylors Hill,21304,Melton - Bacchus Marsh,213,Melbourne - West,2GMEL,Greater Melbourne,2,Victoria,VIC,5.9679,34,2000,813,400,2350,0.9,2315,3.4,5193,5553,0.9351701782820098,0.12593876372039284,0.1681109185441941,0.5909878682842288,0.3312150972462931,0.15559406893895628,5553,0.2522960561858455,0.5838285611381235,0.1273185665406087,1,1
213041461,Burnside,21304,Melton - Bacchus Marsh,213,Melbourne - West,2GMEL,Greater Melbourne,2,Victoria,VIC,2.552,37,2000,676,400,2054,0.9,1871,3.1,1638,1745,0.9386819484240687,0.23626373626373626,0.28998778998779,0.46153846153846156,0.24114774114774115,0.115995115995116,1745,0.28538681948424066,0.5369627507163324,0.0991404011461318,1,1
213041462,Burnside Heights,21304,Melton - Bacchus Marsh,213,Melbourne - West,2GMEL,Greater Melbourne,2,Victoria,VIC,1.9954,33,2000,803,411,2220,1.0,2246,3.6,1615,1726,0.9356894553881807,0.11331269349845201,0.16037151702786379,0.5758513931888545,0.3157894736842105,0.14489164086687306,1726,0.18308227114716108,0.6164542294322132,0.17902665121668598,1,1
213041463,Caroline Springs,21304,Melton - Bacchus Marsh,213,Melbourne - West,2GMEL,Greater Melbourne,2,Victoria,VIC,6.9526,35,1950,813,401,2277,0.9,2133,3.1,5896,6248,0.9436619718309859,0.1524762550881954,0.20505427408412483,0.5366350067842606,0.29511533242876525,0.14704884667571236,6248,0.24263764404609475,0.5088028169014085,0.21782970550576183,1,1
213041571,Brookfield,21304,Melton - Bacchus Marsh,213,Melbourne - West,2GMEL,Greater Melbourne,2,Victoria,VIC,10.6929,33,1658,700,350,1803,0.8,1627,3.1,2894,3071,0.9423640507977857,0.22494816862474085,0.2857636489288182,0.3876986869384934,0.16931582584657912,0.06703524533517623,3071,0.25301204819277107,0.45913383262780855,0.26212959947899706,1,1
213041572,Cobblebank - Strathtulloh,21304,Melton - Bacchus Marsh,213,Melbourne - West,2GMEL,Greater Melbourne,2,Victoria,VIC,19.7593,29,1904,940,371,2057,0.8,2056,3.3,2093,2208,0.9479166666666666,0.09985666507405638,0.14524605828953654,0.5193502150023889,0.2087912087912088,0.08504538939321549,2208,0.06114130434782609,0.6240942028985508,0.2875905797101449,1,1
213041573,Eynesbury - Exford,21304,Melton - Bacchus Marsh,213,Melbourne - West,2GMEL,Greater Melbourne,2,Victoria,VIC,69.4885,35,1938,1107,380,2687,0.8,2562,3.1,873,933,0.9356913183279743,0.08132875143184422,0.11225658648339061,0.6701030927835051,0.38717067583046966,0.18442153493699887,933,0.1939978563772776,0.7020364415862809,0.09539121114683816,1,0
213041574,Fraser Rise - Plumpton,21304,Melton - Bacchus Marsh,213,Melbourne - West,2GMEL,Greater Melbourne,2,Victoria,VIC,58.7312,31,2100,966,429,2337,0.8,2254,3.2,2889,3059,0.944426283099052,0.0976116303219107,0.13187954309449637,0.591208030460367,0.28868120456905505,0.11907234337140879,3059,0.11932003922850605,0.6861719516181759,0.16999019287348807,1,1
213041575,Hillside,21304,Melton - Bacchus Marsh,213,Melbourne - West,2GMEL,Greater Melbourne,2,Victoria,VIC,7.8166,36,1920,816,380,2332,0.8,2212,3.2,4640,4964,0.934730056406124,0.14245689655172414,0.18879310344827585,0.5629310344827586,0.3023706896551724,0.14439655172413793,4964,0.31305398871877516,0.5298146655922643,0.1387993553585818,1,1
213041576,Kurunjang - Toolern Vale,21304,Melton - Bacchus Marsh,213,Melbourne - West,2GMEL,Greater Melbourne,2,Victoria,VIC,120.8438,35,1517,704,321,1765,0.8,1556,2.8,3625,3875,0.9354838709677419,0.21517241379310345,0.296,0.36579310344827587,0.15089655172413793,0.06427586206896552,3875,0.25987096774193547,0.49316129032258066,0.22425806451612904,1,1
213041577,Melton,21304,Melton - Bacchus Marsh,213,Melbourne - West,2GMEL,Greater Melbourne,2,Victoria,VIC,9.8614,39,1300,538,300,1303,0.7,1061,2.4,2766,2994,0.9238476953907816,0.3705712219812003,0.47541576283441794,0.20679681851048445,0.06941431670281996,0.028922631959508314,2994,0.32064128256513025,0.29792919171676685,0.3460253841015364,1,1
213041578,Melton South - Weir Views,21304,Melton - Bacchus Marsh,213,Melbourne - West,2GMEL,Greater Melbourne,2,Victoria,VIC,11.0206,32,1517,641,321,1511,0.8,1363,2.8,4958,5303,0.9349424853856307,0.2656313029447358,0.3553852359822509,0.28680919725695847,0.08935054457442518,0.03448971359419121,5303,0.1959268338676221,0.3918536677352442,0.38242504242881387,1,1
213051361,Hoppers Crossing - North,21305,Wyndham,213,Melbourne - West,2GMEL,Greater Melbourne,2,Victoria,VIC,10.9136,37,1600,732,341,1908,0.8,1705,2.8,5748,6182,0.9297961824652217,0.19850382741823244,0.26687543493389004,0.42397355601948505,0.19989561586638832,0.0918580375782881,6182,0.3343578130054998,0.4173406664509867,0.22403752830799095,1,1
213051362,Hoppers Crossing - South,21305,Wyndham,213,Melbourne - West,2GMEL,Greater Melbourne,2,Victoria,VIC,7.0114,37,1551,653,340,1686,0.8,1470,2.8,5997,6401,0.936884861740353,0.23878605969651492,0.3196598299149575,0.35584458896114723,0.15624478906119726,0.06436551609137903,6401,0.3422902671457585,0.3301046711451336,0.30057803468208094,1,1
213051363,Laverton,21305,Wyndham,213,Melbourne - West,2GMEL,Greater Melbourne,2,Victoria,VIC,22.2451,32,2000,875,380,2241,0.8,2091,2.8,3536,3787,0.9337206231845788,0.15667420814479638,0.21210407239819004,0.522341628959276,0.2992081447963801,0.15497737556561086,3787,0.15473989965672036,0.3601795616583047,0.4565619223659889,1,1
213051368,Werribee - South,21305,Wyndham,213,Melbourne - West,2GMEL,Greater Melbourne,2,Victoria,VIC,114.0332,37,2000,834,351,2177,0.8,1802,2.6,5626,5994,0.9386052719386053,0.20867401350870957,0.27052968361180235,0.45094205474582294,0.23426946320654107,0.1134020618556701,5994,0.28762095428762097,0.3371705038371705,0.34801468134801467,1,1
213051464,Point Cook - East,21305,Wyndham,213,Melbourne - West,2GMEL,Greater Melbourne,2,Victoria,VIC,19.0354,33,2200,963,401,2445,0.8,2381,3.2,5412,5800,0.9331034482758621,0.11345158906134516,0.1531781226903178,0.6136363636363636,0.3754619364375462,0.21951219512195122,5800,0.15672413793103449,0.4770689655172414,0.34448275862068967,1,1
213051466,Point Cook - South,21305,Wyndham,213,Melbourne - West,2GMEL,Greater Melbourne,2,Victoria,VIC,9.4219,33,2167,1070,410,2576,0.9,2522,3.4,5239,5533,0.9468642689318634,0.08570337850734873,0.11490742508112235,0.6711204428326016,0.40274861614811985,0.21874403512120633,5533,0.10265678655340683,0.5611783842400144,0.3204409904211097,1,1
213051467,Werribee - East,21305,Wyndham,213,Melbourne - West,2GMEL,Greater Melbourne,2,Victoria,VIC,7.7569,36,1500,637,315,1614,0.8,1374,2.6,6378,6786,0.9398762157382847,0.2720288491690185,0.3565380997177799,0.317184070241455,0.13076199435559738,0.05299466917529006,6786,0.27291482463896255,0.3267020335985853,0.3620689655172414,1,1
213051468,Werribee - West,21305,Wyndham,213,Melbourne - West,2GMEL,Greater Melbourne,2,Victoria,VIC,127.6631,32,1842,889,360,2172,0.8,1995,2.8,7089,7536,0.9406847133757962,0.15799125405557907,0.20637607561010016,0.49978840457046125,0.22852306390181973,0.09437156157427,7536,0.19002123142250532,0.48659766454352443,0.3005573248407643,1,1
213051579,Manor Lakes - Quandong,21305,Wyndham,213,Melbourne - West,2GMEL,Greater Melbourne,2,Victoria,VIC,72.0339,31,1930,970,361,2325,0.9,2309,3.3,2908,3116,0.9332477535301669,0.07702888583218707,0.12070151306740028,0.6237964236588721,0.3139614855570839,0.14442916093535077,3116,0.061296534017971756,0.6495507060333762,0.2660462130937099,1,1
213051580,Point Cook - North East,21305,Wyndham,213,Melbourne - West,2GMEL,Greater Melbourne,2,Victoria,VIC,5.5527,36,1950,851,390,2363,0.8,2185,3.0,4236,4532,0.9346866725507502,0.15509915014164305,0.19759206798866855,0.5498111425873465,0.3104343720491029,0.15462700661000944,4532,0.23300970873786409,0.4653574580759047,0.2497793468667255,1,1
213051581,Point Cook - North West,21305,Wyndham,213,Melbourne - West,2GMEL,Greater Melbourne,2,Victoria,VIC,2.938,34,2000,953,400,2504,0.9,2439,3.2,2702,2862,0.944095038434661,0.08956328645447817,0.13101406365655072,0.6361954108068097,0.3686158401184308,0.1835677276091784,2862,0.13731656184486374,0.526554856743536,0.3172606568832984,1,1
213051582,Tarneit (West) - Mount Cottrell,21305,Wyndham,213,Melbourne - West,2GMEL,Greater Melbourne,2,Victoria,VIC,36.7062,29,2000,903,385,2047,0.9,2086,3.4,2643,2836,0.9319464033850494,0.08550889141127507,0.12674990541051834,0.5361331819901627,0.2133938706015891,0.07945516458569807,2836,0.0504231311706629,0.6269393511988717,0.28526093088857546,1,1
213051583,Tarneit - Central,21305,Wyndham,213,Melbourne - West,2GMEL,Greater Melbourne,2,Victoria,VIC,7.9607,30,1900,830,380,2127,0.9,2164,3.5,7172,7635,0.9393582187295351,0.11140546569994422,0.15476854433909648,0.557585052983826,0.26380368098159507,0.11572783045175683,7635,0.11290111329404061,0.5486574983628029,0.30386378519973806,1,1
213051584,Tarneit - North,21305,Wyndham,213,Melbourne - West,2GMEL,Greater Melbourne,2,Victoria,VIC,14.3452,29,2065,933,391,2121,0.9,2198,3.4,1847,1965,0.9399491094147583,0.06984298863021116,0.11044937736870601,0.5771521386031402,0.25879805089334057,0.10232809962100704,1965,0.035623409669211195,0.6290076335877862,0.3053435114503817,1,1
213051585,Tarneit - South,21305,Wyndham,213,Melbourne - West,2GMEL,Greater Melbourne,2,Victoria,VIC,3.1301,31,1811,772,369,1958,0.9,1885,3.4,2995,3176,0.9430100755667506,0.15225375626043405,0.21202003338898165,0.4637729549248748,0.1979966611018364,0.08547579298831386,3176,0.14798488664987405,0.521095717884131,0.27739294710327456,1,1
213051586,Truganina - North,21305,Wyndham,213,Melbourne - West,2GMEL,Greater Melbourne,2,Victoria,VIC,17.5191,30,2167,962,402,2239,0.8,2307,3.3,2242,2401,0.9337775926697209,0.05798394290811775,0.10704727921498662,0.6074933095450491,0.30017841213202495,0.12890276538804638,2401,0.037067888379841735,0.6405664306538942,0.2965431070387339,1,1
213051587,Truganina - South East,21305,Wyndham,213,Melbourne - West,2GMEL,Greater Melbourne,2,Victoria,VIC,4.2675,31,2000,972,395,2322,0.9,2337,3.3,2626,2789,0.9415561133022589,0.0773038842345773,0.11995430312261995,0.6157654226961158,0.3214013709063214,0.14775323686214775,2789,0.07171029042667623,0.6045177482968807,0.30297597705270707,1,1
213051588,Truganina - South West,21305,Wyndham,213,Melbourne - West,2GMEL,Greater Melbourne,2,Victoria,VIC,5.3778,30,1893,804,377,1941,1.0,1947,3.5,4782,5104,0.9369122257053292,0.13320786281890423,0.1848598912588875,0.48431618569636137,0.22647427854454202,0.0945211208699289,5104,0.11579153605015674,0.5217476489028213,0.32503918495297807,1,1
213051589,Wyndham Vale - North,21305,Wyndham,213,Melbourne - West,2GMEL,Greater Melbourne,2,Victoria,VIC,51.2497,29,1800,854,350,1962,0.8,1862,3.0,2617,2804,0.9333095577746077,0.1295376385173863,0.19220481467329004,0.45701184562476116,0.1918226977455101,0.07374856706152083,2804,0.08666191155492155,0.49393723252496435,0.3955064194008559,1,1
213051590,Wyndham Vale - South,21305,Wyndham,213,Melbourne - West,2GMEL,Greater Melbourne,2,Victoria,VIC,4.9575,33,1668,750,336,1912,0.8,1766,3.0,4048,4318,0.937471051412691,0.17440711462450592,0.24061264822134387,0.43478260869565216,0.18478260869565216,0.07929841897233202,4318,0.2158406669754516,0.5099583140342752,0.2508105604446503,1,1
214011370,Carrum Downs,21401,Frankston,214,Mornington Peninsula,2GMEL,Greater Melbourne,2,Victoria,VIC,20.308,36,1733,817,370,1993,0.8,1658,2.5,7795,8307,0.938365234139882,0.21706221937139192,0.2830019243104554,0.3973059653624118,0.1474021808851828,0.051571520205259784,8307,0.2221018418201517,0.4762248705910678,0.27290237149392077,1,1
214011371,Frankston,21401,Frankston,214,Mornington Peninsula,2GMEL,Greater Melbourne,2,Victoria,VIC,11.6244,39,1733,765,335,1941,0.8,1383,2.2,9151,9726,0.9408801151552539,0.2868538957490985,0.3688121516774123,0.33570101628237353,0.1491640257895312,0.06032127636323899,9726,0.2405922270203578,0.3110220028788814,0.42401809582562205,1,1
214011372,Frankston North,21401,Frankston,214,Mornington Peninsula,2GMEL,Greater Melbourne,2,Victoria,VIC,13.2382,38,1597,665,341,1643,0.7,1313,2.3,7113,7623,0.9330972058244785,0.30352875017573455,0.3891466329256291,0.2976240686067763,0.1037536904259806,0.036131027695768314,7623,0.27535091171454806,0.3299226026498754,0.3658664567755477,1,1
214011373,Frankston South,21401,Frankston,214,Mornington Peninsula,2GMEL,Greater Melbourne,2,Victoria,VIC,14.5603,44,2167,862,420,2474,0.8,2038,2.6,6399,6820,0.9382697947214076,0.20800125019534302,0.26863572433192684,0.5085169557743398,0.3178621659634318,0.1729957805907173,6820,0.36392961876832847,0.4187683284457478,0.1593841642228739,1,1
214011374,Langwarrin,21401,Frankston,214,Mornington Peninsula,2GMEL,Greater Melbourne,2,Victoria,VIC,37.6199,38,1900,868,365,2274,0.8,1950,2.7,8427,8918,0.9449428122897511,0.18357659902693724,0.2463510145959416,0.48736205055179777,0.24468968790791504,0.11083422332977334,8918,0.30623458174478585,0.5047095761381476,0.1715631307468042,1,1
214011375,Seaford (Vic.),21401,Frankston,214,Mornington Peninsula,2GMEL,Greater Melbourne,2,Victoria,VIC,12.4321,40,1850,809,351,2081,0.8,1500,2.3,6720,7191,0.9345014601585315,0.2630952380952381,0.3324404761904762,0.38035714285714284,0.18348214285714284,0.07589285714285714,7191,0.2750660547907106,0.3537755527743012,0.32930051453205395,1,1
214011376,Skye - Sandhurst,21401,Frankston,214,Mornington Peninsula,2GMEL,Greater Melbourne,2,Victoria,VIC,19.8152,38,2000,920,450,2378,0.8,2224,2.9,4165,4426,0.9410302756439223,0.12388955582232893,0.16710684273709484,0.5649459783913565,0.2972388955582233,0.14405762304921968,4426,0.2519204699502937,0.5680072300045188,0.16018978761861727,1,1
214021377,Dromana,21402,Mornington Peninsula,214,Mornington Peninsula,2GMEL,Greater Melbourne,2,Victoria,VIC,45.0575,51,1950,710,405,1794,0.7,1398,2.2,5012,5388,0.9302152932442465,0.28292098962490025,0.36652035115722265,0.34497206703910616,0.17198723064644852,0.08579409417398244,5388,0.4237193763919822,0.28637713437268003,0.236822568671121,1,1
214021378,Flinders,21402,Mornington Peninsula,214,Mornington Peninsula,2GMEL,Greater Melbourne,2,Victoria,VIC,287.3793,56,2244,1002,424,2593,0.7,2197,2.4,2015,2173,0.927289461573861,0.1662531017369727,0.22084367245657568,0.5384615384615384,0.36823821339950374,0.26104218362282877,2173,0.5720202485043718,0.27013345605154165,0.11320754716981132,1,1
214021379,Hastings - Somers,21402,Mornington Peninsula,214,Mornington Peninsula,2GMEL,Greater Melbourne,2,Victoria,VIC,108.8841,42,1733,751,330,1839,0.8,1407,2.4,8302,8976,0.9249108734402852,0.2846302095880511,0.35738376294868707,0.3524451939291737,0.16140688990604674,0.07130811852565647,8976,0.3780080213903743,0.36151960784313725,0.22437611408199643,1,1
214021381,Mount Eliza,21402,Mornington Peninsula,214,Mornington Peninsula,2GMEL,Greater Melbourne,2,Victoria,VIC,23.2077,45,2600,966,512,2956,0.8,2547,2.8,5860,6271,0.9344602136820284,0.16194539249146758,0.20580204778156996,0.5979522184300341,0.42627986348122865,0.29232081911262797,6271,0.45303779301546804,0.4433104767979589,0.0838781693509807,1,1
214021382,Mount Martha,21402,Mornington Peninsula,214,Mornington Peninsula,2GMEL,Greater Melbourne,2,Victoria,VIC,30.2094,46,2167,846,496,2481,0.7,2097,2.7,6604,7022,0.9404727997721447,0.19503331314354935,0.2483343428225318,0.5221078134463961,0.3234403391883707,0.17686250757116898,7022,0.4226716035317573,0.4193961834235261,0.12076331529478782,1,1
214021383,Point Nepean,21402,Mornington Peninsula,214,Mornington Peninsula,2GMEL,Greater Melbourne,2,Victoria,VIC,67.1876,53,1888,751,376,1853,0.7,1430,2.2,7265,7869,0.9232431058584318,0.2810736407432897,0.34975911906400553,0.3649002064693737,0.19848589125946317,0.11878871300757055,7869,0.4854492311602491,0.2884737577837082,0.18846104968865168,1,1
214021384,Rosebud - McCrae,21402,Mornington Peninsula,214,Mornington Peninsula,2GMEL,Greater Melbourne,2,Victoria,VIC,23.7957,52,1733,621,350,1513,0.7,1155,2.1,8917,9631,0.9258643962205378,0.3465291017158237,0.4386004261522934,0.2680273634630481,0.112145340361108,0.04799820567455422,9631,0.4125220641677915,0.2653930017651334,0.2480531616654553,1,1
214021385,Somerville,21402,Mornington Peninsula,214,Mornington Peninsula,2GMEL,Greater Melbourne,2,Victoria,VIC,117.354,41,1800,797,380,2129,0.8,1781,2.6,6395,6841,0.9348048530916533,0.2146989835809226,0.2763096168881939,0.44628616106333074,0.21923377638780298,0.10570758405003909,6841,0.34030112556643766,0.47025288700482387,0.15348633240754275,1,1
214021591,Mornington - East,21402,Mornington Peninsula,214,Mornington Peninsula,2GMEL,Greater Melbourne,2,Victoria,VIC,14.6884,45,2000,710,400,2023,0.8,1502,2.5,5343,5708,0.9360546601261388,0.2736290473516751,0.3419427288040427,0.3945349054838106,0.203069436646079,0.09058581321355044,5708,0.35459004905395936,0.3940084092501752,0.17922214435879466,1,1
214021592,Mornington - West,21402,Mornington Peninsula,214,Mornington Peninsula,2GMEL,Greater Melbourne,2,Victoria,VIC,6.4044,57,2100,780,410,1969,0.7,1389,2.0,4449,4773,0.9321181646763043,0.2939986513823331,0.37109462800629356,0.35738368172623064,0.2074623510901326,0.12047651157563498,4773,0.4822962497381102,0.23109155667295203,0.25183322857741464,1,1
215011386,Ararat,21501,Grampians,215,North West,2RVIC,Rest of Vic.,2,Victoria,VIC,161.179,45,1083,681,250,1608,0.7,1216,2.2,2982,3225,0.9246511627906977,0.3333333333333333,0.4255533199195171,0.26961770623742454,0.10462776659959759,0.03990610328638498,3225,0.40434108527131785,0.29271317829457366,0.2626356589147287,1,1
215011387,Ararat Surrounds,21501,Grampians,215,North West,2RVIC,Rest of Vic.,2,Victoria,VIC,4023.1983,49,1083,718,151,1792,0.7,1384,2.4,1129,1234,0.9149108589951378,0.2745792736935341,0.3596102745792737,0.3445527015057573,0.13817537643932684,0.0637732506643047,1234,0.5332252836304701,0.2755267423014587,0.10372771474878444,1,1
215011388,Horsham,21501,Grampians,215,North West,2RVIC,Rest of Vic.,2,Victoria,VIC,83.0691,40,1203,766,245,1820,0.7,1347,2.3,6483,6953,0.9324032791600748,0.29276569489433907,0.3739009717723276,0.32639210242171834,0.13651087459509487,0.058306339657565945,6953,0.36789874874155043,0.3223069178771753,0.2764274413922048,1,1
215011389,Horsham Surrounds,21501,Grampians,215,North West,2RVIC,Rest of Vic.,2,Victoria,VIC,4251.4674,46,1134,806,185,2007,0.8,1567,2.5,1161,1272,0.9127358490566038,0.21188630490956073,0.28251507321274766,0.38931955211024977,0.17743324720068906,0.08785529715762273,1272,0.5361635220125787,0.30738993710691825,0.09276729559748427,1,1
215011390,Nhill Region,21501,Grampians,215,North West,2RVIC,Rest of Vic.,2,Victoria,VIC,11042.793,50,737,658,170,1591,0.7,1179,2.2,2697,2882,0.9358084663428174,0.3444568038561365,0.4278828327771598,0.2710418984056359,0.11753800519095291,0.05710048201705599,2882,0.5416377515614157,0.24358084663428176,0.1596113809854268,1,1
215011391,St Arnaud,21501,Grampians,215,North West,2RVIC,Rest of Vic.,2,Victoria,VIC,3008.5749,52,867,597,182,1399,0.7,993,2.1,1345,1478,0.9100135317997293,0.40594795539033457,0.5003717472118959,0.22156133828996283,0.09293680297397769,0.04386617100371747,1478,0.5412719891745602,0.2503382949932341,0.15290933694181327,1,1
215011392,Stawell,21501,Grampians,215,North West,2RVIC,Rest of Vic.,2,Victoria,VIC,2743.4313,48,1010,675,214,1554,0.7,1184,2.2,3189,3432,0.9291958041958042,0.33646911257447476,0.4358733145186579,0.27500783944810286,0.11069300721229225,0.047350266541235496,3432,0.4583333333333333,0.2773892773892774,0.2202797202797203,1,1
215011393,West Wimmera,21501,Grampians,215,North West,2RVIC,Rest of Vic.,2,Victoria,VIC,5686.3869,52,758,698,150,1655,0.7,1176,2.1,1031,1134,0.9091710758377425,0.35499515033947626,0.44422890397672166,0.2851600387972842,0.13191076624636275,0.07080504364694472,1134,0.5361552028218695,0.21693121693121692,0.14638447971781304,1,1
215011394,Yarriambiack,21501,Grampians,215,North West,2RVIC,Rest of Vic.,2,Victoria,VIC,7139.5816,52,672,624,166,1485,0.7,1099,2.1,2485,2718,0.9142752023546725,0.3818913480885312,0.46398390342052315,0.2470824949698189,0.09818913480885312,0.04668008048289739,2718,0.5625459896983076,0.2185430463576159,0.16151582045621782,1,1
215021395,Irymple,21502,Mildura,215,North West,2RVIC,Rest of Vic.,2,Victoria,VIC,88.5725,40,1473,786,250,2040,0.8,1716,2.7,2395,2630,0.9106463878326996,0.22129436325678498,0.2868475991649269,0.4246346555323591,0.2104384133611691,0.08810020876826723,2630,0.3730038022813688,0.4281368821292776,0.15779467680608364,1,1
215021396,Merbein,21502,Mildura,215,North West,2RVIC,Rest of Vic.,2,Victoria,VIC,101.7138,43,1140,667,220,1645,0.8,1338,2.5,1562,1755,0.89002849002849,0.2791293213828425,0.35979513444302175,0.31690140845070425,0.1350832266325224,0.05377720870678617,1755,0.3527065527065527,0.43874643874643876,0.16125356125356125,1,1
215021398,Mildura Surrounds,21502,Mildura,215,North West,2RVIC,Rest of Vic.,2,Victoria,VIC,21568.7961,46,900,699,150,1678,0.7,1239,2.3,1282,1427,0.8983882270497547,0.3112324492979719,0.41965678627145087,0.296411856474259,0.10920436817472699,0.0499219968798752,1427,0.4989488437281009,0.22845129642606868,0.19271198318149965,1,1
215021399,Red Cliffs,21502,Mildura,215,North West,2RVIC,Rest of Vic.,2,Victoria,VIC,246.7231,41,1083,680,240,1682,0.8,1346,2.5,1978,2196,0.900728597449909,0.29221435793731043,0.3806875631951466,0.2972699696663296,0.1122345803842265,0.0455005055611729,2196,0.3551912568306011,0.37340619307832423,0.22540983606557377,1,1
215021469,Mildura - North,21502,Mildura,215,North West,2RVIC,Rest of Vic.,2,Victoria,VIC,25.117,39,1148,663,260,1484,0.8,1210,2.3,6530,7116,0.9176503653738055,0.3326186830015314,0.4159264931087289,0.2704441041347626,0.11179173047473201,0.05114854517611026,7116,0.2837268128161889,0.25379426644182124,0.4169477234401349,1,1
215021470,Mildura - South,21502,Mildura,215,North West,2RVIC,Rest of Vic.,2,Victoria,VIC,50.9981,39,1334,701,300,1784,0.8,1407,2.5,5667,6165,0.9192214111922141,0.28815952002823364,0.3665078524792659,0.3458620081171696,0.13658020116463737,0.05699664725604376,6165,0.31905920519059205,0.324249797242498,0.31062449310624496,1,1
215031400,Buloke,21503,Murray River - Swan Hill,215,North West,2RVIC,Rest of Vic.,2,Victoria,VIC,8068.6848,52,734,618,158,1468,0.7,1089,2.2,2332,2556,0.9123630672926447,0.36406518010291594,0.46569468267581476,0.2367066895368782,0.09562607204116638,0.04288164665523156,2556,0.5625978090766823,0.21400625978090768,0.15179968701095461,1,1
215031401,Gannawarra,21503,Murray River - Swan Hill,215,North West,2RVIC,Rest of Vic.,2,Victoria,VIC,3568.3246,52,997,601,180,1420,0.7,1114,2.2,2463,2696,0.9135756676557863,0.3552578156719448,0.4596021112464474,0.2501015022330491,0.09378806333739342,0.04506699147381242,2696,0.5415430267062314,0.24554896142433236,0.15356083086053413,1,1
215031402,Kerang,21503,Murray River - Swan Hill,215,North West,2RVIC,Rest of Vic.,2,Victoria,VIC,146.6076,51,1000,573,200,1412,0.7,1006,2.1,1522,1663,0.915213469633193,0.40013140604467806,0.4940867279894875,0.20696452036793692,0.07687253613666228,0.030223390275952694,1663,0.4630186410102225,0.2561635598316296,0.22549609140108237,1,1
215031403,Robinvale,21503,Murray River - Swan Hill,215,North West,2RVIC,Rest of Vic.,2,Victoria,VIC,181.5961,36,1040,618,220,1468,0.9,1347,2.9,964,1067,0.9034676663542643,0.2863070539419087,0.36929460580912865,0.33713692946058094,0.15560165975103735,0.06950207468879668,1067,0.31865042174320524,0.20899718837863168,0.40674789128397376,1,0
215031404,Swan Hill,21503,Murray River - Swan Hill,215,North West,2RVIC,Rest of Vic.,2,Victoria,VIC,126.5903,38,1300,754,235,1802,0.8,1390,2.3,4083,4348,0.9390524379024839,0.28655400440852313,0.3715405339211364,0.3333333333333333,0.13225569434239529,0.05755571883419055,4348,0.34958601655933763,0.30013799448022077,0.31761729530818766,1,1
215031405,Swan Hill Surrounds,21503,Murray River - Swan Hill,215,North West,2RVIC,Rest of Vic.,2,Victoria,VIC,5759.5788,43,966,706,180,1682,0.8,1373,2.5,2075,2303,0.9009986973512809,0.2766265060240964,0.36481927710843376,0.31951807228915663,0.12481927710843374,0.05012048192771084,2303,0.43855840208423796,0.3148067737733391,0.17325227963525835,1,1
216011406,Echuca,21601,Campaspe,216,Shepparton,2RVIC,Rest of Vic.,2,Victoria,VIC,183.9532,45,1483,713,285,1741,0.7,1347,2.3,5660,6149,0.920474873963246,0.3053003533568905,0.38180212014134274,0.32879858657243816,0.1459363957597173,0.06537102473498234,6149,0.38038705480565943,0.3057407708570499,0.2737030411449016,1,1
216011407,Kyabram,21601,Campaspe,216,Shepparton,2RVIC,Rest of Vic.,2,Victoria,VIC,738.862,45,1235,654,210,1598,0.8,1228,2.4,3962,4309,0.9194708749129729,0.3271075214538112,0.4136799596163554,0.2857142857142857,0.11155981827359919,0.04745078243311459,4309,0.40798329078672546,0.32675794847992573,0.21745184497563239,1,1
216011408,Lockington - Gunbower,21601,Campaspe,216,Shepparton,2RVIC,Rest of Vic.,2,Victoria,VIC,1646.4376,45,1320,711,200,1708,0.8,1428,2.6,1251,1387,0.9019466474405191,0.2517985611510791,0.33573141486810554,0.35091926458832934,0.14548361310951238,0.06554756195043965,1387,0.4282624369142033,0.3741888968997837,0.13338139870223503,1,1
216011409,Rochester,21601,Campaspe,216,Shepparton,2RVIC,Rest of Vic.,2,Victoria,VIC,351.6446,50,1122,606,213,1532,0.7,1166,2.3,1450,1570,0.9235668789808917,0.35586206896551725,0.4406896551724138,0.2806896551724138,0.11448275862068966,0.044137931034482755,1570,0.4859872611464968,0.2968152866242038,0.18152866242038215,1,1
216011410,Rushworth,21601,Campaspe,216,Shepparton,2RVIC,Rest of Vic.,2,Victoria,VIC,1633.8861,52,1023,568,200,1388,0.7,1072,2.2,1549,1714,0.9037339556592765,0.38605551969012264,0.46739832149774047,0.24015493867010976,0.08973531310522918,0.036152356358941255,1714,0.49649941656942825,0.2998833138856476,0.1306884480746791,1,1
216021411,Cobram,21602,Moira,216,Shepparton,2RVIC,Rest of Vic.,2,Victoria,VIC,131.7229,48,1278,606,250,1450,0.7,1057,2.2,2358,2626,0.897943640517898,0.3944020356234097,0.48430873621713316,0.2561492790500424,0.09838846480067855,0.03859202714164546,2626,0.428027418126428,0.2501904036557502,0.2738004569687738,1,1
216021412,Moira,21602,Moira,216,Shepparton,2RVIC,Rest of Vic.,2,Victoria,VIC,1498.8283,48,1213,666,210,1579,0.8,1361,2.5,962,1043,0.9223394055608821,0.29417879417879417,0.38461538461538464,0.3191268191268191,0.14553014553014554,0.06444906444906445,1043,0.4621284755512943,0.3576222435282838,0.10930009587727708,1,0
216021413,Numurkah,21602,Moira,216,Shepparton,2RVIC,Rest of Vic.,2,Victoria,VIC,2320.6721,46,1172,636,210,1577,0.7,1243,2.4,4410,4781,0.9224011713030746,0.319047619047619,0.40861678004535146,0.2852607709750567,0.10612244897959183,0.04784580498866213,4781,0.4329638151014432,0.3346580213344489,0.17485881614724952,1,1
216021414,Yarrawonga,21602,Moira,216,Shepparton,2RVIC,Rest of Vic.,2,Victoria,VIC,94.6968,52,1430,625,290,1445,0.7,1149,2.3,3190,3462,0.9214326978625073,0.3476489028213166,0.44545454545454544,0.2808777429467085,0.11880877742946709,0.05329153605015674,3462,0.4610051993067591,0.2761409589832467,0.2322357019064125,1,1
216031415,Mooroopna,21603,Shepparton,216,Shepparton,2RVIC,Rest of Vic.,2,Victoria,VIC,39.9733,43,1148,634,250,1455,0.8,1121,2.2,3038,3291,0.9231236706168338,0.3597761685319289,0.4539170506912442,0.24753127057274524,0.09414088215931533,0.03357472021066491,3291,0.3473108477666363,0.30264357338195075,0.30689759951382556,1,1
216031416,Shepparton - North,21603,Shepparton,216,Shepparton,2RVIC,Rest of Vic.,2,Victoria,VIC,65.6581,38,1369,784,270,1955,0.8,1560,2.5,6800,7285,0.9334248455730954,0.24970588235294117,0.3195588235294118,0.3825,0.17941176470588235,0.08823529411764706,7285,0.30487302676733014,0.31942347288949896,0.3438572409059712,1,1
216031418,Shepparton Surrounds - East,21603,Shepparton,216,Shepparton,2RVIC,Rest of Vic.,2,Victoria,VIC,1055.5777,43,1300,770,236,1967,0.8,1628,2.7,1239,1372,0.9030612244897959,0.2066182405165456,0.27925746569814364,0.423728813559322,0.20903954802259886,0.08313155770782889,1372,0.4030612244897959,0.4198250728862974,0.11224489795918367,1,1
216031419,Shepparton Surrounds - West,21603,Shepparton,216,Shepparton,2RVIC,Rest of Vic.,2,Victoria,VIC,1028.6793,45,1300,701,240,1780,0.8,1379,2.4,3498,3781,0.9251520761703254,0.29845626072041165,0.37678673527730133,0.3344768439108062,0.1489422527158376,0.06546598056032019,3781,0.41682094683946047,0.35122983337741337,0.1856651679449881,1,1
216031593,Kialla,21603,Shepparton,216,Shepparton,2RVIC,Rest of Vic.,2,Victoria,VIC,77.4435,38,1625,845,380,2200,0.8,2001,2.9,2779,2993,0.9284998329435349,0.1644476430370637,0.22526088521050738,0.5001799208348326,0.2482907520690896,0.1165887009715725,2993,0.36919478783828935,0.474774473772135,0.11493484797861678,1,1
216031594,Shepparton - South East,21603,Shepparton,216,Shepparton,2RVIC,Rest of Vic.,2,Victoria,VIC,65.8306,37,1166,600,270,1357,0.8,1144,2.5,5553,6000,0.9255,0.33837565280028814,0.43940212497748965,0.23626868359445344,0.08247793985233207,0.03349540788762831,6000,0.31516666666666665,0.26416666666666666,0.3635,1,1
217011420,Glenelg (Vic.),21701,Glenelg - Southern Grampians,217,Warrnambool and South West,2RVIC,Rest of Vic.,2,Victoria,VIC,6121.4257,51,1073,652,180,1654,0.7,1234,2.2,3313,3596,0.9213014460511679,0.3362511319046182,0.42167220042257775,0.29188047087232116,0.13281014186537882,0.058859040144883794,3596,0.5261401557285873,0.29449388209121247,0.12291434927697442,1,1
217011421,Hamilton (Vic.),21701,Glenelg - Southern Grampians,217,Warrnambool and South West,2RVIC,Rest of Vic.,2,Victoria,VIC,198.3369,45,1083,693,235,1652,0.7,1247,2.2,4027,4338,0.9283079760258184,0.3243109014154457,0.40973429351874846,0.27216290042215047,0.1028060591010678,0.04345666749441272,4338,0.41770401106500693,0.3128169663439373,0.23490087597971415,1,1
217011422,Portland,21701,Glenelg - Southern Grampians,217,Warrnambool and South West,2RVIC,Rest of Vic.,2,Victoria,VIC,63.985,47,1105,631,250,1551,0.7,1200,2.2,4227,4596,0.9197127937336814,0.33640880056777855,0.43080198722498225,0.28459900638750885,0.11426543647977289,0.046132008516678494,4596,0.41231505657093126,0.3093994778067885,0.2478241949521323,1,1
217011423,Southern Grampians,21701,Glenelg - Southern Grampians,217,Warrnambool and South West,2RVIC,Rest of Vic.,2,Victoria,VIC,6562.6438,49,931,711,170,1755,0.7,1289,2.3,2300,2528,0.9098101265822784,0.30478260869565216,0.3934782608695652,0.3204347826086957,0.15347826086956523,0.08478260869565217,2528,0.5332278481012658,0.247626582278481,0.13409810126582278,1,1
217031471,Camperdown,21703,Colac - Corangamite,217,Warrnambool and South West,2RVIC,Rest of Vic.,2,Victoria,VIC,98.1179,50,1134,633,240,1533,0.7,1129,2.2,1344,1462,0.9192886456908345,0.3482142857142857,0.45089285714285715,0.265625,0.11160714285714286,0.04017857142857143,1462,0.4856361149110807,0.2859097127222982,0.20109439124487005,1,1
217031472,Colac,21703,Colac - Corangamite,217,Warrnambool and South West,2RVIC,Rest of Vic.,2,Victoria,VIC,54.7344,42,1300,701,260,1701,0.7,1250,2.3,4787,5127,0.9336844158377219,0.32274911217881763,0.4111134322122415,0.29099644871527053,0.11259661583455191,0.04804679339878839,5127,0.3976984591378974,0.3103179247123074,0.2580456407255705,1,1
217031473,Colac Surrounds,21703,Colac - Corangamite,217,Warrnambool and South West,2RVIC,Rest of Vic.,2,Victoria,VIC,1934.2762,45,1400,732,250,1863,0.8,1441,2.5,1946,2124,0.916195856873823,0.2528263103802672,0.3391572456320658,0.3489208633093525,0.15159301130524153,0.06115107913669065,2124,0.461864406779661,0.3629943502824859,0.12146892655367232,1,1
217031474,Corangamite - North,21703,Colac - Corangamite,217,Warrnambool and South West,2RVIC,Rest of Vic.,2,Victoria,VIC,2538.3285,49,1000,667,200,1632,0.7,1183,2.2,1994,2196,0.9080145719489982,0.3350050150451354,0.43329989969909727,0.2858575727181545,0.119358074222668,0.051654964894684054,2196,0.46675774134790526,0.28506375227686703,0.1725865209471767,1,1
217031475,Corangamite - South,21703,Colac - Corangamite,217,Warrnambool and South West,2RVIC,Rest of Vic.,2,Victoria,VIC,1805.2081,45,1200,734,231,1763,0.7,1406,2.5,2419,2666,0.9073518379594899,0.2740801984291029,0.3497312939231087,0.3336089293096321,0.15791649441918149,0.08102521703183134,2666,0.44223555888972244,0.2978244561140285,0.1714178544636159,1,1
217031476,Otway,21703,Colac - Corangamite,217,Warrnambool and South West,2RVIC,Rest of Vic.,2,Victoria,VIC,1505.8895,52,1387,681,285,1522,0.7,1167,2.1,1495,1602,0.9332084893882646,0.33177257525083614,0.431438127090301,0.27224080267558526,0.12575250836120402,0.06688963210702341,1602,0.4993757802746567,0.2596754057428215,0.19538077403245943,1,1
217041477,Moyne - East,21704,Warrnambool,217,Warrnambool and South West,2RVIC,Rest of Vic.,2,Victoria,VIC,3275.7989,42,1300,769,200,1905,0.8,1513,2.5,2329,2544,0.9154874213836478,0.25461571489909834,0.3267496779733791,0.3662516101331043,0.17131816230141692,0.09660798626019751,2544,0.43160377358490565,0.32586477987421386,0.1584119496855346,1,1
217041478,Moyne - West,21704,Warrnambool,217,Warrnambool and South West,2RVIC,Rest of Vic.,2,Victoria,VIC,2037.7626,46,1517,758,280,1911,0.7,1522,2.4,3466,3768,0.9198513800424628,0.24610502019619157,0.3231390652048471,0.36843623773802653,0.16560877091748413,0.08020773225620312,3768,0.4625796178343949,0.32961783439490444,0.1536624203821656,1,1
217041479,Warrnambool - North,21704,Warrnambool,217,Warrnambool and South West,2RVIC,Rest of Vic.,2,Victoria,VIC,62.4199,40,1451,760,300,1892,0.7,1451,2.4,8171,8713,0.937794100768966,0.25774079060090566,0.34059478643984825,0.36397013829396646,0.16093501407416472,0.06792314282217599,8713,0.3685297830827499,0.34006656719843914,0.2676460461379548,1,1
217041480,Warrnambool - South,21704,Warrnambool,217,Warrnambool and South West,2RVIC,Rest of Vic.,2,Victoria,VIC,120.1957,44,1387,761,287,1899,0.8,1380,2.2,5044,5396,0.9347664936990363,0.29401268834258526,0.37212529738302935,0.3437747819191118,0.15900079302141157,0.07950039651070578,5396,0.36767976278724984,0.28910303928836173,0.29818383988139363,1,1
297979799,Migratory - Offshore - Shipping (Vic.),29797,Migratory - Offshore - Shipping (Vic.),297,Migratory - Offshore - Shipping (Vic.),29799,Migratory - Offshore - Shipping (Vic.),2,Victoria,VIC,nan,50,0,2200,0,0,0.0,0,0.0,0,0,,,,,,,0,,,,0,0
299999499,No usual address (Vic.),29999,No usual address (Vic.),299,No usual address (Vic.),29499,No usual address (Vic.),2,Victoria,VIC,nan,0,0,0,0,0,0.0,0,0.0,0,0,,,,,,,0,,,,0,0
301011001,Alexandra Hills,30101,Capalaba,301,Brisbane - East,3GBRI,Greater Brisbane,3,Queensland,QLD,13.6312,38,1829,825,400,2068,0.8,1837,2.7,5514,5881,0.9375956469988097,0.1875226695683714,0.2529923830250272,0.45738121146173377,0.20583968081247733,0.07979688066739209,5881,0.28175480360482913,0.47746981805815336,0.21748002040469308,1,1
301011002,Belmont - Gumdale,30101,Capalaba,301,Brisbane - East,3GBRI,Greater Brisbane,3,Queensland,QLD,33.1072,41,2268,951,450,2784,0.8,2588,3.1,2230,2399,0.9295539808253439,0.13452914798206278,0.16995515695067265,0.6192825112107623,0.4318385650224215,0.2811659192825112,2399,0.397665694039183,0.43809920800333474,0.1413088786994581,1,1
301011003,Birkdale,30101,Capalaba,301,Brisbane - East,3GBRI,Greater Brisbane,3,Queensland,QLD,11.5988,43,2000,822,440,2277,0.7,1944,2.7,5087,5465,0.930832570905764,0.21289561627678397,0.2675447218399843,0.4886966778061726,0.28504029880086496,0.13721250245724395,5465,0.35608417200365966,0.4188472095150961,0.18517840805123514,1,1
301011004,Capalaba,30101,Capalaba,301,Brisbane - East,3GBRI,Greater Brisbane,3,Queensland,QLD,18.8892,39,1785,803,383,2083,0.8,1738,2.6,6398,6828,0.9370240187463386,0.2275711159737418,0.29274773366677087,0.4341981869334167,0.1994373241638012,0.0867458580806502,6828,0.30213825424721735,0.4209138840070299,0.2595196250732279,1,1
301011005,Thorneside,30101,Capalaba,301,Brisbane - East,3GBRI,Greater Brisbane,3,Queensland,QLD,2.6658,41,1787,827,370,1963,0.8,1488,2.3,1548,1620,0.9555555555555556,0.27325581395348836,0.3423772609819121,0.3727390180878553,0.19509043927648578,0.0962532299741602,1620,0.32839506172839505,0.3611111111111111,0.28703703703703703,1,1
301011006,Wellington Point,30101,Capalaba,301,Brisbane - East,3GBRI,Greater Brisbane,3,Queensland,QLD,9.404,43,2013,876,450,2431,0.7,2173,2.8,3937,4174,0.9432199329180642,0.16611633223266448,0.2204724409448819,0.5430530861061722,0.33578867157734316,0.1808483616967234,4174,0.35840919980833735,0.42453282223287014,0.2077144226161955,1,1
301021007,Cleveland,30102,Cleveland - Stradbroke,301,Brisbane - East,3GBRI,Greater Brisbane,3,Queensland,QLD,11.8549,51,2000,746,400,1998,0.7,1430,2.3,6133,6589,0.9307937471543482,0.2959399967389532,0.3686613402902332,0.3756725909016794,0.21620740257622698,0.12946355780205446,6589,0.3895887084534831,0.2784944604644104,0.2942783426923661,1,1
301021008,Ormiston,30102,Cleveland - Stradbroke,301,Brisbane - East,3GBRI,Greater Brisbane,3,Queensland,QLD,4.929,47,2000,811,450,2333,0.7,1913,2.6,2263,2390,0.9468619246861925,0.2191780821917808,0.27971718957136543,0.48166151126822804,0.3057887759611136,0.18957136544410075,2390,0.396234309623431,0.35313807531380753,0.202092050209205,1,1
301021009,Redland Bay,30102,Cleveland - Stradbroke,301,Brisbane - East,3GBRI,Greater Brisbane,3,Queensland,QLD,46.8996,39,2076,847,470,2211,0.7,2074,2.8,5616,6022,0.9325805380272335,0.16862535612535612,0.2206196581196581,0.5206552706552706,0.2686965811965812,0.12517806267806267,6022,0.2930919960146131,0.4608103620059781,0.22583859182995683,1,1
301021011,Sheldon - Mount Cotton,30102,Cleveland - Stradbroke,301,Brisbane - East,3GBRI,Greater Brisbane,3,Queensland,QLD,65.1972,37,2167,1050,475,2687,0.8,2637,3.1,2421,2607,0.9286536248561565,0.09004543577034284,0.12308963238331268,0.6749277158199092,0.4047914085088806,0.20198265179677818,2607,0.2627541235136172,0.6160337552742616,0.10663598005370158,1,1
301021012,Thornlands,30102,Cleveland - Stradbroke,301,Brisbane - East,3GBRI,Greater Brisbane,3,Queensland,QLD,21.6475,36,2167,920,470,2378,0.7,2218,2.9,5992,6408,0.9350811485642946,0.1411882510013351,0.18775033377837116,0.5614152202937249,0.31258344459279036,0.1588785046728972,6408,0.2459425717852684,0.4653558052434457,0.2590511860174782,1,1
301021013,Victoria Point,30102,Cleveland - Stradbroke,301,Brisbane - East,3GBRI,Greater Brisbane,3,Queensland,QLD,13.4057,49,1950,703,450,1933,0.7,1511,2.5,5396,5802,0.9300241296104792,0.27575982209043737,0.34933283914010377,0.39232765011119347,0.1992216456634544,0.08710155670867309,5802,0.3631506377111341,0.3355739400206825,0.19906928645294725,1,1
301021550,North Stradbroke Island,30102,Cleveland - Stradbroke,301,Brisbane - East,3GBRI,Greater Brisbane,3,Queensland,QLD,277.1095,52,1733,644,300,1534,0.8,1147,2.1,776,842,0.9216152019002375,0.3595360824742268,0.44716494845360827,0.2706185567010309,0.125,0.07989690721649484,842,0.45368171021377673,0.2209026128266033,0.26365795724465557,1,0
301021551,Southern Moreton Bay Islands,30102,Cleveland - Stradbroke,301,Brisbane - East,3GBRI,Greater Brisbane,3,Queensland,QLD,39.9348,61,904,455,260,954,0.7,761,1.9,3802,4114,0.924161400097229,0.5412940557601262,0.6557075223566544,0.10547080483955813,0.03261441346659653,0.014203051025775907,4114,0.5063198833252309,0.2233835683033544,0.22946037919299953,1,1
301031014,Brisbane Port - Lytton,30103,Wynnum - Manly,301,Brisbane - East,3GBRI,Greater Brisbane,3,Queensland,QLD,32.7859,51,3200,1124,280,0,1.1,1374,1.4,0,4,0.0,,,,,,4,0.0,0.0,1.0,0,0
301031015,Manly - Lota,30103,Wynnum - Manly,301,Brisbane - East,3GBRI,Greater Brisbane,3,Queensland,QLD,4.1989,45,2167,928,410,2608,0.8,2051,2.5,2853,3016,0.9459549071618037,0.2222222222222222,0.27479845776375744,0.5113915177006659,0.33087977567472837,0.21100595864002805,3016,0.34316976127320953,0.35444297082228116,0.25862068965517243,1,1
301031016,Manly West,30103,Wynnum - Manly,301,Brisbane - East,3GBRI,Greater Brisbane,3,Queensland,QLD,4.9055,40,2050,919,435,2411,0.8,2117,2.7,4016,4303,0.9333023471996281,0.18102589641434264,0.2405378486055777,0.5306274900398407,0.31548804780876494,0.16409362549800796,4303,0.311178247734139,0.42993260515919124,0.22658610271903323,1,1
301031017,Murarrie,30103,Wynnum - Manly,301,Brisbane - East,3GBRI,Greater Brisbane,3,Queensland,QLD,8.4389,35,2167,1112,450,2688,0.8,2404,2.6,1670,1769,0.9440361786319955,0.12335329341317365,0.16167664670658682,0.6251497005988024,0.37065868263473056,0.21317365269461078,1769,0.2018089315997739,0.4296212549462973,0.3499152063312606,1,1
301031018,Tingalpa,30103,Wynnum - Manly,301,Brisbane - East,3GBRI,Greater Brisbane,3,Queensland,QLD,8.9263,38,1900,947,420,2321,0.8,1983,2.6,3154,3352,0.9409307875894988,0.16930881420418517,0.2222574508560558,0.4965123652504756,0.26506024096385544,0.12682308180088775,3352,0.2908711217183771,0.4412291169451074,0.2529832935560859,1,1
301031019,Wakerley,30103,Wynnum - Manly,301,Brisbane - East,3GBRI,Greater Brisbane,3,Queensland,QLD,5.1963,36,2383,1220,510,3166,0.8,3006,3.1,2836,2994,0.9472277889111557,0.08497884344146686,0.1156558533145275,0.7094499294781382,0.5010578279266573,0.3067700987306065,2994,0.21376085504342018,0.5624582498329993,0.20975283901135605,1,1
301031020,Wynnum,30103,Wynnum - Manly,301,Brisbane - East,3GBRI,Greater Brisbane,3,Queensland,QLD,6.1324,43,2167,912,400,2424,0.8,1882,2.4,5376,5673,0.9476467477525119,0.22265625,0.2806919642857143,0.47507440476190477,0.2864583333333333,0.16499255952380953,5673,0.28150890181561783,0.3550149832540102,0.34584875727128506,1,1
301031021,Wynnum West - Hemmant,30103,Wynnum - Manly,301,Brisbane - East,3GBRI,Greater Brisbane,3,Queensland,QLD,12.2743,38,1950,858,413,2188,0.8,1856,2.6,5389,5783,0.93186927200415,0.2161811096678419,0.272221191315643,0.4665058452403043,0.23640749675264427,0.10076080905548339,5783,0.25989970603492996,0.39304859069687015,0.32422618018329585,1,1
302011022,Bald Hills,30201,Bald Hills - Everton Park,302,Brisbane - North,3GBRI,Greater Brisbane,3,Queensland,QLD,13.3544,36,1750,875,390,2197,0.8,2018,2.8,2531,2704,0.9360207100591716,0.16120110628210194,0.21730541288028446,0.5061240616357171,0.23113393915448438,0.09363887791386803,2704,0.2585059171597633,0.47263313609467456,0.2507396449704142,1,1
302011023,Bridgeman Downs,30201,Bald Hills - Everton Park,302,Brisbane - North,3GBRI,Greater Brisbane,3,Queensland,QLD,9.4789,40,2500,1081,525,3050,0.7,2846,3.0,3244,3458,0.9381145170618855,0.11066584463625154,0.13902589395807644,0.6809494451294698,0.47626387176325524,0.3153514180024661,3458,0.3843262001156738,0.44303065355696936,0.15037593984962405,1,1
302011024,Carseldine,30201,Bald Hills - Everton Park,302,Brisbane - North,3GBRI,Greater Brisbane,3,Queensland,QLD,4.5456,41,2000,855,440,2334,0.7,2012,2.6,3353,3593,0.9332034511550237,0.19325976737250225,0.24604831494184312,0.5052192066805845,0.27438115120787354,0.1339099314047122,3593,0.34205399387698304,0.32173671026996936,0.2966880044531033,1,1
302011025,Everton Park,30201,Bald Hills - Everton Park,302,Brisbane - North,3GBRI,Greater Brisbane,3,Queensland,QLD,4.1663,35,1950,1042,420,2464,0.8,2024,2.4,3896,4109,0.9481625699683621,0.16606776180698152,0.22176591375770022,0.5059034907597536,0.28234086242299794,0.14348049281314168,4109,0.25066926259430516,0.3368216110975907,0.3962034558286688,1,1
302011026,McDowall,30201,Bald Hills - Everton Park,302,Brisbane - North,3GBRI,Greater Brisbane,3,Queensland,QLD,4.3856,38,2167,1056,460,2708,0.7,2461,2.8,2583,2744,0.9413265306122449,0.12233836624080527,0.16260162601626016,0.616337591947348,0.3875338753387534,0.2129307007355788,2744,0.36151603498542273,0.3979591836734694,0.23287172011661808,1,1
302021027,Aspley,30202,Chermside,302,Brisbane - North,3GBRI,Greater Brisbane,3,Queensland,QLD,6.258,43,2000,851,415,2343,0.8,1838,2.5,4709,5072,0.9284305993690851,0.24187725631768953,0.2979401146740285,0.4635803779995753,0.2764918241664897,0.14780208112125717,5072,0.36041009463722395,0.33201892744479494,0.23915615141955837,1,1
302021028,Chermside,30202,Chermside,302,Brisbane - North,3GBRI,Greater Brisbane,3,Queensland,QLD,3.3873,35,1690,844,370,1886,0.9,1419,1.9,5086,5393,0.943074355646208,0.271726307510814,0.34978372001572944,0.321274085725521,0.13271726307510814,0.05741250491545419,5393,0.1503801223808641,0.1655850176154274,0.6258112367884294,1,1
302021029,Chermside West,30202,Chermside,302,Brisbane - North,3GBRI,Greater Brisbane,3,Queensland,QLD,3.4032,37,2058,919,455,2438,0.8,2187,2.7,2234,2390,0.9347280334728033,0.16338406445837064,0.21486123545210384,0.5510295434198746,0.3178155774395703,0.14547896150402864,2390,0.3577405857740586,0.3702928870292887,0.24937238493723848,1,1
302021030,Geebung,30202,Chermside,302,Brisbane - North,3GBRI,Greater Brisbane,3,Queensland,QLD,4.0441,38,2000,956,420,2551,0.8,2164,2.7,1530,1622,0.9432799013563502,0.17908496732026144,0.23071895424836603,0.5418300653594771,0.30980392156862746,0.1477124183006536,1622,0.3082614056720099,0.41800246609124536,0.25832305795314425,1,1
302021031,Kedron - Gordon Park,30202,Chermside,302,Brisbane - North,3GBRI,Greater Brisbane,3,Queensland,QLD,5.22,35,2200,1134,375,2882,0.8,2142,2.4,5566,5864,0.949181446111869,0.16888250089831117,0.2181099532878189,0.5339561624146605,0.3458498023715415,0.21972691340280273,5864,0.1971350613915416,0.3601637107776262,0.41916780354706684,1,1
302021032,Stafford,30202,Chermside,302,Brisbane - North,3GBRI,Greater Brisbane,3,Queensland,QLD,3.4381,35,2000,968,360,2418,0.8,1762,2.2,2728,2893,0.9429657794676806,0.23020527859237536,0.2936217008797654,0.4508797653958944,0.2562316715542522,0.14149560117302054,2893,0.1897684064984445,0.30487383339094365,0.4832353957829243,1,1
302021033,Stafford Heights,30202,Chermside,302,Brisbane - North,3GBRI,Greater Brisbane,3,Queensland,QLD,2.9088,39,2167,897,410,2477,0.8,2091,2.6,2456,2608,0.941717791411043,0.20195439739413681,0.25814332247557004,0.5175081433224755,0.32003257328990226,0.16449511400651465,2608,0.31173312883435583,0.35774539877300615,0.2883435582822086,1,1
302021034,Wavell Heights,30202,Chermside,302,Brisbane - North,3GBRI,Greater Brisbane,3,Queensland,QLD,3.5792,37,2450,1154,430,3103,0.8,2638,2.7,3508,3717,0.9437718590260963,0.1402508551881414,0.18814139110604333,0.6200114025085519,0.4395667046750285,0.27223489167616877,3717,0.2897497982243745,0.4280333602367501,0.26634382566585957,1,1
302031035,Boondall,30203,Nundah,302,Brisbane - North,3GBRI,Greater Brisbane,3,Queensland,QLD,10.7506,38,1800,834,415,2179,0.7,1887,2.6,3296,3515,0.9376955903271693,0.20266990291262135,0.2600121359223301,0.4717839805825243,0.22057038834951456,0.10012135922330097,3515,0.30241820768136557,0.382076813655761,0.2739687055476529,1,1
302031036,Brisbane Airport,30203,Nundah,302,Brisbane - North,3GBRI,Greater Brisbane,3,Queensland,QLD,45.3241,35,0,966,350,2750,0.9,350,1.8,0,5,0.0,,,,,,5,0.6,0.0,0.0,0,0
302031037,Eagle Farm - Pinkenba,30203,Nundah,302,Brisbane - North,3GBRI,Greater Brisbane,3,Queensland,QLD,7.2339,38,1955,1269,450,2593,1.0,2060,1.8,1040,1058,0.9829867674858223,0.12596153846153846,0.1798076923076923,0.5096153846153846,0.2826923076923077,0.15096153846153845,1058,0.1776937618147448,0.21928166351606806,0.5812854442344045,1,1
302031038,Northgate - Virginia,30203,Nundah,302,Brisbane - North,3GBRI,Greater Brisbane,3,Queensland,QLD,6.1268,35,2167,1041,380,2776,0.8,2216,2.5,2559,2715,0.9425414364640884,0.1684251660805002,0.21492770613520906,0.5560765924189136,0.35443532629933566,0.20593982024228213,2715,0.2158379373848987,0.4044198895027624,0.36095764272559855,1,1
302031039,Nudgee - Banyo,30203,Nundah,302,Brisbane - North,3GBRI,Greater Brisbane,3,Queensland,QLD,13.9237,37,2091,1013,450,2620,0.8,2307,2.7,3615,3848,0.9394490644490644,0.14771784232365145,0.2,0.5792531120331951,0.3518672199170125,0.18035961272475795,3848,0.26507276507276506,0.4243762993762994,0.2915800415800416,1,1
302031040,Nundah,30203,Nundah,302,Brisbane - North,3GBRI,Greater Brisbane,3,Queensland,QLD,3.6726,35,1733,1058,370,2429,0.9,1763,2.0,6074,6365,0.9542812254516889,0.20200856108001317,0.2609483042476128,0.43480408297662165,0.22456371419163648,0.11392821863681264,6365,0.14846818538884524,0.28106834249803614,0.5487824037706206,1,1
302041041,Bracken Ridge,30204,Sandgate,302,Brisbane - North,3GBRI,Greater Brisbane,3,Queensland,QLD,8.1103,37,1800,834,410,2149,0.8,1972,2.8,5661,6061,0.9340042897211681,0.16869810987458048,0.2303479950538774,0.4926691397279633,0.24324324324324326,0.0996290408055114,6061,0.29054611450255735,0.4415113017653852,0.23807952483088599,1,1
302041042,Brighton (Qld),30204,Sandgate,302,Brisbane - North,3GBRI,Greater Brisbane,3,Queensland,QLD,6.4901,42,1993,910,400,2424,0.8,1981,2.6,3408,3675,0.9273469387755102,0.20598591549295775,0.26379107981220656,0.494424882629108,0.28726525821596244,0.1517018779342723,3675,0.31700680272108844,0.44,0.19755102040816327,1,1
302041043,Deagon,30204,Sandgate,302,Brisbane - North,3GBRI,Greater Brisbane,3,Queensland,QLD,2.8177,42,1846,831,350,2283,0.8,1605,2.3,1399,1532,0.9131853785900783,0.2651894210150107,0.31951393852751964,0.4295925661186562,0.2315939957112223,0.09864188706218728,1532,0.27284595300261094,0.3975195822454308,0.29112271540469975,1,1
302041044,Sandgate - Shorncliffe,30204,Sandgate,302,Brisbane - North,3GBRI,Greater Brisbane,3,Queensland,QLD,4.3474,48,2167,815,288,2772,0.8,1908,2.4,2415,2572,0.9389580093312597,0.25507246376811593,0.31801242236024846,0.48737060041407865,0.33291925465838507,0.19668737060041408,2572,0.3223172628304821,0.3402021772939347,0.29471228615863143,1,1
302041045,Taigum - Fitzgibbon,30204,Sandgate,302,Brisbane - North,3GBRI,Greater Brisbane,3,Queensland,QLD,6.2813,37,1679,783,390,1957,0.8,1568,2.4,5274,5583,0.9446534121440086,0.2466818354190368,0.31702692453545694,0.38168373151308305,0.16496018202502843,0.07072430792567311,5583,0.2418054809242343,0.3462296256492925,0.3464087408203475,1,1
302041046,Zillmere,30204,Sandgate,302,Brisbane - North,3GBRI,Greater Brisbane,3,Queensland,QLD,3.7003,34,1677,788,350,1756,0.8,1426,2.3,3660,3874,0.9447599380485286,0.2612021857923497,0.34098360655737703,0.3371584699453552,0.13825136612021857,0.043989071038251365,3874,0.18172431595250388,0.2640681466184822,0.5299432111512649,1,1
303011047,Camp Hill,30301,Carindale,303,Brisbane - South,3GBRI,Greater Brisbane,3,Queensland,QLD,4.5806,35,2600,1298,460,3498,0.8,3010,2.8,4037,4272,0.9449906367041199,0.1139459995045826,0.1441664602427545,0.6804557839980183,0.5006192717364379,0.3408471637354471,4272,0.26006554307116103,0.4353932584269663,0.28745318352059923,1,1
303011048,Cannon Hill,30301,Carindale,303,Brisbane - South,3GBRI,Greater Brisbane,3,Queensland,QLD,3.9524,34,2362,1136,450,2852,0.8,2320,2.5,2516,2677,0.9398580500560328,0.14149443561208266,0.18521462639109698,0.5882352941176471,0.36446740858505566,0.2253577106518283,2677,0.21852820321255137,0.3731789316398954,0.3911094508778483,1,1
303011049,Carina,30301,Carindale,303,Brisbane - South,3GBRI,Greater Brisbane,3,Queensland,QLD,4.3823,37,2000,1021,440,2472,0.8,2075,2.4,4473,4723,0.947067541816642,0.1857813547954393,0.23943661971830985,0.5215738877710708,0.2946568298680975,0.14732841493404875,4723,0.2568282871056532,0.3787846707601101,0.3279695109040864,1,1
303011050,Carina Heights,30301,Carindale,303,Brisbane - South,3GBRI,Greater Brisbane,3,Queensland,QLD,3.3991,36,1950,977,400,2359,0.8,1993,2.3,2632,2801,0.9396644055694395,0.18882978723404256,0.24240121580547114,0.4981003039513678,0.2784954407294833,0.14437689969604864,2801,0.22813280971081756,0.3423777222420564,0.4105676544091396,1,1
303011051,Carindale,30301,Carindale,303,Brisbane - South,3GBRI,Greater Brisbane,3,Queensland,QLD,10.1962,43,2400,910,533,2739,0.7,2382,2.8,5395,5721,0.9430169550777836,0.17720111214087117,0.22798887859128822,0.5772011121408712,0.40037071362372567,0.25764596848934196,5721,0.4570879216920119,0.36287362349239644,0.14612829924838314,1,1
303021052,Annerley,30302,Holland Park - Yeronga,303,Brisbane - South,3GBRI,Greater Brisbane,3,Queensland,QLD,2.8756,33,2000,960,360,2442,0.9,1831,2.2,4828,5105,0.945739471106758,0.20857497928748964,0.2613918806959403,0.4583678541839271,0.2649130074565037,0.14188069594034797,5105,0.1665034280117532,0.2742409402546523,0.540254652301665,1,1
303021053,Coorparoo,30302,Holland Park - Yeronga,303,Brisbane - South,3GBRI,Greater Brisbane,3,Queensland,QLD,5.3318,35,2058,1129,380,2839,0.8,2100,2.3,7190,7532,0.9545937334041423,0.15368567454798332,0.20584144645340752,0.5260083449235049,0.31780250347705147,0.20417246175243395,7532,0.21481678173127988,0.30855018587360594,0.44636218799787575,1,1
303021054,Fairfield - Dutton Park,30302,Holland Park - Yeronga,303,Brisbane - South,3GBRI,Greater Brisbane,3,Queensland,QLD,2.079,32,2167,914,400,2616,0.9,2055,2.4,1866,2003,0.9316025961058413,0.20042872454448016,0.2459807073954984,0.5171489817792069,0.3065380493033226,0.17684887459807075,2003,0.19221168247628556,0.2760858711932102,0.5097353969046431,1,1
303021055,Greenslopes,30302,Holland Park - Yeronga,303,Brisbane - South,3GBRI,Greater Brisbane,3,Queensland,QLD,2.9543,33,1866,1072,376,2566,0.9,1941,2.1,4450,4677,0.9514646140688475,0.17640449438202246,0.22764044943820225,0.4844943820224719,0.2660674157303371,0.14651685393258426,4677,0.15779345734445158,0.2800940774000428,0.5488561043403891,1,1
303021056,Holland Park,30302,Holland Park - Yeronga,303,Brisbane - South,3GBRI,Greater Brisbane,3,Queensland,QLD,3.2615,37,2300,1031,395,2964,0.8,2331,2.7,2991,3164,0.945322376738306,0.18789702440655298,0.23537278502173187,0.5727181544633901,0.39585422935473086,0.24908057505850886,3164,0.22187104930467763,0.39917825537294566,0.3438685208596713,1,1
303021057,Holland Park West,30302,Holland Park - Yeronga,303,Brisbane - South,3GBRI,Greater Brisbane,3,Queensland,QLD,2.566,36,2167,1067,390,2812,0.8,2196,2.5,2336,2471,0.9453662484823958,0.1840753424657534,0.22902397260273974,0.550513698630137,0.3505993150684932,0.22174657534246575,2471,0.2569809793605828,0.38365034399028736,0.33994334277620397,1,1
303021058,Woolloongabba,30302,Holland Park - Yeronga,303,Brisbane - South,3GBRI,Greater Brisbane,3,Queensland,QLD,2.4051,29,2000,868,440,2387,1.0,1864,2.1,3196,3395,0.9413843888070692,0.1999374217772215,0.2521902377972466,0.4637046307884856,0.2490613266583229,0.1276595744680851,3395,0.09867452135493372,0.16642120765832105,0.695139911634757,1,1
303021059,Yeronga,30302,Holland Park - Yeronga,303,Brisbane - South,3GBRI,Greater Brisbane,3,Queensland,QLD,6.0917,38,2167,1083,390,2896,0.8,2102,2.3,3970,4208,0.9434410646387833,0.18337531486146097,0.23652392947103273,0.5234256926952141,0.3438287153652393,0.22065491183879093,4208,0.25118821292775667,0.30584600760456276,0.3747623574144487,1,1
303031060,Eight Mile Plains,30303,Mt Gravatt,303,Brisbane - South,3GBRI,Greater Brisbane,3,Queensland,QLD,7.6828,36,1831,777,420,2055,0.8,1942,2.9,4735,5110,0.9266144814090019,0.18711721224920802,0.2405491024287223,0.4853220696937698,0.26610348468849,0.1307286166842661,5110,0.3162426614481409,0.31232876712328766,0.34227005870841487,1,1
303031061,Macgregor (Qld),30303,Mt Gravatt,303,Brisbane - South,3GBRI,Greater Brisbane,3,Queensland,QLD,2.6853,34,1950,634,430,1679,0.8,1752,3.0,1756,1911,0.9188906331763474,0.22323462414578588,0.29043280182232345,0.4390660592255125,0.22722095671981776,0.10250569476082004,1911,0.3746729461015175,0.2370486656200942,0.3532182103610675,1,1
303031062,Mansfield (Qld),30303,Mt Gravatt,303,Brisbane - South,3GBRI,Greater Brisbane,3,Queensland,QLD,5.3088,39,2144,781,430,2248,0.8,2060,3.0,2765,2946,0.938560760353021,0.19204339963833636,0.24484629294755877,0.5164556962025316,0.28282097649186255,0.12766726943942133,2946,0.3408010862186015,0.36693822131704007,0.2739307535641548,1,1
303031063,Mount Gravatt,30303,Mt Gravatt,303,Brisbane - South,3GBRI,Greater Brisbane,3,Queensland,QLD,7.3647,35,2031,948,395,2463,0.8,2017,2.5,5722,6027,0.9493943919031027,0.19853198182453688,0.24973785389723874,0.5043691017126879,0.29272981475008736,0.15798671793079344,6027,0.22448979591836735,0.3681765389082462,0.3869255019080803,1,1
303031064,Rochedale - Burbank,30303,Mt Gravatt,303,Brisbane - South,3GBRI,Greater Brisbane,3,Queensland,QLD,47.3459,34,2600,985,600,2615,0.8,2614,3.3,3125,3352,0.9322792362768496,0.12288,0.15744,0.64576,0.42656,0.25088,3352,0.27505966587112174,0.5152147971360382,0.18287589498806683,1,1
303031065,Upper Mount Gravatt,30303,Mt Gravatt,303,Brisbane - South,3GBRI,Greater Brisbane,3,Queensland,QLD,4.2122,33,1967,746,415,2057,0.9,1664,2.4,3857,4123,0.9354838709677419,0.2465646875810215,0.30801140782991965,0.4112004148301789,0.20767435830956701,0.09800362976406533,4123,0.243269463982537,0.2692214406985205,0.44263885520252244,1,1
303031066,Wishart,30303,Mt Gravatt,303,Brisbane - South,3GBRI,Greater Brisbane,3,Queensland,QLD,4.787,40,1959,784,440,2191,0.8,2017,2.9,3596,3781,0.9510711451996826,0.1774193548387097,0.22942157953281425,0.5041713014460512,0.27919911012235815,0.14516129032258066,3781,0.3615445649299127,0.3509653530811955,0.25443004496165034,1,1
303041067,Coopers Plains,30304,Nathan,303,Brisbane - South,3GBRI,Greater Brisbane,3,Queensland,QLD,4.3818,33,1733,722,376,1883,0.9,1606,2.6,1924,2085,0.9227817745803357,0.24324324324324326,0.31185031185031187,0.40540540540540543,0.18243243243243243,0.06340956340956341,2085,0.22541966426858512,0.26810551558753,0.48633093525179855,1,1
303041068,Moorooka,30304,Nathan,303,Brisbane - South,3GBRI,Greater Brisbane,3,Queensland,QLD,4.0941,36,2000,974,360,2452,0.8,1866,2.3,4213,4458,0.9450426200089727,0.21504865891288868,0.27035366722050796,0.4702112508901021,0.26798006171374317,0.13600759553762165,4458,0.22139973082099595,0.35195154777927323,0.4098250336473755,1,1
303041069,Robertson,30304,Nathan,303,Brisbane - South,3GBRI,Greater Brisbane,3,Queensland,QLD,1.9048,37,1950,660,400,1853,0.8,1664,2.8,1495,1627,0.9188690842040566,0.24347826086956523,0.3204013377926421,0.4214046822742475,0.23478260869565218,0.14046822742474915,1627,0.3859864781807007,0.18623232944068838,0.34480639213275965,1,1
303041070,Salisbury - Nathan,30304,Nathan,303,Brisbane - South,3GBRI,Greater Brisbane,3,Queensland,QLD,9.5473,34,2000,903,385,2525,0.8,2087,2.6,2533,2645,0.95765595463138,0.181997631267272,0.23963679431504145,0.5191472562179235,0.29885511251480457,0.1437031188314252,2645,0.2533081285444234,0.4340264650283554,0.29300567107750475,1,1
303041071,Tarragindi,30304,Nathan,303,Brisbane - South,3GBRI,Greater Brisbane,3,Queensland,QLD,4.5496,37,2453,1167,450,3313,0.8,2928,2.9,3522,3707,0.9500944159697869,0.11783077796706416,0.16042021578648497,0.663259511641113,0.4889267461669506,0.3194207836456559,3707,0.32829781494469923,0.45724305368222284,0.20043161586188293,1,1
303051072,Algester,30305,Rocklea - Acacia Ridge,303,Brisbane - South,3GBRI,Greater Brisbane,3,Queensland,QLD,3.6903,36,1750,752,395,1866,0.8,1716,2.8,2882,3051,0.9446083251392986,0.19188063844552394,0.26162387231089523,0.4198473282442748,0.17661346287300486,0.06280360860513533,3051,0.26876433956079976,0.4119960668633235,0.30678466076696165,1,1
303051073,Calamvale - Stretton,30305,Rocklea - Acacia Ridge,303,Brisbane - South,3GBRI,Greater Brisbane,3,Queensland,QLD,19.7359,35,1804,769,420,1959,0.8,1926,3.1,6772,7245,0.9347135955831608,0.16523922031896043,0.21972829297105728,0.4781453041937389,0.23833431777909037,0.11709982279976373,7245,0.28488612836438926,0.3946169772256729,0.2971704623878537,1,1
303051074,Pallara - Willawong,30305,Rocklea - Acacia Ridge,303,Brisbane - South,3GBRI,Greater Brisbane,3,Queensland,QLD,26.6981,31,2100,988,450,2380,0.8,2385,3.2,2920,3100,0.9419354838709677,0.08150684931506849,0.11335616438356165,0.638013698630137,0.3219178082191781,0.13184931506849315,3100,0.1267741935483871,0.594516129032258,0.26387096774193547,1,1
303051075,Parkinson - Drewvale,30305,Rocklea - Acacia Ridge,303,Brisbane - South,3GBRI,Greater Brisbane,3,Queensland,QLD,12.6742,36,1950,838,450,2242,0.8,2194,3.2,4539,4828,0.9401408450704225,0.12756113681427628,0.17757215245648822,0.5582727473011676,0.2892707644855695,0.13218770654329148,4828,0.24026512013256007,0.5242336371168186,0.20546810273405136,1,1
303051076,Rocklea - Acacia Ridge,30305,Rocklea - Acacia Ridge,303,Brisbane - South,3GBRI,Greater Brisbane,3,Queensland,QLD,22.4461,34,1517,659,335,1625,0.8,1350,2.5,3243,3491,0.9289601833285591,0.27474560592044406,0.3669441874807277,0.3049645390070922,0.10638297872340426,0.03546099290780142,3491,0.2013749641936408,0.28702377542251506,0.4783729590375251,1,1
303061077,Kuraby,30306,Sunnybank,303,Brisbane - South,3GBRI,Greater Brisbane,3,Queensland,QLD,4.6423,35,2100,726,400,2151,0.8,2079,3.2,2488,2676,0.929745889387145,0.17242765273311897,0.22347266881028938,0.5217041800643086,0.28858520900321544,0.15112540192926044,2676,0.32847533632286996,0.3845291479820628,0.23804185351270554,1,1
303061078,Runcorn,30306,Sunnybank,303,Brisbane - South,3GBRI,Greater Brisbane,3,Queensland,QLD,6.6898,34,1600,738,400,1810,0.8,1742,2.9,4424,4733,0.9347137122332558,0.18354430379746836,0.2468354430379747,0.4211121157323689,0.18670886075949367,0.08340867992766728,4733,0.2712867103317135,0.3255863088949926,0.3767166701880414,1,1
303061079,Sunnybank,30306,Sunnybank,303,Brisbane - South,3GBRI,Greater Brisbane,3,Queensland,QLD,4.387,35,1961,630,400,1604,0.8,1593,3.0,2691,2910,0.9247422680412372,0.22593831289483463,0.2969156447417317,0.3972500929022668,0.20735785953177258,0.10776662950575994,2910,0.35051546391752575,0.21477663230240548,0.39106529209621993,1,1
303061080,Sunnybank Hills,30306,Sunnybank,303,Brisbane - South,3GBRI,Greater Brisbane,3,Queensland,QLD,6.4409,37,1853,670,410,1805,0.8,1725,3.0,5339,5724,0.9327393431167016,0.21277392770181683,0.2805768870575014,0.4321033901479678,0.20921520884060685,0.099644128113879,5724,0.35744234800838576,0.30922431865828093,0.30345911949685533,1,1
304011081,Jindalee - Mount Ommaney,30401,Centenary,304,Brisbane - West,3GBRI,Greater Brisbane,3,Queensland,QLD,4.8007,41,2167,924,480,2630,0.7,2360,2.8,2505,2653,0.944214097248398,0.15728542914171656,0.20199600798403194,0.5792415169660678,0.38922155688622756,0.2155688622754491,2653,0.3950245005653977,0.4255559743686393,0.15454202789295138,1,1
304011082,Middle Park - Jamboree Heights,30401,Centenary,304,Brisbane - West,3GBRI,Greater Brisbane,3,Queensland,QLD,2.6736,39,1886,872,430,2345,0.8,2141,2.8,2377,2508,0.9477671451355661,0.16238956668068993,0.21960454354228018,0.5405973916701725,0.30668910391249476,0.1451409339503576,2508,0.36483253588516745,0.4190590111642743,0.1937799043062201,1,1
304011083,Riverhills,30401,Centenary,304,Brisbane - West,3GBRI,Greater Brisbane,3,Queensland,QLD,2.1789,36,1820,974,410,2309,0.7,2059,2.7,1434,1519,0.9440421329822252,0.14574616457461645,0.19595536959553697,0.5216178521617852,0.26359832635983266,0.12831241283124128,1519,0.25082290980908495,0.48321263989466756,0.24753127057274524,1,1
304011084,Seventeen Mile Rocks - Sinnamon Park,30401,Centenary,304,Brisbane - West,3GBRI,Greater Brisbane,3,Queensland,QLD,5.4184,43,2167,968,460,2843,0.7,2517,2.8,3109,3296,0.9432645631067961,0.13187520102926986,0.17722740431006753,0.6133805082019942,0.4142811193309746,0.26021228690897397,3296,0.3613470873786408,0.4350728155339806,0.17141990291262135,1,1
304011085,Westlake,30401,Centenary,304,Brisbane - West,3GBRI,Greater Brisbane,3,Queensland,QLD,1.9039,43,2275,1008,550,2858,0.7,2706,3.0,1379,1473,0.9361846571622539,0.10224800580130529,0.1406816533720087,0.6606236403190718,0.44887599709934733,0.28426395939086296,1473,0.4365241004752206,0.4392396469789545,0.10862186014935506,1,1
304021086,Bellbowrie - Moggill,30402,Kenmore - Brookfield - Moggill,304,Brisbane - West,3GBRI,Greater Brisbane,3,Queensland,QLD,17.4209,40,2076,935,450,2588,0.7,2385,3.0,3315,3525,0.9404255319148936,0.13363499245852187,0.18069381598793363,0.5945701357466063,0.37104072398190047,0.20874811463046758,3525,0.2927659574468085,0.546950354609929,0.1449645390070922,1,1
304021087,Brookfield - Kenmore Hills,30402,Kenmore - Brookfield - Moggill,304,Brisbane - West,3GBRI,Greater Brisbane,3,Queensland,QLD,58.0413,46,2700,1059,520,3601,0.7,3239,3.0,2062,2215,0.9309255079006772,0.12366634335596509,0.15373423860329777,0.6745877788554802,0.532007759456838,0.40591658583899126,2215,0.4623024830699774,0.4090293453724605,0.10293453724604966,1,1
304021088,Chapel Hill,30402,Kenmore - Brookfield - Moggill,304,Brisbane - West,3GBRI,Greater Brisbane,3,Queensland,QLD,5.3985,42,2407,1084,555,3227,0.7,2957,2.9,3366,3604,0.9339622641509434,0.11319073083778966,0.14705882352941177,0.6758764111705288,0.494058229352347,0.3392751039809863,3604,0.42341842397336293,0.42175360710321863,0.13845726970033295,1,1
304021089,Fig Tree Pocket,30402,Kenmore - Brookfield - Moggill,304,Brisbane - West,3GBRI,Greater Brisbane,3,Queensland,QLD,4.2808,40,3033,1205,590,4226,0.8,3791,3.2,1281,1351,0.9481865284974094,0.0858704137392662,0.11085089773614364,0.7361436377829821,0.5940671350507416,0.477751756440281,1351,0.41820873427091043,0.4381939304219097,0.13175425610658772,1,1
304021090,Kenmore,30402,Kenmore - Brookfield - Moggill,304,Brisbane - West,3GBRI,Greater Brisbane,3,Queensland,QLD,5.2795,40,2200,1032,510,2912,0.7,2493,2.8,3088,3293,0.9377467354995445,0.1330958549222798,0.17778497409326424,0.6126943005181347,0.4174222797927461,0.25680051813471505,3293,0.3565138171879745,0.4582447616155481,0.1673246279987853,1,1
304021091,Pinjarra Hills - Pullenvale,30402,Kenmore - Brookfield - Moggill,304,Brisbane - West,3GBRI,Greater Brisbane,3,Queensland,QLD,44.1902,45,2700,1113,523,3573,0.7,3388,3.1,1612,1722,0.9361207897793263,0.09925558312655088,0.1346153846153846,0.7096774193548387,0.5669975186104218,0.42121588089330025,1722,0.38443670150987225,0.5110336817653891,0.06329849012775841,1,1
304031092,Chelmer - Graceville,30403,Sherwood - Indooroopilly,304,Brisbane - West,3GBRI,Greater Brisbane,3,Queensland,QLD,3.2389,40,2800,1231,490,3665,0.8,3172,2.9,2403,2564,0.9372074882995319,0.11152725759467333,0.14773200166458594,0.6891385767790262,0.5280898876404494,0.3807740324594257,2564,0.3658346333853354,0.4278471138845554,0.18954758190327614,1,1
304031093,Corinda,30403,Sherwood - Indooroopilly,304,Brisbane - West,3GBRI,Greater Brisbane,3,Queensland,QLD,2.884,41,2200,985,385,2835,0.8,2168,2.6,1897,1983,0.956631366616238,0.18397469688982604,0.23668950975224037,0.5350553505535055,0.3732208750658935,0.24617817606747497,1983,0.31820474029248613,0.35653050932929903,0.28895612708018154,1,1
304031094,Indooroopilly,30403,Sherwood - Indooroopilly,304,Brisbane - West,3GBRI,Greater Brisbane,3,Queensland,QLD,7.3542,33,2039,922,440,2498,0.9,2070,2.5,4768,5092,0.9363707776904949,0.17407718120805368,0.22273489932885907,0.5178271812080537,0.3173238255033557,0.2080536912751678,5092,0.2835820895522388,0.24941084053417126,0.4459937156323645,1,1
304031095,Sherwood,30403,Sherwood - Indooroopilly,304,Brisbane - West,3GBRI,Greater Brisbane,3,Queensland,QLD,2.2804,38,2210,1059,395,2923,0.8,2073,2.4,2513,2631,0.9551501330292664,0.19140469558296858,0.240350179068842,0.5153203342618384,0.3434142459212097,0.23000397930760047,2631,0.29000380083618393,0.33105283162295707,0.3572786012922843,1,1
304031096,St Lucia,30403,Sherwood - Indooroopilly,304,Brisbane - West,3GBRI,Greater Brisbane,3,Queensland,QLD,3.4245,25,2000,548,410,2389,0.9,1761,2.4,3649,3936,0.9270833333333334,0.21211290764593038,0.267196492189641,0.4447793916141409,0.2603453000822143,0.17292408879144971,3936,0.2657520325203252,0.17759146341463414,0.5309959349593496,1,1
304031097,Taringa,30403,Sherwood - Indooroopilly,304,Brisbane - West,3GBRI,Greater Brisbane,3,Queensland,QLD,2.1143,33,1900,979,385,2479,0.9,1911,2.2,3663,3908,0.937308085977482,0.174993174993175,0.2263172263172263,0.4774774774774775,0.2727272727272727,0.16898716898716898,3908,0.24744114636642783,0.2387410440122825,0.4790174002047083,1,1
304041098,Enoggera,30404,The Gap - Enoggera,304,Brisbane - West,3GBRI,Greater Brisbane,3,Queensland,QLD,9.6008,32,2000,1131,360,2623,0.8,1975,2.3,3306,3512,0.9413439635535308,0.21264367816091953,0.2616454930429522,0.49364791288566245,0.29159104658197216,0.16545674531155474,3512,0.1776765375854214,0.2941343963553531,0.5056947608200456,1,1
304041099,Enoggera Reservoir,30404,The Gap - Enoggera,304,Brisbane - West,3GBRI,Greater Brisbane,3,Queensland,QLD,37.694,47,1270,574,450,1999,1.1,1624,2.6,7,13,0.5384615384615384,0.0,0.0,1.0,0.42857142857142855,0.42857142857142855,13,0.0,0.7692307692307693,0.38461538461538464,0,0
304041100,Keperra,30404,The Gap - Enoggera,304,Brisbane - West,3GBRI,Greater Brisbane,3,Queensland,QLD,5.1925,39,1950,795,400,2128,0.8,1633,2.4,2692,2876,0.9360222531293463,0.2529717682020802,0.3161218424962853,0.4212481426448737,0.22511144130757801,0.10438335809806835,2876,0.25764951321279556,0.32510431154381086,0.3306675938803894,1,1
304041101,Mitchelton,30404,The Gap - Enoggera,304,Brisbane - West,3GBRI,Greater Brisbane,3,Queensland,QLD,4.2224,36,2167,1039,400,2842,0.8,2240,2.6,3152,3316,0.9505428226779252,0.17385786802030456,0.22144670050761422,0.5567893401015228,0.35406091370558374,0.2017766497461929,3316,0.2436670687575392,0.3676115802171291,0.37454764776839566,1,1
304041102,Mount Coot-tha,30404,The Gap - Enoggera,304,Brisbane - West,3GBRI,Greater Brisbane,3,Queensland,QLD,14.5975,0,0,0,0,0,0.0,0,0.0,0,0,,,,,,,0,,,,0,0
304041103,The Gap,30404,The Gap - Enoggera,304,Brisbane - West,3GBRI,Greater Brisbane,3,Queensland,QLD,12.2584,42,2266,1036,490,2953,0.8,2572,2.9,5537,5840,0.9481164383561644,0.1271446631750045,0.1683221961350912,0.6183854072602493,0.4262235867798447,0.26909878995846126,5840,0.38801369863013696,0.44845890410958905,0.15085616438356164,1,1
304041104,Upper Kedron - Ferny Grove,30404,The Gap - Enoggera,304,Brisbane - West,3GBRI,Greater Brisbane,3,Queensland,QLD,13.2022,37,2167,1063,400,2764,0.8,2585,3.0,3566,3810,0.9359580052493438,0.10544026920919798,0.14610207515423443,0.6371284352215367,0.4127874369040942,0.2131239484015704,3810,0.2910761154855643,0.45354330708661417,0.24671916010498687,1,1
305011105,Brisbane City,30501,Brisbane Inner,305,Brisbane Inner City,3GBRI,Greater Brisbane,3,Queensland,QLD,2.366,31,2000,915,460,2419,1.0,1857,1.8,5517,5832,0.9459876543209876,0.20373391335870944,0.2562987130686968,0.46728294362878375,0.2686242523110386,0.16856987493202827,5832,0.15963648834019203,0.16032235939643347,0.651920438957476,1,1
305011106,Fortitude Valley,30501,Brisbane Inner,305,Brisbane Inner City,3GBRI,Greater Brisbane,3,Queensland,QLD,1.2745,31,1733,1059,400,2260,1.1,1670,1.6,4866,5107,0.9528098688075191,0.1853678586107686,0.24804767776407727,0.3927250308261406,0.17427044800657623,0.08795725441841348,5107,0.052868611709418444,0.14039553553945566,0.7885255531623262,1,1
305011107,Highgate Hill,30501,Brisbane Inner,305,Brisbane Inner City,3GBRI,Greater Brisbane,3,Queensland,QLD,1.21,37,2383,937,380,2651,0.9,1935,2.3,2389,2541,0.940181031090122,0.20217664294683968,0.2586856425282545,0.4834658853076601,0.31184596065299286,0.21180410213478443,2541,0.24557260920897284,0.23297914207005116,0.4970484061393152,1,1
305011108,Kangaroo Point,30501,Brisbane Inner,305,Brisbane Inner City,3GBRI,Greater Brisbane,3,Queensland,QLD,1.3389,36,1950,1170,450,2675,0.9,2059,1.8,4429,4709,0.9405393926523679,0.1639196206818695,0.2108828177918266,0.5190787988259201,0.2971325355610747,0.1785956197787311,4709,0.18496496071352728,0.17477171373964748,0.6209386281588448,1,1
305011109,New Farm,30501,Brisbane Inner,305,Brisbane Inner City,3GBRI,Greater Brisbane,3,Queensland,QLD,2.1438,39,2276,1220,405,3162,0.9,2069,1.9,5526,5808,0.9514462809917356,0.18765834238146942,0.2354325009048136,0.5182772348896127,0.338038364096996,0.23344191096634093,5808,0.2388085399449036,0.1993801652892562,0.5363292011019284,1,1
305011110,South Brisbane,30501,Brisbane Inner,305,Brisbane Inner City,3GBRI,Greater Brisbane,3,Queensland,QLD,2.0166,29,1950,888,470,2295,1.1,1831,1.9,5497,5798,0.9480855467402552,0.2122976168819356,0.26305257413134436,0.4553392759687102,0.23885755866836456,0.13989448790249226,5798,0.13038978958261468,0.14556743704725766,0.7021386685063815,1,1
305011111,Spring Hill,30501,Brisbane Inner,305,Brisbane Inner City,3GBRI,Greater Brisbane,3,Queensland,QLD,1.2432,31,1733,932,400,2321,1.1,1869,2.0,2702,2860,0.9447552447552447,0.17283493708364175,0.2239082161361954,0.45928941524796446,0.2387120651369356,0.13286454478164322,2860,0.11713286713286714,0.16993006993006993,0.691958041958042,1,1
305011112,West End,30501,Brisbane Inner,305,Brisbane Inner City,3GBRI,Greater Brisbane,3,Queensland,QLD,1.9654,33,2100,1128,450,2710,1.0,2103,2.1,6188,6521,0.9489342125440884,0.16661279896574013,0.20636716224951518,0.5302197802197802,0.30753070458952814,0.18956043956043955,6521,0.17773347646066553,0.21315749118233399,0.5833461125594234,1,1
305021113,Balmoral,30502,Brisbane Inner - East,305,Brisbane Inner City,3GBRI,Greater Brisbane,3,Queensland,QLD,1.3831,37,2708,1300,450,3427,0.8,2730,2.6,1632,1722,0.9477351916376306,0.13357843137254902,0.1721813725490196,0.6427696078431373,0.4632352941176471,0.32536764705882354,1722,0.22996515679442509,0.40069686411149824,0.34843205574912894,1,1
305021114,Bulimba,30502,Brisbane Inner - East,305,Brisbane Inner City,3GBRI,Greater Brisbane,3,Queensland,QLD,2.0607,40,2800,1402,500,3649,0.8,2868,2.4,2706,2880,0.9395833333333333,0.10753880266075388,0.1419068736141907,0.6626016260162602,0.48558758314855877,0.36215816703621584,2880,0.27743055555555557,0.34444444444444444,0.36527777777777776,1,1
305021115,East Brisbane,30502,Brisbane Inner - East,305,Brisbane Inner City,3GBRI,Greater Brisbane,3,Queensland,QLD,1.871,33,2167,1043,400,2700,0.9,2054,2.2,2395,2566,0.9333593141075605,0.1837160751565762,0.22839248434237996,0.5152400835073069,0.3106471816283925,0.2116910229645094,2566,0.17614964925954793,0.24084177708495713,0.5627435697583788,1,1
305021116,Hawthorne,30502,Brisbane Inner - East,305,Brisbane Inner City,3GBRI,Greater Brisbane,3,Queensland,QLD,1.3864,37,2800,1352,430,3945,0.8,3018,2.6,1818,1915,0.9493472584856397,0.11276127612761276,0.14906490649064907,0.6611661166116611,0.5,0.3855885588558856,1915,0.2475195822454308,0.372845953002611,0.36553524804177545,1,1
305021117,Morningside - Seven Hills,30502,Brisbane Inner - East,305,Brisbane Inner City,3GBRI,Greater Brisbane,3,Queensland,QLD,6.6453,34,2167,1194,430,2920,0.8,2323,2.4,5316,5656,0.9398868458274399,0.13939051918735892,0.18190368698269377,0.5869074492099323,0.36756960120391274,0.22234762979683972,5656,0.16884724186704383,0.37004950495049505,0.44501414427157,1,1
305021118,Norman Park,30502,Brisbane Inner - East,305,Brisbane Inner City,3GBRI,Greater Brisbane,3,Queensland,QLD,2.2523,35,2600,1319,450,3478,0.8,2918,2.6,2386,2522,0.9460745440126883,0.1077116512992456,0.14291701592623637,0.6672254819782062,0.4911986588432523,0.3461860854987427,2522,0.23830293417922285,0.4115781126090404,0.33743061062648694,1,1
305031119,Albion,30503,Brisbane Inner - North,305,Brisbane Inner City,3GBRI,Greater Brisbane,3,Queensland,QLD,1.5055,32,2000,1161,410,2603,0.9,2052,2.0,1830,1952,0.9375,0.13224043715846995,0.17923497267759564,0.519672131147541,0.28688524590163933,0.17431693989071037,1952,0.15112704918032788,0.2146516393442623,0.5870901639344263,1,1
305031120,Alderley,30503,Brisbane Inner - North,305,Brisbane Inner City,3GBRI,Greater Brisbane,3,Queensland,QLD,2.4567,35,2200,1196,395,3122,0.8,2347,2.4,2473,2609,0.947872748179379,0.14355034371209058,0.18479579458148,0.5847149211484027,0.39021431459765465,0.26162555600485243,2609,0.23610578765810655,0.3487926408585665,0.4028363357608279,1,1
305031121,Ascot,30503,Brisbane Inner - North,305,Brisbane Inner City,3GBRI,Greater Brisbane,3,Queensland,QLD,2.4681,39,2400,1178,390,3254,0.8,2208,2.2,2284,2425,0.9418556701030928,0.1725043782837128,0.2202276707530648,0.5529772329246935,0.37040280210157617,0.26882661996497376,2425,0.2738144329896907,0.2709278350515464,0.4222680412371134,1,1
305031122,Clayfield,30503,Brisbane Inner - North,305,Brisbane Inner City,3GBRI,Greater Brisbane,3,Queensland,QLD,2.9262,37,2000,1099,350,2832,0.8,1931,2.2,4467,4693,0.9518431706797358,0.17036042086411463,0.2278934407880009,0.48376986792030446,0.3024401164092232,0.2088650100738751,4693,0.24248881312593223,0.3047091412742382,0.4312806307266141,1,1
305031123,Grange,30503,Brisbane Inner - North,305,Brisbane Inner City,3GBRI,Greater Brisbane,3,Queensland,QLD,1.7881,37,2600,1322,460,3836,0.8,3243,2.9,1512,1590,0.9509433962264151,0.11838624338624339,0.15079365079365079,0.6832010582010583,0.533068783068783,0.39285714285714285,1590,0.29874213836477986,0.4320754716981132,0.25157232704402516,1,1
305031124,Hamilton (Qld),30503,Brisbane Inner - North,305,Brisbane Inner City,3GBRI,Greater Brisbane,3,Queensland,QLD,1.6387,42,2167,1198,420,2969,0.9,2061,2.0,2907,3066,0.9481409001956947,0.15067079463364294,0.21155830753353974,0.5153078775369797,0.3319573443412453,0.23357413140694874,3066,0.241030658838878,0.23483365949119372,0.49967384213959554,1,1
305031125,Hendra,30503,Brisbane Inner - North,305,Brisbane Inner City,3GBRI,Greater Brisbane,3,Queensland,QLD,2.6919,39,2900,1214,550,3631,0.7,3018,2.7,1668,1773,0.9407783417935702,0.1366906474820144,0.17685851318944845,0.6360911270983214,0.5035971223021583,0.3723021582733813,1773,0.32430908065425834,0.42470389170896783,0.22955442752397068,1,1
305031126,Kelvin Grove - Herston,30503,Brisbane Inner - North,305,Brisbane Inner City,3GBRI,Greater Brisbane,3,Queensland,QLD,3.3694,29,2080,784,400,2321,1.0,1759,2.3,3721,3953,0.9413103971667088,0.2235958075786079,0.28164471916151573,0.4402042461703843,0.2528890083310938,0.15560333243751678,3953,0.1353402479129775,0.20996711358461928,0.630407285605869,1,1
305031127,Newmarket,30503,Brisbane Inner - North,305,Brisbane Inner City,3GBRI,Greater Brisbane,3,Queensland,QLD,1.6584,33,2167,1038,383,3094,0.8,2251,2.5,1811,1917,0.9447052686489307,0.1673108779679735,0.21866372170071782,0.5499723909442297,0.38321369409166206,0.2528989508558807,1917,0.22535211267605634,0.29473135106937925,0.4507042253521127,1,1
305031128,Newstead - Bowen Hills,30503,Brisbane Inner - North,305,Brisbane Inner City,3GBRI,Greater Brisbane,3,Queensland,QLD,3.0558,33,2000,1405,450,2916,1.0,2160,1.7,9017,9445,0.9546850185283219,0.11034712210269491,0.15393146279250305,0.5531773317067761,0.3203948098037041,0.19263613175113675,9445,0.11720487030174695,0.17173107464266807,0.6857596611964002,1,1
305031129,Wilston,30503,Brisbane Inner - North,305,Brisbane Inner City,3GBRI,Greater Brisbane,3,Queensland,QLD,1.3878,37,2708,1253,400,3969,0.8,3003,2.7,1357,1449,0.9365079365079365,0.1208548268238762,0.15549005158437731,0.6418570375829035,0.5018422991893884,0.3920412675018423,1449,0.305728088336784,0.347135955831608,0.3333333333333333,1,1
305031130,Windsor,30503,Brisbane Inner - North,305,Brisbane Inner City,3GBRI,Greater Brisbane,3,Queensland,QLD,2.9152,32,2278,1138,400,2903,0.9,2192,2.3,3152,3341,0.9434301107452858,0.15831218274111675,0.20241116751269037,0.5558375634517766,0.33153553299492383,0.21605329949238578,3341,0.1643220592636935,0.2663873091888656,0.5501346902125113,1,1
305031131,Wooloowin - Lutwyche,30503,Brisbane Inner - North,305,Brisbane Inner City,3GBRI,Greater Brisbane,3,Queensland,QLD,3.0848,34,2200,1105,380,2839,0.9,2086,2.2,4361,4596,0.9488685813751088,0.15776198119697318,0.2086677367576244,0.524421004356799,0.3136895207521211,0.20729190552625545,4596,0.17297650130548303,0.2793733681462141,0.5265448215839861,1,1
305041132,Ashgrove,30504,Brisbane Inner - West,305,Brisbane Inner City,3GBRI,Greater Brisbane,3,Queensland,QLD,6.5216,38,2600,1153,440,3643,0.8,2873,2.8,4474,4729,0.9460773947980545,0.12963790791238267,0.17188198480107286,0.6490835940992401,0.48345999105945464,0.35762181493071077,4729,0.30957919221822794,0.4051596532036371,0.26876718122224574,1,1
305041133,Auchenflower,30504,Brisbane Inner - West,305,Brisbane Inner City,3GBRI,Greater Brisbane,3,Queensland,QLD,1.2722,32,2167,1071,390,3040,0.9,2180,2.3,2245,2378,0.9440706476030277,0.14743875278396437,0.1973273942093541,0.5501113585746102,0.3469933184855234,0.2400890868596882,2378,0.23675357443229605,0.27417998317914216,0.47056349873843567,1,1
305041134,Bardon,30504,Brisbane Inner - West,305,Brisbane Inner City,3GBRI,Greater Brisbane,3,Queensland,QLD,4.6852,38,2903,1334,495,4186,0.8,3407,2.8,3262,3503,0.931201827005424,0.10423053341508277,0.13703249540159412,0.6912936848559166,0.5561005518087063,0.42581238503985286,3503,0.33742506423065943,0.43134456180416786,0.21181844133599773,1,1
305041135,Paddington - Milton,30504,Brisbane Inner - West,305,Brisbane Inner City,3GBRI,Greater Brisbane,3,Queensland,QLD,3.5836,33,2500,1248,450,3391,0.9,2426,2.3,4676,5011,0.9331470764318499,0.13152266894781864,0.17258340461933278,0.6137724550898204,0.410393498716852,0.2863558597091531,5011,0.20874077030532828,0.2656156455797246,0.5058870484933147,1,1
305041136,Red Hill (Qld),30504,Brisbane Inner - West,305,Brisbane Inner City,3GBRI,Greater Brisbane,3,Queensland,QLD,1.69,32,2700,1122,430,3375,0.8,2355,2.4,2184,2344,0.931740614334471,0.15521978021978022,0.20238095238095238,0.5714285714285714,0.4097985347985348,0.28708791208791207,2344,0.19581911262798635,0.32081911262798635,0.45947098976109213,1,1
305041137,Toowong,30504,Brisbane Inner - West,305,Brisbane Inner City,3GBRI,Greater Brisbane,3,Queensland,QLD,3.8829,30,2052,972,420,2628,0.9,1932,2.1,5009,5320,0.9415413533834587,0.17428628468756238,0.22599321221800758,0.48213216210820525,0.2810940307446596,0.1776801756837692,5320,0.21109022556390977,0.22631578947368422,0.5437969924812031,1,1
306011138,Brinsmead,30601,Cairns - North,306,Cairns,3RQLD,Rest of Qld,3,Queensland,QLD,5.1185,39,1733,979,450,2374,0.8,2190,2.8,1741,1897,0.9177648919346336,0.13785180930499713,0.1935669155657668,0.5491097070649053,0.30040206777713957,0.13785180930499713,1897,0.29731154454401687,0.4802319451765946,0.20084343700579863,1,1
306011139,Clifton Beach - Kewarra Beach,30601,Cairns - North,306,Cairns,3RQLD,Rest of Qld,3,Queensland,QLD,37.6377,47,1733,818,400,1984,0.7,1638,2.4,4225,4552,0.9281634446397188,0.22011834319526627,0.29088757396449705,0.40449704142011833,0.1957396449704142,0.09159763313609467,4552,0.3431458699472759,0.3563268892794376,0.2827328646748682,1,1
306011140,Freshwater - Stratford,30601,Cairns - North,306,Cairns,3RQLD,Rest of Qld,3,Queensland,QLD,15.1181,41,1647,1026,350,2270,0.8,1841,2.4,1372,1483,0.9251517194875253,0.17857142857142858,0.2325072886297376,0.45481049562682213,0.25145772594752186,0.12099125364431487,1483,0.3088334457181389,0.3978422117329737,0.2791638570465273,1,1
306011141,Redlynch,30601,Cairns - North,306,Cairns,3RQLD,Rest of Qld,3,Queensland,QLD,59.3881,38,1800,969,420,2405,0.8,2193,2.9,4118,4499,0.9153145143365192,0.1391452161243322,0.1884409907722195,0.5558523555123847,0.30378824672170957,0.14715881495871783,4499,0.26939319848855303,0.5050011113580796,0.2120471215825739,1,1
306011142,Trinity Beach - Smithfield,30601,Cairns - North,306,Cairns,3RQLD,Rest of Qld,3,Queensland,QLD,22.0477,38,1733,859,420,2113,0.8,1800,2.6,5570,6079,0.9162691232110545,0.19712746858168761,0.2608617594254937,0.4486535008976661,0.21759425493716336,0.09640933572710951,6079,0.24905412074354336,0.4119098535943412,0.3196249383122224,1,1
306011143,Yorkeys Knob - Machans Beach,30601,Cairns - North,306,Cairns,3RQLD,Rest of Qld,3,Queensland,QLD,21.0049,46,1408,791,310,1744,0.8,1327,2.1,2444,2648,0.9229607250755287,0.28314238952536824,0.37643207855973815,0.3027823240589198,0.12643207855973815,0.05237315875613748,2648,0.27152567975830816,0.30438066465256797,0.3972809667673716,1,1
306021144,Bentley Park,30602,Cairns - South,306,Cairns,3RQLD,Rest of Qld,3,Queensland,QLD,6.8595,32,1517,821,385,1948,0.8,1831,3.0,2356,2618,0.8999236058059588,0.15280135823429541,0.22580645161290322,0.43930390492359933,0.18293718166383702,0.06196943972835314,2618,0.17723453017570664,0.46294881588999237,0.339572192513369,1,1
306021145,Cairns City,30602,Cairns - South,306,Cairns,3RQLD,Rest of Qld,3,Queensland,QLD,6.2093,37,1300,838,330,1794,0.9,1375,2.0,3962,4288,0.9239738805970149,0.276123170116103,0.36042402826855124,0.31701161029782937,0.1431095406360424,0.06915699141847552,4288,0.18003731343283583,0.181669776119403,0.5988805970149254,1,1
306021146,Earlville - Bayview Heights,30602,Cairns - South,306,Cairns,3RQLD,Rest of Qld,3,Queensland,QLD,7.8621,43,1522,789,340,1967,0.8,1478,2.4,2969,3269,0.9082288161517283,0.2670932974065342,0.339508251936679,0.3829572246547659,0.19366790165038733,0.08858201414617717,3269,0.3420006118078923,0.3416947078617314,0.2594065463444478,1,1
306021147,Edmonton,30602,Cairns - South,306,Cairns,3RQLD,Rest of Qld,3,Queensland,QLD,19.9982,33,1517,795,350,1878,0.8,1643,2.8,3338,3658,0.9125205030071077,0.2177950868783703,0.28460155781905333,0.3894547633313361,0.16237267825044938,0.06530856800479329,3658,0.2217058501913614,0.42837616183706945,0.31957353745215966,1,1
306021148,Gordonvale - Trinity,30602,Cairns - South,306,Cairns,3RQLD,Rest of Qld,3,Queensland,QLD,327.0868,38,1625,841,330,2058,0.8,1790,2.7,2989,3290,0.9085106382978724,0.19371027099364335,0.2539310806289729,0.44663767146202743,0.21144195383071263,0.08464369354299096,3290,0.29513677811550154,0.4635258358662614,0.20851063829787234,1,1
306021149,Kanimbla - Mooroobool,30602,Cairns - South,306,Cairns,3RQLD,Rest of Qld,3,Queensland,QLD,7.6847,40,1625,782,345,1970,0.8,1713,2.6,3244,3516,0.9226393629124005,0.20221948212083848,0.27065351418002465,0.41584463625154133,0.21023427866831074,0.11035758323057954,3516,0.30773606370875994,0.38196814562002274,0.28640500568828214,1,1
306021150,Lamb Range,30602,Cairns - South,306,Cairns,3RQLD,Rest of Qld,3,Queensland,QLD,212.6428,10,0,1499,0,2750,2.0,2750,6.0,0,0,,,,,,,0,,,,0,0
306021151,Manoora,30602,Cairns - South,306,Cairns,3RQLD,Rest of Qld,3,Queensland,QLD,2.2314,36,1100,629,270,1338,0.9,1054,2.2,2215,2419,0.9156676312525837,0.36343115124153497,0.47313769751693,0.19322799097065463,0.053724604966139955,0.01805869074492099,2419,0.1653575857792476,0.20876395204630013,0.5928069450186028,1,1
306021152,Manunda,30602,Cairns - South,306,Cairns,3RQLD,Rest of Qld,3,Queensland,QLD,4.2458,39,1300,648,259,1472,1.0,1069,2.1,1989,2168,0.9174354243542435,0.36450477626948213,0.4746103569632981,0.2096530920060332,0.08094519859225742,0.032679738562091505,2168,0.20249077490774908,0.20987084870848707,0.5511992619926199,1,1
306021153,Mount Sheridan,30602,Cairns - South,306,Cairns,3RQLD,Rest of Qld,3,Queensland,QLD,6.7389,37,1542,857,390,2018,0.8,1826,2.7,2795,3041,0.91910555738244,0.16958855098389983,0.23255813953488372,0.44651162790697674,0.20679785330948122,0.08694096601073345,3041,0.2788556395922394,0.4360407760605064,0.2634001973035186,1,1
306021154,Westcourt - Bungalow,30602,Cairns - South,306,Cairns,3RQLD,Rest of Qld,3,Queensland,QLD,9.7287,39,1300,677,280,1514,1.0,1154,2.0,2424,2650,0.9147169811320754,0.3510726072607261,0.4381188118811881,0.23143564356435645,0.08374587458745875,0.037541254125412545,2650,0.17773584905660378,0.18264150943396226,0.5735849056603773,1,1
306021155,White Rock,30602,Cairns - South,306,Cairns,3RQLD,Rest of Qld,3,Queensland,QLD,9.5277,37,1343,694,340,1588,0.8,1396,2.6,1543,1678,0.9195470798569726,0.2657161373946857,0.36033700583279327,0.30654569021386907,0.09915748541801685,0.031108230719377836,1678,0.2306317044100119,0.3539928486293206,0.35876042908224076,1,1
306021156,Whitfield - Edge Hill,30602,Cairns - South,306,Cairns,3RQLD,Rest of Qld,3,Queensland,QLD,6.9259,43,1733,915,325,2217,0.8,1677,2.3,3061,3328,0.9197716346153846,0.22182293368180334,0.2904279647174126,0.4181639986932375,0.24371120548840247,0.13655668082326036,3328,0.32271634615384615,0.32091346153846156,0.3290264423076923,1,1
306021157,Woree,30602,Cairns - South,306,Cairns,3RQLD,Rest of Qld,3,Queensland,QLD,5.7346,38,1300,679,280,1417,0.9,1152,2.3,1677,1858,0.9025834230355221,0.32737030411449014,0.4317233154442457,0.23315444245676803,0.07751937984496124,0.031604054859868815,1858,0.22120559741657697,0.22981700753498385,0.5172228202368138,1,1
306031158,Babinda,30603,Innisfail - Cassowary Coast,306,Cairns,3RQLD,Rest of Qld,3,Queensland,QLD,669.1832,47,1367,670,240,1668,0.8,1320,2.4,1491,1666,0.8949579831932774,0.30315224681421865,0.3890006706908115,0.32461435278336687,0.13547954393024816,0.05902079141515761,1666,0.42737094837935174,0.3055222088835534,0.1992797118847539,1,1
306031159,Innisfail,30603,Innisfail - Cassowary Coast,306,Cairns,3RQLD,Rest of Qld,3,Queensland,QLD,53.0453,41,1192,621,250,1426,0.8,1105,2.4,3184,3484,0.9138920780711826,0.355213567839196,0.46168341708542715,0.24685929648241206,0.09610552763819095,0.032663316582914576,3484,0.3404133180252583,0.19489092996555682,0.419345579793341,1,1
306031160,Johnstone,30603,Innisfail - Cassowary Coast,306,Cairns,3RQLD,Rest of Qld,3,Queensland,QLD,1294.6919,47,1300,674,250,1552,0.8,1301,2.4,2648,2935,0.9022146507666099,0.311178247734139,0.395392749244713,0.2919184290030212,0.12084592145015106,0.04871601208459214,2935,0.468824531516184,0.2851788756388416,0.19250425894378195,1,1
306031161,Tully,30603,Innisfail - Cassowary Coast,306,Cairns,3RQLD,Rest of Qld,3,Queensland,QLD,3065.1355,48,1300,644,265,1450,0.8,1190,2.3,3800,4237,0.8968609865470852,0.3368421052631579,0.43342105263157893,0.26394736842105265,0.10684210526315789,0.041842105263157896,4237,0.4085437809771064,0.2433325466131697,0.28911966013688933,1,1
306031162,Wooroonooran,30603,Innisfail - Cassowary Coast,306,Cairns,3RQLD,Rest of Qld,3,Queensland,QLD,754.2885,60,5200,1125,0,2250,0.5,2250,1.5,0,3,0.0,,,,,,3,0.0,0.0,0.0,0,0
306031163,Yarrabah,30603,Innisfail - Cassowary Coast,306,Cairns,3RQLD,Rest of Qld,3,Queensland,QLD,158.8381,25,1392,337,150,911,1.5,1254,4.5,424,486,0.8724279835390947,0.32547169811320753,0.4080188679245283,0.21226415094339623,0.05188679245283019,0.01650943396226415,486,0.10493827160493827,0.006172839506172839,0.7860082304526749,0,0
306041164,Daintree,30604,Port Douglas - Daintree,306,Cairns,3RQLD,Rest of Qld,3,Queensland,QLD,2231.2024,47,1408,648,260,1520,0.8,1201,2.3,2271,2515,0.9029821073558648,0.3289299867899604,0.42536327608982827,0.261558784676354,0.09951563188022898,0.046235138705416116,2515,0.3753479125248509,0.3081510934393638,0.2679920477137177,1,1
306041165,Port Douglas,30604,Port Douglas - Daintree,306,Cairns,3RQLD,Rest of Qld,3,Queensland,QLD,189.8889,45,1665,824,350,1851,0.8,1441,2.2,1833,2015,0.9096774193548387,0.2553191489361702,0.3382433169667212,0.3436988543371522,0.132569558101473,0.06764866339334424,2015,0.30818858560794044,0.3022332506203474,0.3617866004962779,1,1
306051166,Atherton,30605,Tablelands (East) - Kuranda,306,Cairns,3RQLD,Rest of Qld,3,Queensland,QLD,235.1883,45,1460,668,280,1620,0.8,1208,2.3,4033,4499,0.8964214269837741,0.34267294817753535,0.4316885693032482,0.29233820976940245,0.11877014629308208,0.05281428217208034,4499,0.4029784396532563,0.25872416092464995,0.29628806401422536,1,1
306051167,Herberton,30605,Tablelands (East) - Kuranda,306,Cairns,3RQLD,Rest of Qld,3,Queensland,QLD,9566.224,52,1083,483,230,1182,0.9,900,2.2,1814,2078,0.8729547641963427,0.44652701212789414,0.5512679162072768,0.18302094818081588,0.07442116868798236,0.03307607497243661,2078,0.47786333012512033,0.2492781520692974,0.1958614051973051,1,1
306051168,Kuranda,30605,Tablelands (East) - Kuranda,306,Cairns,3RQLD,Rest of Qld,3,Queensland,QLD,591.3182,47,1647,622,270,1644,0.9,1352,2.5,1564,1735,0.9014409221902018,0.29092071611253195,0.3663682864450128,0.3305626598465473,0.1483375959079284,0.05690537084398977,1735,0.3919308357348703,0.3642651296829971,0.19711815561959653,1,1
306051169,Malanda - Yungaburra,30605,Tablelands (East) - Kuranda,306,Cairns,3RQLD,Rest of Qld,3,Queensland,QLD,1254.9789,51,1430,661,260,1534,0.8,1296,2.4,3053,3408,0.8958333333333334,0.31411726170979365,0.39174582377988865,0.30789387487717,0.1487061906321651,0.06845725515886014,3408,0.48884976525821594,0.2652582159624413,0.19923708920187794,1,1
306051170,Mareeba,30605,Tablelands (East) - Kuranda,306,Cairns,3RQLD,Rest of Qld,3,Queensland,QLD,480.2032,41,1495,689,285,1607,0.8,1282,2.5,3852,4281,0.8997897687456202,0.31593977154724817,0.40420560747663553,0.3073727933541018,0.13707165109034267,0.05321910695742471,4281,0.3749124036440084,0.26278906797477225,0.3020322354590049,1,1
307011171,Balonne,30701,Darling Downs (West) - Maranoa,307,Darling Downs - Maranoa,3RQLD,Rest of Qld,3,Queensland,QLD,31104.0851,40,1169,780,200,1704,0.8,1358,2.4,1408,1588,0.8866498740554156,0.29048295454545453,0.3600852272727273,0.3252840909090909,0.14488636363636365,0.06960227272727272,1588,0.33123425692695213,0.21662468513853905,0.336272040302267,1,1
307011172,Chinchilla,30701,Darling Downs (West) - Maranoa,307,Darling Downs - Maranoa,3RQLD,Rest of Qld,3,Queensland,QLD,8048.7229,35,1314,794,250,1930,0.8,1549,2.6,2633,2944,0.8943614130434783,0.25104443600455756,0.32776300797569313,0.38966957842764904,0.19217622483858715,0.09988606152677554,2944,0.2921195652173913,0.2751358695652174,0.37771739130434784,1,1
307011173,Goondiwindi,30701,Darling Downs (West) - Maranoa,307,Darling Downs - Maranoa,3RQLD,Rest of Qld,3,Queensland,QLD,830.4585,38,1517,859,295,1995,0.8,1629,2.5,1968,2210,0.890497737556561,0.23628048780487804,0.30589430894308944,0.3953252032520325,0.17632113821138212,0.0741869918699187,2210,0.3009049773755656,0.3067873303167421,0.3547511312217195,1,1
307011174,Inglewood - Waggamba,30701,Darling Downs (West) - Maranoa,307,Darling Downs - Maranoa,3RQLD,Rest of Qld,3,Queensland,QLD,17523.0601,45,867,592,200,1381,0.8,1118,2.4,1382,1545,0.8944983818770227,0.36903039073806077,0.45224312590448623,0.23878437047756873,0.0918958031837916,0.03979739507959479,1545,0.42718446601941745,0.19935275080906148,0.24724919093851133,1,1
307011175,Miles - Wandoan,30701,Darling Downs (West) - Maranoa,307,Darling Downs - Maranoa,3RQLD,Rest of Qld,3,Queensland,QLD,11841.615,38,1018,774,200,1628,0.7,1334,2.4,1310,1465,0.89419795221843,0.29465648854961835,0.37404580152671757,0.30916030534351147,0.13435114503816795,0.07251908396946564,1465,0.34266211604095564,0.19112627986348124,0.35221843003412967,1,1
307011176,Roma,30701,Darling Downs (West) - Maranoa,307,Darling Downs - Maranoa,3RQLD,Rest of Qld,3,Queensland,QLD,78.0284,35,1300,957,250,2171,0.7,1706,2.4,2265,2518,0.8995234312946783,0.2194260485651214,0.2883002207505519,0.4194260485651214,0.1880794701986755,0.06710816777041943,2518,0.24702144559173947,0.26092136616362194,0.45432883240667193,1,1
307011177,Roma Surrounds,30701,Darling Downs (West) - Maranoa,307,Darling Downs - Maranoa,3RQLD,Rest of Qld,3,Queensland,QLD,58626.3627,42,1114,770,155,1872,0.8,1436,2.5,1750,2063,0.8482792050412021,0.296,0.36628571428571427,0.356,0.17314285714285715,0.08914285714285715,2063,0.43044110518662143,0.2617547261269995,0.18565196316044597,1,1
307011178,Tara,30701,Darling Downs (West) - Maranoa,307,Darling Downs - Maranoa,3RQLD,Rest of Qld,3,Queensland,QLD,13208.4392,47,790,494,180,1195,0.8,945,2.3,1225,1416,0.8651129943502824,0.41959183673469386,0.5306122448979592,0.18693877551020407,0.07102040816326531,0.036734693877551024,1416,0.5141242937853108,0.1730225988700565,0.1984463276836158,1,1
307021179,Crows Nest - Rosalie,30702,Darling Downs - East,307,Darling Downs - Maranoa,3RQLD,Rest of Qld,3,Queensland,QLD,3250.6881,50,1300,547,250,1363,0.8,1109,2.4,3091,3443,0.8977635782747604,0.3726949207376254,0.4616628922678745,0.24522808152701392,0.10287932707861533,0.04205758654157231,3443,0.46383967470229454,0.2950914899796689,0.17862329363926807,1,1
307021180,Jondaryan,30702,Darling Downs - East,307,Darling Downs - Maranoa,3RQLD,Rest of Qld,3,Queensland,QLD,2130.3447,41,1300,712,260,1628,0.8,1357,2.6,2409,2659,0.9059796916133885,0.26899128268991285,0.3586550435865504,0.3171440431714404,0.12370278123702781,0.04690743046907431,2659,0.36630312147423844,0.2884543061301241,0.292591199699135,1,1
307021181,Millmerran,30702,Darling Downs - East,307,Darling Downs - Maranoa,3RQLD,Rest of Qld,3,Queensland,QLD,4517.0062,47,1000,620,220,1502,0.8,1200,2.4,1067,1183,0.9019442096365173,0.34208059981255856,0.4386129334582943,0.2755388940955951,0.10684161199625117,0.038425492033739454,1183,0.4353338968723584,0.21386306001690616,0.25528317836010145,1,1
307021182,Pittsworth,30702,Darling Downs - East,307,Darling Downs - Maranoa,3RQLD,Rest of Qld,3,Queensland,QLD,1054.9292,42,1414,693,270,1724,0.8,1406,2.6,1789,1991,0.8985434455047715,0.26774734488541085,0.3538289547233091,0.3426495248742314,0.15148127445500278,0.06316377864728899,1991,0.37267704671019586,0.3304871923656454,0.2415871421396283,1,1
307021183,Wambo,30702,Darling Downs - East,307,Darling Downs - Maranoa,3RQLD,Rest of Qld,3,Queensland,QLD,5700.3324,37,1300,725,250,1756,0.8,1410,2.5,5497,6064,0.9064973614775725,0.270511187920684,0.34909950882299434,0.34236856467163906,0.1411679097689649,0.06094233218118974,6064,0.32074538258575197,0.3186015831134565,0.31282981530343007,1,1
307031184,Clifton - Greenmount,30703,Granite Belt,307,Darling Downs - Maranoa,3RQLD,Rest of Qld,3,Queensland,QLD,1263.947,46,1352,642,250,1629,0.8,1307,2.5,1680,1888,0.8898305084745762,0.32976190476190476,0.4005952380952381,0.31547619047619047,0.13333333333333333,0.06785714285714285,1888,0.4136652542372881,0.3585805084745763,0.1673728813559322,1,1
307031185,Southern Downs - East,30703,Granite Belt,307,Darling Downs - Maranoa,3RQLD,Rest of Qld,3,Queensland,QLD,1634.5787,51,1386,604,240,1489,0.8,1244,2.4,1484,1619,0.916615194564546,0.32142857142857145,0.4123989218328841,0.27088948787061995,0.12533692722371967,0.04986522911051213,1619,0.4823965410747375,0.3211859172328598,0.14823965410747375,1,1
307031186,Southern Downs - West,30703,Granite Belt,307,Darling Downs - Maranoa,3RQLD,Rest of Qld,3,Queensland,QLD,2684.545,50,1300,552,250,1335,0.8,1096,2.4,1721,1881,0.9149388623072834,0.3672283556072051,0.4601975595583963,0.2463683904706566,0.09936083672283556,0.0389308541545613,1881,0.4715576820839979,0.32004253056884635,0.15204678362573099,1,1
307031187,Stanthorpe,30703,Granite Belt,307,Darling Downs - Maranoa,3RQLD,Rest of Qld,3,Queensland,QLD,33.6495,50,1200,564,250,1353,0.7,970,2.1,2049,2212,0.9263110307414105,0.427037579306979,0.5153733528550513,0.19814543679843827,0.07320644216691069,0.0317227916056613,2212,0.4294755877034358,0.22784810126582278,0.3037974683544304,1,1
307031188,Stanthorpe Surrounds,30703,Granite Belt,307,Darling Downs - Maranoa,3RQLD,Rest of Qld,3,Queensland,QLD,2657.148,49,1248,561,240,1347,0.8,1137,2.5,2061,2246,0.9176313446126447,0.34497816593886466,0.4483260553129549,0.2435710819990296,0.09946627850557982,0.038816108685104316,2246,0.4826357969723954,0.3023152270703473,0.1647373107747106,1,1
307031189,Warwick,30703,Granite Belt,307,Darling Downs - Maranoa,3RQLD,Rest of Qld,3,Queensland,QLD,158.7231,44,1222,618,265,1423,0.7,1117,2.3,5616,6109,0.9192993943362252,0.3538105413105413,0.45566239316239315,0.24002849002849003,0.0868945868945869,0.035256410256410256,6109,0.35946963496480605,0.2772957930921591,0.32329350139138974,1,1
308011190,Central Highlands - East,30801,Central Highlands (Qld),308,Central Queensland,3RQLD,Rest of Qld,3,Queensland,QLD,18635.1607,32,1083,969,150,2319,0.8,2069,2.6,2008,2270,0.8845814977973568,0.20468127490039842,0.2599601593625498,0.5179282868525896,0.29731075697211157,0.16334661354581673,2270,0.15066079295154186,0.18854625550660792,0.5726872246696035,1,1
308011191,Central Highlands - West,30801,Central Highlands (Qld),308,Central Queensland,3RQLD,Rest of Qld,3,Queensland,QLD,41551.251,40,1300,882,120,2205,0.8,1620,2.5,2211,2559,0.8640093786635404,0.28493894165535955,0.34599728629579374,0.43012211668928085,0.24920850293984623,0.14020805065581185,2559,0.3821805392731536,0.20320437670965222,0.2543962485345838,1,1
308011192,Emerald,30801,Central Highlands (Qld),308,Central Queensland,3RQLD,Rest of Qld,3,Queensland,QLD,38.982,32,1600,1033,300,2510,0.8,2190,2.7,4215,4736,0.8899915540540541,0.13641755634638197,0.18434163701067616,0.5591933570581258,0.3103202846975089,0.15848161328588375,4736,0.15688344594594594,0.3667652027027027,0.4467905405405405,1,1
308031205,Berserker,30803,Rockhampton,308,Central Queensland,3RQLD,Rest of Qld,3,Queensland,QLD,10.0234,35,1116,676,260,1518,0.8,1172,2.3,2481,2735,0.9071297989031079,0.3305118903667876,0.4324869004433696,0.2668278919790407,0.09230149133413947,0.03788794840790004,2735,0.24606946983546618,0.30383912248628886,0.4190127970749543,1,1
308031206,Bouldercombe,30803,Rockhampton,308,Central Queensland,3RQLD,Rest of Qld,3,Queensland,QLD,1348.7805,46,1550,644,250,1674,0.9,1437,2.6,567,670,0.8462686567164179,0.2804232804232804,0.3527336860670194,0.37037037037037035,0.20458553791887124,0.08112874779541446,670,0.43134328358208956,0.3925373134328358,0.1208955223880597,1,0
308031207,Emu Park,30803,Rockhampton,308,Central Queensland,3RQLD,Rest of Qld,3,Queensland,QLD,40.8378,49,1517,618,350,1456,0.7,1203,2.3,2029,2231,0.9094576423128642,0.32626909807787086,0.42533267619517,0.2942336126170527,0.13602759980285856,0.06407097092163627,2231,0.4146122814881219,0.2814881219184222,0.2711788435679068,1,1
308031208,Frenchville - Mount Archer,30803,Rockhampton,308,Central Queensland,3RQLD,Rest of Qld,3,Queensland,QLD,30.2572,37,1475,884,300,2145,0.8,1737,2.5,3113,3417,0.9110330699443957,0.2322518470928365,0.2920012849341471,0.4397687118535175,0.2364278830709926,0.11146803726309026,3417,0.32777290020485805,0.3968393327480246,0.2549019607843137,1,1
308031209,Glenlee - Rockyview,30803,Rockhampton,308,Central Queensland,3RQLD,Rest of Qld,3,Queensland,QLD,208.0475,39,1950,983,350,2514,0.8,2432,3.0,1216,1400,0.8685714285714285,0.12417763157894737,0.16282894736842105,0.6167763157894737,0.3651315789473684,0.19407894736842105,1400,0.3692857142857143,0.5607142857142857,0.054285714285714284,1,1
308031210,Gracemere,30803,Rockhampton,308,Central Queensland,3RQLD,Rest of Qld,3,Queensland,QLD,153.886,33,1517,779,340,1857,0.8,1713,2.8,3611,4137,0.8728547256466038,0.21406812517308224,0.27803932428690115,0.41512046524508445,0.17779008584879535,0.06729437828856273,4137,0.23108532753202804,0.3599226492627508,0.38578680203045684,1,1
308031211,Lakes Creek,30803,Rockhampton,308,Central Queensland,3RQLD,Rest of Qld,3,Queensland,QLD,16.8069,35,1300,734,260,1691,0.8,1374,2.5,1650,1813,0.9100937672366244,0.2781818181818182,0.37696969696969695,0.33151515151515154,0.1296969696969697,0.0496969696969697,1813,0.2713734142305571,0.3530060672917816,0.3425261996690568,1,1
308031212,Mount Morgan,30803,Rockhampton,308,Central Queensland,3RQLD,Rest of Qld,3,Queensland,QLD,490.6655,53,840,463,200,1101,0.8,813,2.1,1052,1168,0.9006849315068494,0.49334600760456276,0.5988593155893536,0.15114068441064638,0.05798479087452472,0.021863117870722433,1168,0.4931506849315068,0.23373287671232876,0.20976027397260275,1,1
308031213,Norman Gardens,30803,Rockhampton,308,Central Queensland,3RQLD,Rest of Qld,3,Queensland,QLD,36.0392,37,1625,837,300,2127,0.7,1778,2.6,3443,3811,0.9034374180005248,0.2245135056636654,0.28521638106302644,0.4455416787685158,0.22887017136218415,0.10194597734533836,3811,0.3290474940960378,0.36998163211755447,0.28050380477564946,1,1
308031214,Park Avenue,30803,Rockhampton,308,Central Queensland,3RQLD,Rest of Qld,3,Queensland,QLD,4.9631,36,1300,697,260,1655,0.8,1281,2.4,1879,2025,0.9279012345679012,0.30548163916977117,0.38956891963810536,0.30867482703565724,0.11495476317189994,0.03991484832357637,2025,0.29530864197530865,0.3412345679012346,0.32839506172839505,1,1
308031215,Parkhurst - Kawana,30803,Rockhampton,308,Central Queensland,3RQLD,Rest of Qld,3,Queensland,QLD,28.4079,35,1517,826,280,2060,0.8,1626,2.6,2316,2575,0.8994174757281553,0.24136442141623488,0.3173575129533679,0.4110535405872193,0.20164075993091538,0.09499136442141623,2575,0.24660194174757283,0.3871844660194175,0.3363106796116505,1,1
308031216,Rockhampton - West,30803,Rockhampton,308,Central Queensland,3RQLD,Rest of Qld,3,Queensland,QLD,34.549,39,1300,774,265,1894,0.8,1408,2.3,2180,2396,0.9098497495826378,0.28990825688073396,0.3646788990825688,0.3568807339449541,0.17155963302752295,0.06972477064220184,2396,0.2888146911519199,0.35058430717863104,0.31969949916527546,1,1
308031217,Rockhampton City,30803,Rockhampton,308,Central Queensland,3RQLD,Rest of Qld,3,Queensland,QLD,51.1683,41,1073,613,250,1396,0.8,1061,2.1,1227,1323,0.927437641723356,0.3797881010594947,0.4800325998370008,0.24775876120619397,0.10676446617766912,0.05215973920130399,1323,0.2698412698412698,0.24338624338624337,0.43915343915343913,1,1
308031218,Rockhampton Surrounds - East,30803,Rockhampton,308,Central Queensland,3RQLD,Rest of Qld,3,Queensland,QLD,680.8739,46,1733,722,280,1912,0.8,1589,2.6,1045,1222,0.8551554828150573,0.26220095693779905,0.3320574162679426,0.3990430622009569,0.20574162679425836,0.09856459330143541,1222,0.4509001636661211,0.41898527004909986,0.08101472995090016,1,1
308031219,Rockhampton Surrounds - North,30803,Rockhampton,308,Central Queensland,3RQLD,Rest of Qld,3,Queensland,QLD,7572.5912,44,1755,740,300,1926,0.9,1679,2.7,1245,1451,0.8580289455547898,0.25060240963855424,0.3180722891566265,0.43614457831325304,0.2393574297188755,0.121285140562249,1451,0.47346657477601656,0.37215713301171605,0.08752584424534804,1,1
308031220,Rockhampton Surrounds - West,30803,Rockhampton,308,Central Queensland,3RQLD,Rest of Qld,3,Queensland,QLD,4359.2243,43,1733,836,300,2160,0.8,1851,2.7,820,976,0.8401639344262295,0.21951219512195122,0.275609756097561,0.4634146341463415,0.25853658536585367,0.1329268292682927,976,0.41290983606557374,0.41598360655737704,0.09221311475409837,1,0
308031221,Shoalwater Bay,30803,Rockhampton,308,Central Queensland,3RQLD,Rest of Qld,3,Queensland,QLD,3176.9624,70,2600,725,0,1375,0.8,1375,2.1,0,9,0.0,,,,,,9,0.5555555555555556,0.0,0.0,0,0
308031222,The Range - Allenstown,30803,Rockhampton,308,Central Queensland,3RQLD,Rest of Qld,3,Queensland,QLD,5.4954,38,1473,784,280,2263,0.8,1600,2.3,2595,2869,0.9044963401882189,0.26666666666666666,0.32755298651252407,0.4119460500963391,0.23545279383429674,0.13603082851637766,2869,0.2858138724294179,0.32589752527012894,0.350644823980481,1,1
308031223,Yeppoon,30803,Rockhampton,308,Central Queensland,3RQLD,Rest of Qld,3,Queensland,QLD,78.5558,42,1733,786,350,2065,0.7,1641,2.5,6603,7473,0.88358089120835,0.2633651370589126,0.3266696955929123,0.4192033923973951,0.22928971679539603,0.10995002271694684,7473,0.3215576073865917,0.3608992372541148,0.2744547035996253,1,1
308041528,Banana,30804,Biloela,308,Central Queensland,3RQLD,Rest of Qld,3,Queensland,QLD,28531.2933,40,1300,835,200,2065,0.8,1675,2.5,2663,3015,0.8832504145936981,0.24633871573413443,0.3098009763424709,0.41607209913631243,0.20465640255351109,0.09650769808486669,3015,0.3870646766169154,0.24477611940298508,0.24444444444444444,1,1
308041529,Biloela,30804,Biloela,308,Central Queensland,3RQLD,Rest of Qld,3,Queensland,QLD,18.8932,36,1300,889,260,2242,0.8,1883,2.5,1789,1980,0.9035353535353535,0.22917831190609278,0.2789267747344885,0.4695360536612633,0.2403577417551705,0.11738401341531582,1980,0.2494949494949495,0.32575757575757575,0.38686868686868686,1,1
308051530,Agnes Water - Miriam Vale,30805,Gladstone,308,Central Queensland,3RQLD,Rest of Qld,3,Queensland,QLD,3772.801,52,1336,507,275,1277,0.9,1009,2.2,2269,2576,0.8808229813664596,0.39797267518730717,0.494931687968268,0.23049801674746584,0.0987219039224328,0.045394446892904367,2576,0.4829192546583851,0.30124223602484473,0.15722049689440995,1,1
308051531,Boyne Island - Tannum Sands,30805,Gladstone,308,Central Queensland,3RQLD,Rest of Qld,3,Queensland,QLD,122.9585,39,1733,855,300,2295,0.7,1948,2.6,3341,3661,0.912592187926796,0.22059263693504938,0.2756659682729722,0.4866806345405567,0.2687818018557318,0.1307991619275666,3661,0.2734225621414914,0.3960666484567058,0.3124829281617045,1,1
308051532,Callemondah,30805,Gladstone,308,Central Queensland,3RQLD,Rest of Qld,3,Queensland,QLD,32.726,63,0,478,200,949,1.3,900,1.8,6,21,0.2857142857142857,0.0,0.5,0.5,0.0,0.0,21,0.7619047619047619,0.0,0.19047619047619047,0,0
308051533,Clinton - New Auckland,30805,Gladstone,308,Central Queensland,3RQLD,Rest of Qld,3,Queensland,QLD,22.7815,33,1607,828,295,2185,0.7,1890,2.7,4491,4965,0.9045317220543807,0.20351814740592294,0.26074370964150523,0.4742818971275885,0.23981295925183702,0.10376308171899354,4965,0.19073514602215508,0.3911379657603223,0.4026183282980866,1,1
308051534,Gladstone,30805,Gladstone,308,Central Queensland,3RQLD,Rest of Qld,3,Queensland,QLD,10.2312,40,1394,688,230,1711,0.7,1222,2.0,2463,2653,0.9283829626837542,0.3629719853836784,0.43118148599269185,0.2838002436053593,0.1518473406414941,0.08363784003248072,2653,0.21032793064455332,0.22125895212966454,0.5329815303430079,1,1
308051535,Gladstone Hinterland,30805,Gladstone,308,Central Queensland,3RQLD,Rest of Qld,3,Queensland,QLD,6465.4026,38,1885,801,290,2202,0.8,1986,2.8,3290,3733,0.8813286900616126,0.2170212765957447,0.2689969604863222,0.4981762917933131,0.26717325227963523,0.12857142857142856,3733,0.3126171979641039,0.45245111170640234,0.19073131529600856,1,1
308051536,Kin Kora - Sun Valley,30805,Gladstone,308,Central Queensland,3RQLD,Rest of Qld,3,Queensland,QLD,2.6877,38,1517,808,273,2024,0.7,1682,2.6,1199,1309,0.9159663865546218,0.20600500417014178,0.28023352793994993,0.4303586321934946,0.20016680567139283,0.09674728940783987,1309,0.2857142857142857,0.4102368220015279,0.27960275019098546,1,1
308051537,South Trees,30805,Gladstone,308,Central Queensland,3RQLD,Rest of Qld,3,Queensland,QLD,24.1106,0,0,0,0,0,0.0,0,0.0,0,0,,,,,,,0,,,,0,0
308051538,Telina - Toolooa,30805,Gladstone,308,Central Queensland,3RQLD,Rest of Qld,3,Queensland,QLD,23.5131,34,1517,870,300,2202,0.7,1940,2.7,2043,2223,0.9190283400809717,0.19530102790014683,0.25501713166911405,0.48213411649535,0.24131179637787567,0.12041116005873716,2223,0.22267206477732793,0.4053081421502474,0.35402609086819614,1,1
308051539,West Gladstone,30805,Gladstone,308,Central Queensland,3RQLD,Rest of Qld,3,Queensland,QLD,7.0739,40,1300,699,230,1737,0.7,1329,2.2,1888,2046,0.9227761485826002,0.3183262711864407,0.3914194915254237,0.3289194915254237,0.14565677966101695,0.06991525423728813,2046,0.25806451612903225,0.2781036168132942,0.44037145650048876,1,1
309011224,Broadbeach Waters,30901,Broadbeach - Burleigh,309,Gold Coast,3RQLD,Rest of Qld,3,Queensland,QLD,5.3144,43,2600,889,600,2376,0.7,2072,2.6,2777,3008,0.9232047872340425,0.19445444724522867,0.25243068059056534,0.5156643860280878,0.321930140439323,0.21462009362621534,3008,0.39261968085106386,0.3547207446808511,0.22539893617021275,1,1
309011225,Burleigh Heads,30901,Broadbeach - Burleigh,309,Gold Coast,3RQLD,Rest of Qld,3,Queensland,QLD,8.5594,44,2000,883,480,2141,0.8,1620,2.1,3517,3797,0.9262575717671846,0.24708558430480523,0.3096388967870344,0.4068808643730452,0.2257605914131362,0.13136195621268126,3797,0.35212009481169343,0.2654727416381354,0.3473795101395839,1,1
309011226,Burleigh Waters,30901,Broadbeach - Burleigh,309,Gold Coast,3RQLD,Rest of Qld,3,Queensland,QLD,6.7193,42,2021,803,500,2133,0.8,1737,2.6,4969,5343,0.930001871607711,0.22479372107063794,0.29201046488227006,0.44596498289394243,0.24431475145904608,0.12759106460052325,5343,0.3879842784952274,0.3881714392663298,0.20119782893505522,1,1
309011227,Mermaid Beach - Broadbeach,30901,Broadbeach - Burleigh,309,Gold Coast,3RQLD,Rest of Qld,3,Queensland,QLD,2.9987,40,1733,950,440,2134,0.9,1638,1.9,5816,6211,0.936403155691515,0.21939477303988997,0.2892022008253095,0.40251031636863827,0.20890646492434664,0.11863823933975241,6211,0.26839478344872003,0.221864434068588,0.47834487200128806,1,1
309011228,Mermaid Waters,30901,Broadbeach - Burleigh,309,Gold Coast,3RQLD,Rest of Qld,3,Queensland,QLD,7.0845,40,2167,817,450,2118,0.8,1753,2.5,4691,5030,0.9326043737574553,0.22639096141547643,0.2903432104028992,0.4434022596461309,0.2628437433383074,0.14197399275207845,5030,0.342544731610338,0.33916500994035786,0.2922465208747515,1,1
309011229,Miami,30901,Broadbeach - Burleigh,309,Gold Coast,3RQLD,Rest of Qld,3,Queensland,QLD,2.9963,37,2000,919,470,2270,0.9,1831,2.2,2862,3075,0.9307317073170732,0.2194269741439553,0.2854647099930119,0.4608665269042628,0.2456324248777079,0.12718378756114604,3075,0.24943089430894308,0.328130081300813,0.39252032520325203,1,1
309021230,Coolangatta,30902,Coolangatta,309,Gold Coast,3RQLD,Rest of Qld,3,Queensland,QLD,1.9016,50,1805,785,405,1787,0.9,1331,1.9,2747,2944,0.9330842391304348,0.2908627593738624,0.36985802693847836,0.3105205678922461,0.1488896978522024,0.08445576993083363,2944,0.3654891304347826,0.19157608695652173,0.41202445652173914,1,1
309021231,Currumbin - Tugun,30902,Coolangatta,309,Gold Coast,3RQLD,Rest of Qld,3,Queensland,QLD,7.9354,41,1950,857,455,2093,0.8,1696,2.3,4457,4817,0.9252646875648745,0.21561588512452323,0.283598833295939,0.4197890958043527,0.21359658963428316,0.10522773165806597,4817,0.30766036952460035,0.33713929831845546,0.3302885613452356,1,1
309021232,Currumbin Waters,30902,Coolangatta,309,Gold Coast,3RQLD,Rest of Qld,3,Queensland,QLD,9.8705,42,2100,743,468,2007,0.8,1636,2.6,3259,3534,0.922184493491794,0.24700828474992328,0.310524700828475,0.41914697760049097,0.21540349800552316,0.09941699907947223,3534,0.34267119411431807,0.411431805319751,0.21731748726655348,1,1
309021233,Elanora,30902,Coolangatta,309,Gold Coast,3RQLD,Rest of Qld,3,Queensland,QLD,8.8935,42,2100,738,525,2042,0.8,1744,2.7,4033,4390,0.9186788154897494,0.22712620877758494,0.2933300272749814,0.4445821968757749,0.23580461195140096,0.1086040168608976,4390,0.3776765375854214,0.4273348519362187,0.16902050113895217,1,1
309021234,Palm Beach,30902,Coolangatta,309,Gold Coast,3RQLD,Rest of Qld,3,Queensland,QLD,6.3316,39,2093,873,445,2219,0.9,1721,2.3,6183,6644,0.9306140878988561,0.235160925117257,0.30114830988193436,0.4329613456251011,0.23726346433770015,0.13084263302603913,6644,0.2850692354003612,0.320891029500301,0.3696568332329922,1,1
309031235,Arundel,30903,Gold Coast - North,309,Gold Coast,3RQLD,Rest of Qld,3,Queensland,QLD,9.7384,41,2000,715,470,1878,0.8,1682,2.7,3718,3966,0.9374684820978316,0.2157073695535234,0.2856374394835933,0.4160839160839161,0.2062937062937063,0.10059171597633136,3966,0.3333333333333333,0.36510337871911247,0.27685325264750377,1,1
309031236,Biggera Waters,30903,Gold Coast - North,309,Gold Coast,3RQLD,Rest of Qld,3,Queensland,QLD,3.1748,44,1699,717,430,1647,0.8,1314,2.1,4000,4283,0.9339248190520663,0.2915,0.37725,0.30775,0.134,0.06675,4283,0.2605650245155265,0.2407191221106701,0.4690637403689003,1,1
309031237,Coombabah,30903,Gold Coast - North,309,Gold Coast,3RQLD,Rest of Qld,3,Queensland,QLD,11.6056,51,1647,605,415,1461,0.7,1092,2.1,4276,4590,0.9315904139433551,0.3774555659494855,0.46515434985968196,0.2411131898971001,0.09167446211412535,0.031805425631431246,4590,0.41459694989106755,0.27058823529411763,0.27908496732026145,1,1
309031238,Labrador,30903,Gold Coast - North,309,Gold Coast,3RQLD,Rest of Qld,3,Queensland,QLD,4.9957,45,1517,654,380,1533,0.8,1188,2.0,7607,8137,0.9348654295194789,0.332194031812804,0.42329433416589984,0.2576574207966347,0.09556986985671093,0.04285526488760352,8137,0.24468477325795748,0.262627503994101,0.4642988816517144,1,1
309031239,Paradise Point - Hollywell,30903,Gold Coast - North,309,Gold Coast,3RQLD,Rest of Qld,3,Queensland,QLD,5.6629,52,2167,842,465,2208,0.7,1751,2.3,3774,4050,0.9318518518518518,0.2363540010598834,0.30074191838897724,0.44594594594594594,0.2713301536830949,0.17170111287758347,4050,0.43209876543209874,0.3019753086419753,0.24320987654320989,1,1
309031240,Runaway Bay,30903,Gold Coast - North,309,Gold Coast,3RQLD,Rest of Qld,3,Queensland,QLD,5.4921,54,2000,727,435,1852,0.7,1382,2.2,3737,3971,0.9410727776378746,0.2863259298902863,0.36794219962536795,0.3682097939523682,0.19935777361519935,0.11185442868611185,3971,0.4301183580961974,0.27726013598589777,0.24276001007302947,1,1
309041241,Guanaba - Springbrook,30904,Gold Coast Hinterland,309,Gold Coast,3RQLD,Rest of Qld,3,Queensland,QLD,303.6558,45,1829,764,375,1977,0.8,1736,2.7,1381,1522,0.9073587385019711,0.20709630702389573,0.26864590876176686,0.4272266473569877,0.2338884866039102,0.11440984793627806,1522,0.35611038107752957,0.4763469119579501,0.12352168199737187,1,1
309041242,Tamborine - Canungra,30904,Gold Coast Hinterland,309,Gold Coast,3RQLD,Rest of Qld,3,Queensland,QLD,524.3914,46,1950,729,420,1974,0.8,1745,2.7,4963,5431,0.9138280243049163,0.21156558533145275,0.28289341124319967,0.4360265968164417,0.2224461011484989,0.11082006850695145,5431,0.37801509850856196,0.4621616645185049,0.13257227030012889,1,1
309051243,Currumbin Valley - Tallebudgera,30905,Mudgeeraba - Tallebudgera,309,Gold Coast,3RQLD,Rest of Qld,3,Queensland,QLD,114.3088,43,2500,779,500,2314,0.8,2317,3.1,2070,2259,0.9163346613545816,0.16521739130434782,0.21594202898550724,0.5647342995169082,0.3647342995169082,0.21545893719806763,2259,0.39929172200088536,0.4625940681717574,0.10137228862328464,1,1
309051244,Mudgeeraba - Bonogin,30905,Mudgeeraba - Tallebudgera,309,Gold Coast,3RQLD,Rest of Qld,3,Queensland,QLD,66.6425,39,2100,790,500,2179,0.8,2052,3.0,5819,6306,0.9227719632096416,0.17339749097783125,0.22374978518645816,0.5136621412613851,0.2775390960646159,0.14057398178381164,6306,0.2725975261655566,0.5145892800507453,0.19457659372026642,1,1
309051245,Reedy Creek - Andrews,30905,Mudgeeraba - Tallebudgera,309,Gold Coast,3RQLD,Rest of Qld,3,Queensland,QLD,8.0893,37,2167,876,455,2344,0.8,2239,3.0,2583,2780,0.929136690647482,0.13550135501355012,0.19008904374758034,0.5625241966705381,0.3333333333333333,0.16995741385985288,2780,0.2356115107913669,0.5618705035971223,0.1884892086330935,1,1
309061246,Carrara,30906,Nerang,309,Gold Coast,3RQLD,Rest of Qld,3,Queensland,QLD,14.5909,42,1900,770,450,1896,0.8,1560,2.4,4819,5187,0.9290534027376133,0.2382236978626271,0.31334301722349034,0.3890848723801619,0.18779829840215811,0.08902261880058103,5187,0.31540389435126276,0.3848081742818585,0.275882012724118,1,1
309061247,Highland Park,30906,Nerang,309,Gold Coast,3RQLD,Rest of Qld,3,Queensland,QLD,4.6312,40,1820,731,420,1896,0.8,1671,2.7,2757,2988,0.9226907630522089,0.22016684802321365,0.28436706565107,0.40841494377947046,0.1965904969169387,0.0750816104461371,2988,0.31593038821954483,0.4866131191432396,0.17436412315930389,1,1
309061248,Nerang - Mount Nathan,30906,Nerang,309,Gold Coast,3RQLD,Rest of Qld,3,Queensland,QLD,61.4985,39,1842,741,400,1921,0.8,1571,2.6,7204,7804,0.9231163505894413,0.2543031649083842,0.3206551915602443,0.3868684064408662,0.17087729039422542,0.07412548584119934,7804,0.23923628908252179,0.4199128651973347,0.28024090210148644,1,1
309061249,Pacific Pines - Gaven,30906,Nerang,309,Gold Coast,3RQLD,Rest of Qld,3,Queensland,QLD,16.4182,35,2000,825,470,2119,0.8,2086,3.1,5251,5684,0.9238212526389866,0.1300704627689964,0.18834507712816606,0.5269472481432108,0.2521424490573224,0.10816987240525615,5684,0.18472906403940886,0.49577762139338494,0.30577058409570723,1,1
309061250,Worongary - Tallai,30906,Nerang,309,Gold Coast,3RQLD,Rest of Qld,3,Queensland,QLD,26.0147,43,2200,795,520,2291,0.8,2262,3.1,2329,2539,0.9172902717605357,0.1575783598110777,0.20867325032202663,0.5590382138256763,0.35594675826534994,0.19708029197080293,2539,0.35840882237101224,0.5139818826309571,0.10712879086254432,1,1
309071251,Coomera,30907,Ormeau - Oxenford,309,Gold Coast,3RQLD,Rest of Qld,3,Queensland,QLD,24.6574,29,2000,834,450,1987,0.8,1930,3.1,5688,6208,0.9162371134020618,0.13379043600562587,0.19040084388185655,0.4785513361462729,0.2181786216596343,0.10284810126582279,6208,0.10019329896907217,0.3426224226804124,0.5370489690721649,1,1
309071252,Helensvale,30907,Ormeau - Oxenford,309,Gold Coast,3RQLD,Rest of Qld,3,Queensland,QLD,20.1329,41,2098,790,495,2211,0.8,2014,2.8,5900,6369,0.9263620662584393,0.19372881355932203,0.25,0.5042372881355932,0.2803389830508475,0.14898305084745764,6369,0.3094677343382007,0.46019783325482805,0.18982571832312764,1,1
309071253,Hope Island,30907,Ormeau - Oxenford,309,Gold Coast,3RQLD,Rest of Qld,3,Queensland,QLD,55.7795,50,2200,862,550,2208,0.7,1926,2.4,5264,5628,0.9353233830845771,0.197758358662614,0.2615881458966565,0.48385258358662614,0.29141337386018235,0.1884498480243161,5628,0.4017412935323383,0.2986851457000711,0.27398720682302774,1,1
309071254,Jacobs Well - Alberton,30907,Ormeau - Oxenford,309,Gold Coast,3RQLD,Rest of Qld,3,Queensland,QLD,153.7124,43,2093,824,400,2102,0.8,1917,2.7,1501,1643,0.913572732805843,0.18520986009327114,0.2504996668887408,0.47901399067288475,0.24850099933377748,0.12658227848101267,1643,0.34388314059646985,0.4449178332318929,0.17224589166159465,1,1
309071256,Oxenford - Maudsland,30907,Ormeau - Oxenford,309,Gold Coast,3RQLD,Rest of Qld,3,Queensland,QLD,26.857,36,1950,844,445,2187,0.8,2040,3.0,5463,5865,0.931457800511509,0.15540911587040088,0.2090426505583013,0.5136371956800293,0.24455427420831044,0.11202635914332784,5865,0.2032395566922421,0.5636828644501278,0.21585677749360613,1,1
309071552,Ormeau (East) - Stapylton,30907,Ormeau - Oxenford,309,Gold Coast,3RQLD,Rest of Qld,3,Queensland,QLD,25.6024,32,1950,854,440,2133,0.8,1970,3.0,3120,3386,0.9214412285883048,0.16602564102564102,0.2266025641025641,0.4907051282051282,0.2185897435897436,0.08461538461538462,3386,0.17365623154164206,0.42321323095097463,0.380685174246899,1,1
309071553,Ormeau (West) - Yatala,30907,Ormeau - Oxenford,309,Gold Coast,3RQLD,Rest of Qld,3,Queensland,QLD,46.5482,36,2000,903,450,2287,0.8,2241,3.2,3331,3639,0.9153613630118165,0.1236865806064245,0.1654157910537376,0.5755028519963975,0.31672170519363557,0.15881116781747223,3639,0.23577906018136852,0.5564715581203628,0.18768892552899147,1,1
309071554,Pimpama - North,30907,Ormeau - Oxenford,309,Gold Coast,3RQLD,Rest of Qld,3,Queensland,QLD,31.8631,32,2052,835,440,1948,0.8,1886,2.9,2956,3179,0.9298521547656495,0.13430311231393777,0.19688768606224627,0.46650879566982406,0.20060893098782137,0.07476319350473613,3179,0.18307643913180247,0.3853413022963196,0.4130229631959736,1,1
309071555,Pimpama - South,30907,Ormeau - Oxenford,309,Gold Coast,3RQLD,Rest of Qld,3,Queensland,QLD,4.3806,27,1950,851,435,1855,0.8,1839,3.1,2831,3087,0.9170715905409783,0.11409395973154363,0.16919816319321795,0.43235605793006004,0.13387495584599082,0.048746026139173435,3087,0.03336572724327826,0.2578555231616456,0.6929057337220602,1,1
309071556,Upper Coomera (South) - Wongawallan,30907,Ormeau - Oxenford,309,Gold Coast,3RQLD,Rest of Qld,3,Queensland,QLD,68.8494,36,2167,903,500,2395,0.8,2363,3.2,3179,3443,0.9233226837060703,0.11198490091223655,0.15162000629128658,0.6115130544196288,0.32997798049701166,0.1475306700220195,3443,0.1858844031367993,0.5896020911995353,0.1977926227127505,1,1
309071557,Upper Coomera - North,30907,Ormeau - Oxenford,309,Gold Coast,3RQLD,Rest of Qld,3,Queensland,QLD,15.6015,33,1820,807,450,1973,0.8,1913,3.1,5777,6268,0.921665603063178,0.14540418902544575,0.20720096936126017,0.4730829150077895,0.19456465293404882,0.0742599965379955,6268,0.15634971282705806,0.43602425015954055,0.3915124441608169,1,1
309071558,Willow Vale - Pimpama (West),30907,Ormeau - Oxenford,309,Gold Coast,3RQLD,Rest of Qld,3,Queensland,QLD,45.8761,29,1950,899,440,2066,0.8,2013,3.0,2078,2222,0.9351935193519352,0.11212704523580366,0.1737247353224254,0.5043310875842156,0.22136669874879691,0.11020211742059673,2222,0.10081008100810081,0.35958595859585957,0.5220522052205221,1,1
309081259,Clear Island Waters,30908,Robina,309,Gold Coast,3RQLD,Rest of Qld,3,Queensland,QLD,4.4005,50,2167,732,540,2035,0.7,1617,2.5,1504,1624,0.9261083743842364,0.2579787234042553,0.324468085106383,0.41688829787234044,0.2473404255319149,0.15757978723404256,1624,0.44889162561576357,0.29679802955665024,0.2019704433497537,1,1
309081260,Merrimac,30908,Robina,309,Gold Coast,3RQLD,Rest of Qld,3,Queensland,QLD,8.322,38,1733,788,465,1891,0.8,1689,2.6,2397,2588,0.9261978361669243,0.21193158114309554,0.27075511055486023,0.4063412599082186,0.1568627450980392,0.05465164789319983,2588,0.1974497681607419,0.4339258114374034,0.3419629057187017,1,1
309081262,Varsity Lakes,30908,Robina,309,Gold Coast,3RQLD,Rest of Qld,3,Queensland,QLD,5.9507,36,1842,788,490,1941,0.9,1645,2.5,5834,6273,0.9300175354694723,0.21528968117929378,0.2850531367843675,0.40229688035653066,0.18015083990401096,0.07456290709633184,6273,0.21026622030926193,0.3369998405866412,0.4310537223019289,1,1
309081559,Robina - East,30908,Robina,309,Gold Coast,3RQLD,Rest of Qld,3,Queensland,QLD,8.3268,39,2006,756,540,2101,0.8,1851,2.7,5446,5820,0.9357388316151203,0.2080426000734484,0.2675358060962174,0.4592361366140286,0.24917370547190598,0.11861917003305178,5820,0.3338487972508591,0.36305841924398624,0.28144329896907216,1,1
309081560,Robina - West,30908,Robina,309,Gold Coast,3RQLD,Rest of Qld,3,Queensland,QLD,6.6326,40,1820,801,540,1841,0.8,1613,2.3,3322,3557,0.9339330896823166,0.2251655629139073,0.2971101745936183,0.3913305237808549,0.17670078266104755,0.07495484647802529,3557,0.2912566769749789,0.26426764127073377,0.4124262018554962,1,1
309091263,Ashmore,30909,Southport,309,Gold Coast,3RQLD,Rest of Qld,3,Queensland,QLD,6.8308,43,1950,740,450,2007,0.8,1581,2.5,4186,4494,0.9314641744548287,0.25322503583373146,0.3210702341137124,0.4073100812231247,0.20711896798853321,0.10344003822264691,4494,0.3090787716955941,0.38896306186025814,0.24454828660436137,1,1
309091264,Molendinar,30909,Southport,309,Gold Coast,3RQLD,Rest of Qld,3,Queensland,QLD,7.6539,37,1850,703,450,1881,0.8,1767,3.0,1894,2080,0.9105769230769231,0.19376979936642028,0.26187961985216474,0.4424498416050686,0.21383315733896516,0.08711721224920803,2080,0.22596153846153846,0.4043269230769231,0.3466346153846154,1,1
309091265,Parkwood,30909,Southport,309,Gold Coast,3RQLD,Rest of Qld,3,Queensland,QLD,6.2058,37,1894,736,538,2103,0.8,2064,3.0,2547,2763,0.9218241042345277,0.15901060070671377,0.21005104043973302,0.519434628975265,0.27051433058500196,0.13113466823714173,2763,0.2739775606225118,0.41150922909880566,0.29822656532754255,1,1
309091540,Southport - North,30909,Southport,309,Gold Coast,3RQLD,Rest of Qld,3,Queensland,QLD,7.7133,35,1459,652,400,1471,1.0,1193,2.0,7365,7827,0.9409735530854734,0.32600135777325184,0.4198234894772573,0.23245078071961983,0.08160217243720298,0.03543788187372709,7827,0.15535965248498787,0.12725182062092755,0.6804650568544781,1,1
309091541,Southport - South,30909,Southport,309,Gold Coast,3RQLD,Rest of Qld,3,Queensland,QLD,6.6527,39,1733,680,435,1697,0.9,1362,2.2,7084,7629,0.9285620658015468,0.29446640316205536,0.3747882552230378,0.32580463015245625,0.15640880858272163,0.07651044607566347,7629,0.2538995936557871,0.2321405164503867,0.47516057150347357,1,1
309101267,Benowa,30910,Surfers Paradise,309,Gold Coast,3RQLD,Rest of Qld,3,Queensland,QLD,6.5536,44,2167,776,580,2148,0.8,1918,2.7,3179,3432,0.9262820512820513,0.21075810003145642,0.2708398867568418,0.48411450141553947,0.28908461780434097,0.18559295375904372,3432,0.3962703962703963,0.3581002331002331,0.21153846153846154,1,1
309101268,Bundall,30910,Surfers Paradise,309,Gold Coast,3RQLD,Rest of Qld,3,Queensland,QLD,3.902,41,2600,902,480,2284,0.8,1957,2.6,1659,1783,0.9304542905215928,0.18565400843881857,0.23628691983122363,0.4864376130198915,0.31464737793851716,0.20614828209764918,1783,0.34548513740886144,0.3690409422321929,0.26023555804823334,1,1
309101269,Main Beach,30910,Surfers Paradise,309,Gold Coast,3RQLD,Rest of Qld,3,Queensland,QLD,3.4601,57,2091,938,500,2269,0.9,1682,1.9,1718,1820,0.9439560439560439,0.22759022118742725,0.3020954598370198,0.42491268917345754,0.26542491268917345,0.1670547147846333,1820,0.4642857142857143,0.20164835164835165,0.3076923076923077,1,1
309101561,Surfers Paradise - North,30910,Surfers Paradise,309,Gold Coast,3RQLD,Rest of Qld,3,Queensland,QLD,2.4569,45,1625,772,415,1683,1.0,1276,1.9,5159,5512,0.9359579100145138,0.29792595464237254,0.39019189765458423,0.30005815080441944,0.1420817987982167,0.08315565031982942,5512,0.28156748911465895,0.17271407837445574,0.5123367198838897,1,1
309101562,Surfers Paradise - South,30910,Surfers Paradise,309,Gold Coast,3RQLD,Rest of Qld,3,Queensland,QLD,3.3392,39,1600,777,400,1730,1.0,1360,2.0,5529,5915,0.934742180896027,0.2718393922951709,0.3570265870862724,0.30638451799602096,0.1475854584915898,0.08717670464821849,5915,0.25528317836010145,0.19103972950126796,0.5117497886728656,1,1
310011271,Darra - Sumner,31001,Forest Lake - Oxley,310,Ipswich,3GBRI,Greater Brisbane,3,Queensland,QLD,7.464,35,1577,732,360,1904,0.8,1649,2.7,1545,1650,0.9363636363636364,0.22653721682847897,0.283495145631068,0.39935275080906146,0.17475728155339806,0.06601941747572816,1650,0.2381818181818182,0.3303030303030303,0.4012121212121212,1,1
310011272,Durack,31001,Forest Lake - Oxley,310,Ipswich,3GBRI,Greater Brisbane,3,Queensland,QLD,4.3652,39,1517,604,350,1634,0.8,1300,2.6,2722,2975,0.9149579831932773,0.3148420279206466,0.40080822924320353,0.2964731814842028,0.11829537105069801,0.0470242468772961,2975,0.2645378151260504,0.26991596638655463,0.333781512605042,1,1
310011274,Inala - Richlands,31001,Forest Lake - Oxley,310,Ipswich,3GBRI,Greater Brisbane,3,Queensland,QLD,10.8743,31,1376,500,300,1275,0.9,1172,2.9,5829,6368,0.915358040201005,0.33247555326814204,0.43214959684336934,0.23794819008406246,0.08337622233659289,0.03259564247726883,6368,0.1659861809045226,0.20964195979899497,0.5832286432160804,1,1
310011275,Oxley (Qld),31001,Forest Lake - Oxley,310,Ipswich,3GBRI,Greater Brisbane,3,Queensland,QLD,6.9162,35,2000,979,405,2515,0.8,2173,2.7,2840,3027,0.9382226627023456,0.16267605633802817,0.21161971830985915,0.5440140845070423,0.31690140845070425,0.1602112676056338,3027,0.2500825900231252,0.42286091840105716,0.2993062438057483,1,1
310011276,Wacol,31001,Forest Lake - Oxley,310,Ipswich,3GBRI,Greater Brisbane,3,Queensland,QLD,19.0567,34,1300,485,290,1309,0.9,1204,2.8,822,873,0.9415807560137457,0.3236009732360097,0.4124087591240876,0.26277372262773724,0.09124087591240876,0.031630170316301706,873,0.18442153493699887,0.21534936998854526,0.563573883161512,1,0
310011563,Doolandella,31001,Forest Lake - Oxley,310,Ipswich,3GBRI,Greater Brisbane,3,Queensland,QLD,4.0295,31,1733,810,365,1927,0.8,1844,3.1,2515,2669,0.9423004870738104,0.14314115308151093,0.20318091451292247,0.4544731610337972,0.18846918489065606,0.06958250497017893,2669,0.15061820906706633,0.41026601723491946,0.4170101161483702,1,1
310011564,Forest Lake - Ellen Grove,31001,Forest Lake - Oxley,310,Ipswich,3GBRI,Greater Brisbane,3,Queensland,QLD,11.0079,36,1700,805,380,2101,0.8,1900,2.8,7242,7703,0.9401531870699728,0.17136150234741784,0.2283899475283071,0.4730737365368683,0.22190002761668048,0.09707263186964926,7703,0.23068934181487732,0.43048163053355837,0.3142931325457614,1,1
310021277,Boonah,31002,Ipswich Hinterland,310,Ipswich,3GBRI,Greater Brisbane,3,Queensland,QLD,2099.4596,47,1517,657,295,1659,0.8,1375,2.5,4204,4592,0.9155052264808362,0.28353948620361563,0.35965746907706947,0.3472882968601332,0.15580399619410085,0.07564224548049477,4592,0.4481707317073171,0.34211672473867594,0.15831881533101044,1,1
310021278,Esk,31002,Ipswich Hinterland,310,Ipswich,3GBRI,Greater Brisbane,3,Queensland,QLD,1889.6919,55,1300,509,260,1276,0.7,1021,2.2,1914,2102,0.9105613701236918,0.39080459770114945,0.49320794148380354,0.23249738766980146,0.09404388714733543,0.03500522466039707,2102,0.4743101807802093,0.28924833491912466,0.17649857278782113,1,1
310021279,Lake Manchester - England Creek,31002,Ipswich Hinterland,310,Ipswich,3GBRI,Greater Brisbane,3,Queensland,QLD,112.8254,0,0,0,0,0,0.0,0,0.0,0,0,,,,,,,0,,,,0,0
310021280,Lockyer Valley - East,31002,Ipswich Hinterland,310,Ipswich,3GBRI,Greater Brisbane,3,Queensland,QLD,741.5888,41,1473,627,315,1622,0.8,1425,2.7,6730,7381,0.9118005690285869,0.2731054977711738,0.3572065378900446,0.3352154531946508,0.13447251114413075,0.0487369985141159,7381,0.3231269475680802,0.4354423519848259,0.20295352933206884,1,1
310021281,Lowood,31002,Ipswich Hinterland,310,Ipswich,3GBRI,Greater Brisbane,3,Queensland,QLD,617.6973,41,1517,645,310,1625,0.8,1445,2.7,4455,4917,0.9060402684563759,0.25521885521885523,0.34231200897867564,0.3443322109988777,0.14702581369248036,0.06127946127946128,4917,0.33394346146024,0.4104128533658735,0.22106975798250966,1,1
310021282,Rosewood,31002,Ipswich Hinterland,310,Ipswich,3GBRI,Greater Brisbane,3,Queensland,QLD,674.5529,38,1600,759,300,1844,0.8,1578,2.7,4090,4429,0.9234590200948295,0.24083129584352078,0.3154034229828851,0.38924205378973104,0.18141809290953545,0.07775061124694377,4429,0.3194852111086024,0.38789794536012645,0.2573944456988033,1,1
310031283,Brassall,31003,Ipswich Inner,310,Ipswich,3GBRI,Greater Brisbane,3,Queensland,QLD,8.2062,34,1500,719,310,1738,0.8,1408,2.5,4229,4518,0.936033643204958,0.26129108536296997,0.34854575549775363,0.32797351619768267,0.13076377394183022,0.049657129344998815,4518,0.23528109783089862,0.27689243027888444,0.46657813191677733,1,1
310031284,Bundamba,31003,Ipswich Inner,310,Ipswich,3GBRI,Greater Brisbane,3,Queensland,QLD,17.2485,36,1300,703,300,1633,0.8,1388,2.5,3279,3511,0.9339219595556821,0.259225373589509,0.3491918267764562,0.31137541933516316,0.10795974382433669,0.03720646538578835,3511,0.23782398177157504,0.33608658501851324,0.4047279977214469,1,1
310031285,Churchill - Yamanto,31003,Ipswich Inner,310,Ipswich,3GBRI,Greater Brisbane,3,Queensland,QLD,9.3656,35,1452,786,300,1941,0.8,1678,2.7,2238,2391,0.9360100376411543,0.20151921358355673,0.2761394101876676,0.4159964253798034,0.17336907953529937,0.05987488829311886,2391,0.27603513174404015,0.37473860309493934,0.33207862818904227,1,1
310031286,Ipswich - Central,31003,Ipswich Inner,310,Ipswich,3GBRI,Greater Brisbane,3,Queensland,QLD,7.8712,41,1500,688,280,1896,0.8,1396,2.3,2350,2501,0.939624150339864,0.294468085106383,0.3740425531914894,0.345531914893617,0.17957446808510638,0.08042553191489361,2501,0.2502998800479808,0.3170731707317073,0.40503798480607756,1,1
310031287,Ipswich - East,31003,Ipswich Inner,310,Ipswich,3GBRI,Greater Brisbane,3,Queensland,QLD,11.4813,39,1323,683,290,1625,0.8,1274,2.3,6729,7210,0.9332871012482663,0.3064348342993015,0.3927775300936246,0.28815574379551195,0.12082032991529201,0.05023034626244613,7210,0.2642163661581137,0.3169209431345354,0.39070735090152564,1,1
310031288,Ipswich - North,31003,Ipswich Inner,310,Ipswich,3GBRI,Greater Brisbane,3,Queensland,QLD,65.1896,40,1900,916,340,2429,0.8,2246,2.9,1407,1537,0.9154196486662329,0.1378820184790334,0.1968727789623312,0.5657427149964463,0.3304904051172708,0.1648898365316276,1537,0.31685100845803515,0.5029277813923227,0.15875081327260898,1,1
310031289,Karalee - Barellan Point,31003,Ipswich Inner,310,Ipswich,3GBRI,Greater Brisbane,3,Queensland,QLD,19.2137,38,2057,1019,400,2617,0.8,2482,3.0,1991,2163,0.9204808136846971,0.12305374183827222,0.16976393771973883,0.6207935710698141,0.3797086891009543,0.18031140130587645,2163,0.2783171521035599,0.5806749884419787,0.12667591308368006,1,1
310031290,Karana Downs,31003,Ipswich Inner,310,Ipswich,3GBRI,Greater Brisbane,3,Queensland,QLD,62.1929,42,1918,962,400,2588,0.7,2385,2.9,1935,2054,0.942064264849075,0.13023255813953488,0.17881136950904392,0.5953488372093023,0.37622739018087853,0.1974160206718346,2054,0.313047711781889,0.5749756572541382,0.10077896786757547,1,1
310031291,Leichhardt - One Mile,31003,Ipswich Inner,310,Ipswich,3GBRI,Greater Brisbane,3,Queensland,QLD,20.2237,32,1213,620,290,1373,0.8,1212,2.6,2806,3037,0.9239380968060587,0.31290092658588736,0.41019244476122596,0.24126870990734142,0.07947255880256593,0.02993585174625802,3037,0.1689166941060257,0.26736911425749094,0.5386894962133685,1,1
310031292,North Ipswich - Tivoli,31003,Ipswich Inner,310,Ipswich,3GBRI,Greater Brisbane,3,Queensland,QLD,9.564,41,1300,660,285,1685,0.8,1310,2.3,2378,2532,0.9391785150078988,0.31328847771236334,0.3948696383515559,0.30529857022708157,0.11816652649285113,0.03952901597981497,2532,0.3088467614533965,0.3858609794628752,0.28080568720379145,1,1
310031293,Raceview,31003,Ipswich Inner,310,Ipswich,3GBRI,Greater Brisbane,3,Queensland,QLD,9.1487,36,1408,764,315,1882,0.8,1563,2.7,5069,5464,0.9277086383601757,0.22686920497139476,0.30439928980074965,0.37995659893470113,0.159202998619057,0.060564213848885384,5464,0.2609809663250366,0.34864568081991215,0.3658491947291362,1,1
310031294,Ripley,31003,Ipswich Inner,310,Ipswich,3GBRI,Greater Brisbane,3,Queensland,QLD,130.5657,29,1785,1054,380,2281,0.7,2093,2.8,4074,4331,0.9406603555760794,0.09499263622974963,0.14653902798232696,0.5301914580265096,0.23318605792832597,0.08443789887088857,4331,0.10621103671207573,0.4825675363657354,0.40152389748326023,1,1
310031295,Riverview,31003,Ipswich Inner,310,Ipswich,3GBRI,Greater Brisbane,3,Queensland,QLD,7.7848,37,1092,497,270,1282,0.8,1097,2.5,914,979,0.933605720122574,0.3479212253829322,0.4660831509846827,0.20350109409190373,0.07330415754923414,0.030634573304157548,979,0.22063329928498468,0.2512768130745659,0.4964249233912155,1,0
310041297,Camira - Gailes,31004,Springfield - Redbank,310,Ipswich,3GBRI,Greater Brisbane,3,Queensland,QLD,9.396,38,1560,760,325,1971,0.8,1758,2.8,2972,3188,0.9322459222082811,0.211978465679677,0.27893674293405113,0.4296769851951548,0.18337819650067294,0.07537012113055182,3188,0.28136762860727726,0.46079046424090336,0.23588456712672523,1,1
310041298,Carole Park,31004,Springfield - Redbank,310,Ipswich,3GBRI,Greater Brisbane,3,Queensland,QLD,4.0275,36,0,1062,150,2250,0.6,2250,2.0,0,0,,,,,,,0,,,,0,0
310041299,Collingwood Park - Redbank,31004,Springfield - Redbank,310,Ipswich,3GBRI,Greater Brisbane,3,Queensland,QLD,15.7435,31,1571,777,340,1844,0.8,1640,2.9,3539,3795,0.9325428194993413,0.19977394744278046,0.26815484600169537,0.3924837524724498,0.14862955637185646,0.051426956767448434,3795,0.1826086956521739,0.3989459815546772,0.3952569169960474,1,1
310041300,Goodna,31004,Springfield - Redbank,310,Ipswich,3GBRI,Greater Brisbane,3,Queensland,QLD,7.8594,33,1300,637,310,1500,0.9,1350,2.8,3222,3489,0.9234737747205503,0.2706393544382371,0.3590937306021105,0.2914338919925512,0.10676598386095593,0.04655493482309125,3489,0.19088564058469476,0.2814560045858412,0.48409286328460877,1,1
310041301,New Chum,31004,Springfield - Redbank,310,Ipswich,3GBRI,Greater Brisbane,3,Queensland,QLD,5.9998,91,0,225,0,0,0.0,0,0.0,0,0,,,,,,,0,,,,0,0
310041302,Redbank Plains,31004,Springfield - Redbank,310,Ipswich,3GBRI,Greater Brisbane,3,Queensland,QLD,19.3744,27,1473,747,350,1624,0.9,1516,3.1,6929,7481,0.926213073118567,0.18732861884831867,0.2710347813537307,0.3354019339009958,0.11184875162361091,0.036657526338576996,7481,0.10747226306643497,0.29046918861114823,0.5781312658735464,1,1
310041303,Springfield,31004,Springfield - Redbank,310,Ipswich,3GBRI,Greater Brisbane,3,Queensland,QLD,6.6757,32,1733,919,385,2271,0.8,2176,3.1,2155,2322,0.9280792420327304,0.11183294663573086,0.1554524361948956,0.5559164733178654,0.2668213457076566,0.10162412993039444,2322,0.14728682170542637,0.5060292850990525,0.3333333333333333,1,1
310041304,Springfield Lakes,31004,Springfield - Redbank,310,Ipswich,3GBRI,Greater Brisbane,3,Queensland,QLD,18.4136,31,1892,1014,420,2323,0.8,2231,3.1,6957,7430,0.9363391655450874,0.0902687940204111,0.13166594796607733,0.5863159407790715,0.27842460830817883,0.10852378898950697,7430,0.08573351278600269,0.4741588156123822,0.42422611036339164,1,1
310041565,Augustine Heights - Brookwater,31004,Springfield - Redbank,310,Ipswich,3GBRI,Greater Brisbane,3,Queensland,QLD,9.5941,32,2273,1179,415,2950,0.8,2825,3.2,2557,2747,0.9308336366945759,0.06296441141963238,0.08955807587016035,0.7102072741493938,0.4603050449745796,0.25850606179116153,2747,0.12704768838733163,0.547506370586094,0.3170731707317073,1,1
310041566,Bellbird Park,31004,Springfield - Redbank,310,Ipswich,3GBRI,Greater Brisbane,3,Queensland,QLD,6.5085,31,1700,842,340,2002,0.8,1746,2.9,2855,3027,0.9431780640898579,0.174430823117338,0.25674255691768827,0.42942206654991244,0.1649737302977233,0.0574430823117338,3027,0.14502808060786257,0.3990749917409977,0.4370664023785927,1,1
311011305,Beaudesert,31101,Beaudesert,311,Logan - Beaudesert,3GBRI,Greater Brisbane,3,Queensland,QLD,1628.0297,45,1517,605,310,1471,0.8,1199,2.5,4940,5404,0.9141376757957069,0.3321862348178138,0.42327935222672064,0.2694331983805668,0.11153846153846154,0.04817813765182186,5404,0.33253145817912655,0.29367135455218357,0.33586232420429313,1,1
311021306,Beenleigh,31102,Beenleigh,311,Logan - Beaudesert,3GBRI,Greater Brisbane,3,Queensland,QLD,7.6722,38,1387,642,300,1535,0.8,1155,2.3,3028,3298,0.9181322013341419,0.3560105680317041,0.44055482166446497,0.25660501981505945,0.09313077939233817,0.031043593130779392,3298,0.17252880533656761,0.2647058823529412,0.5251667677380231,1,1
311021307,Eagleby,31102,Beenleigh,311,Logan - Beaudesert,3GBRI,Greater Brisbane,3,Queensland,QLD,13.816,37,1300,586,320,1289,0.8,1083,2.4,4808,5141,0.9352266096090255,0.34629783693843597,0.45965058236272877,0.19696339434276205,0.0555324459234609,0.018718801996672214,5141,0.2843804707255398,0.2258315502820463,0.4530247033651041,1,1
311021308,Edens Landing - Holmview,31102,Beenleigh,311,Logan - Beaudesert,3GBRI,Greater Brisbane,3,Queensland,QLD,6.6119,31,1566,814,380,1911,0.8,1717,2.8,3023,3232,0.9353341584158416,0.17201455507773736,0.24048957988752895,0.40555739331789614,0.13992722461131327,0.052265960965927886,3232,0.1454207920792079,0.422029702970297,0.4037747524752475,1,1
311021309,Mount Warren Park,31102,Beenleigh,311,Logan - Beaudesert,3GBRI,Greater Brisbane,3,Queensland,QLD,4.2169,41,1600,735,340,1824,0.7,1496,2.5,1977,2131,0.9277334584702018,0.25847243297926153,0.33990895295902884,0.3682346990389479,0.15983813859382903,0.06170966110268083,2131,0.31956827780384794,0.4373533552322853,0.22243078366963867,1,1
311021310,Wolffdene - Bahrs Scrub,31102,Beenleigh,311,Logan - Beaudesert,3GBRI,Greater Brisbane,3,Queensland,QLD,27.8339,32,1863,920,415,2179,0.8,2077,2.9,2774,2989,0.9280695884911342,0.12761355443403027,0.18132660418168708,0.5270367700072098,0.24333093006488823,0.10093727469358327,2989,0.20943459350953497,0.47306791569086654,0.297423887587822,1,1
311031311,Boronia Heights - Park Ridge,31103,Browns Plains,311,Logan - Beaudesert,3GBRI,Greater Brisbane,3,Queensland,QLD,31.9518,32,1616,740,360,1656,0.8,1463,2.7,6053,6530,0.9269525267993874,0.23376837931604164,0.3176937056005287,0.34049231785891293,0.12076656203535437,0.045762431851974227,6530,0.2318529862174579,0.30597243491577336,0.4226646248085758,1,1
311031312,Browns Plains,31103,Browns Plains,311,Logan - Beaudesert,3GBRI,Greater Brisbane,3,Queensland,QLD,7.329,32,1517,700,350,1595,0.8,1460,2.9,2406,2573,0.9350952195880295,0.2231920199501247,0.31255195344970904,0.32086450540315875,0.10224438902743142,0.03906899418121363,2573,0.17567042363000387,0.33696074621064903,0.4605518849591916,1,1
311031313,Chambers Flat - Logan Reserve,31103,Browns Plains,311,Logan - Beaudesert,3GBRI,Greater Brisbane,3,Queensland,QLD,36.3075,30,1750,793,380,1850,0.8,1695,2.9,2525,2755,0.9165154264972777,0.2007920792079208,0.2720792079207921,0.4043564356435644,0.1706930693069307,0.07801980198019802,2755,0.20798548094373864,0.3513611615245009,0.4050816696914701,1,1
311031314,Crestmead,31103,Browns Plains,311,Logan - Beaudesert,3GBRI,Greater Brisbane,3,Queensland,QLD,6.9677,29,1430,689,350,1553,0.9,1472,3.1,3300,3587,0.9199888486200167,0.21606060606060606,0.2996969696969697,0.31696969696969696,0.09757575757575758,0.03484848484848485,3587,0.15611931976582102,0.3741287984388068,0.44661276833008084,1,1
311031315,Greenbank Military Camp,31103,Browns Plains,311,Logan - Beaudesert,3GBRI,Greater Brisbane,3,Queensland,QLD,40.5687,0,0,0,0,0,0.0,0,0.0,0,0,,,,,,,0,,,,0,0
311031316,Hillcrest,31103,Browns Plains,311,Logan - Beaudesert,3GBRI,Greater Brisbane,3,Queensland,QLD,9.3798,35,1647,795,350,1977,0.8,1764,2.8,2722,2937,0.926796050391556,0.174504041146216,0.2446730345334313,0.43497428361498897,0.19948567229977957,0.09588537839823659,2937,0.24957439564181136,0.42832822608103505,0.3040517534899557,1,1
311031317,Marsden,31103,Browns Plains,311,Logan - Beaudesert,3GBRI,Greater Brisbane,3,Queensland,QLD,6.9167,28,1470,633,350,1473,0.9,1413,3.3,4136,4482,0.9228023203926818,0.22775628626692457,0.316247582205029,0.29980657640232106,0.10275628626692457,0.0336073500967118,4482,0.12672913877733155,0.3141454707719768,0.5319053993752789,1,1
311031318,Munruben - Park Ridge South,31103,Browns Plains,311,Logan - Beaudesert,3GBRI,Greater Brisbane,3,Queensland,QLD,20.7728,43,1950,770,458,2227,0.8,2229,3.1,1264,1365,0.926007326007326,0.15585443037974683,0.1985759493670886,0.5561708860759493,0.314873417721519,0.14794303797468356,1365,0.3567765567765568,0.5194139194139195,0.09963369963369964,1,1
311031319,Regents Park - Heritage Park,31103,Browns Plains,311,Logan - Beaudesert,3GBRI,Greater Brisbane,3,Queensland,QLD,9.385,35,1689,795,390,2002,0.8,1929,3.1,4701,5067,0.9277679100059206,0.14890448840672196,0.20463731121038076,0.4786215698787492,0.19570304190597745,0.07317592001701766,5067,0.22794552989934871,0.5225971975527925,0.23347148213933294,1,1
311041322,Logan Village,31104,Jimboomba,311,Logan - Beaudesert,3GBRI,Greater Brisbane,3,Queensland,QLD,74.3214,40,2167,776,470,2225,0.8,2198,3.1,2385,2614,0.9123947972456006,0.16729559748427672,0.23102725366876312,0.5484276729559748,0.30859538784067087,0.14465408805031446,2614,0.3297628156082632,0.540168324407039,0.10826319816373374,1,1
311041567,Flagstone (East) - Riverbend,31104,Jimboomba,311,Logan - Beaudesert,3GBRI,Greater Brisbane,3,Queensland,QLD,28.9185,34,1950,859,410,2194,0.8,2203,3.4,1661,1837,0.9041916167664671,0.11198073449729079,0.15111378687537627,0.5683323299217339,0.271523178807947,0.10656231186032511,1837,0.17256396298312465,0.648339684267828,0.15841045182362548,1,1
311041568,Flagstone (West) - New Beith,31104,Jimboomba,311,Logan - Beaudesert,3GBRI,Greater Brisbane,3,Queensland,QLD,185.7543,33,2167,1001,395,2497,0.8,2524,3.4,2702,2914,0.9272477693891558,0.07883049592894152,0.11769059955588453,0.6628423390081422,0.3619541080680977,0.16617320503330865,2914,0.1633493479752917,0.7076183939601922,0.11496225120109815,1,1
311041569,Greenbank - North Maclean,31104,Jimboomba,311,Logan - Beaudesert,3GBRI,Greater Brisbane,3,Queensland,QLD,72.6981,37,1950,795,430,2098,0.8,2073,3.1,2154,2343,0.9193341869398207,0.1555246053853296,0.21262766945218198,0.5218198700092851,0.26740947075208915,0.12999071494893222,2343,0.26248399487836105,0.5446009389671361,0.1596244131455399,1,1
311041570,Jimboomba - Glenlogan,31104,Jimboomba,311,Logan - Beaudesert,3GBRI,Greater Brisbane,3,Queensland,QLD,181.6681,37,2000,824,410,2206,0.8,2169,3.1,4936,5410,0.9123844731977819,0.14323338735818478,0.18618314424635332,0.5528768233387358,0.2769448946515397,0.12256888168557536,5410,0.23271719038817004,0.6347504621072089,0.10961182994454713,1,1
311041571,Yarrabilba,31104,Jimboomba,311,Logan - Beaudesert,3GBRI,Greater Brisbane,3,Queensland,QLD,39.0729,26,1703,818,375,1654,0.8,1603,3.1,3016,3244,0.9297163995067818,0.17639257294429708,0.2486737400530504,0.35908488063660476,0.11571618037135278,0.035145888594164454,3244,0.07059186189889026,0.32614056720098644,0.5838471023427867,1,1
311051323,Bethania - Waterford,31105,Loganlea - Carbrook,311,Logan - Beaudesert,3GBRI,Greater Brisbane,3,Queensland,QLD,12.6296,38,1597,682,355,1579,0.8,1298,2.5,4100,4403,0.9311832841244606,0.30121951219512194,0.39414634146341465,0.2968292682926829,0.10902439024390244,0.036829268292682925,4403,0.29934135816488755,0.29616170792641383,0.3640699523052464,1,1
311051324,Cornubia - Carbrook,31105,Loganlea - Carbrook,311,Logan - Beaudesert,3GBRI,Greater Brisbane,3,Queensland,QLD,37.5373,41,2100,892,425,2503,0.8,2315,2.9,2792,2985,0.9353433835845896,0.15150429799426934,0.19734957020057306,0.5748567335243553,0.35744985673352436,0.19484240687679083,2985,0.32830820770519265,0.5175879396984925,0.13500837520938022,1,1
311051325,Loganholme - Tanah Merah,31105,Loganlea - Carbrook,311,Logan - Beaudesert,3GBRI,Greater Brisbane,3,Queensland,QLD,13.2828,35,1733,826,390,2047,0.8,1868,2.8,3689,3920,0.9410714285714286,0.17213336947682298,0.23827595554350772,0.4600162645703443,0.20222282461371646,0.08267823258335592,3920,0.21785714285714286,0.4829081632653061,0.27091836734693875,1,1
311051326,Loganlea,31105,Loganlea - Carbrook,311,Logan - Beaudesert,3GBRI,Greater Brisbane,3,Queensland,QLD,11.3071,32,1517,608,350,1505,0.8,1377,2.8,3517,3752,0.9373667377398721,0.25589991470002843,0.34802388399203865,0.29940290019903326,0.10207563264145579,0.03923798692067103,3752,0.15165245202558636,0.2622601279317697,0.5551705756929638,1,1
311051327,Shailer Park,31105,Loganlea - Carbrook,311,Logan - Beaudesert,3GBRI,Greater Brisbane,3,Queensland,QLD,8.0261,39,1993,922,410,2381,0.8,2225,2.9,3820,4076,0.9371933267909716,0.14397905759162305,0.19424083769633507,0.5586387434554974,0.3206806282722513,0.1549738219895288,4076,0.27625122669283614,0.5159470068694799,0.19406280667320902,1,1
311051328,Waterford West,31105,Loganlea - Carbrook,311,Logan - Beaudesert,3GBRI,Greater Brisbane,3,Queensland,QLD,5.9446,35,1452,626,320,1479,0.8,1257,2.6,2428,2626,0.9246001523229246,0.32495881383855024,0.421334431630972,0.2854200988467875,0.10461285008237232,0.03459637561779242,2626,0.2501904036557502,0.31035795887281037,0.4006092916984006,1,1
311061329,Daisy Hill,31106,Springwood - Kingston,311,Logan - Beaudesert,3GBRI,Greater Brisbane,3,Queensland,QLD,8.9794,38,1863,882,400,2226,0.8,2036,2.8,2222,2384,0.9320469798657718,0.1692169216921692,0.22502250225022502,0.509000900090009,0.2812781278127813,0.14176417641764177,2384,0.28187919463087246,0.4777684563758389,0.2256711409395973,1,1
311061330,Kingston (Qld),31106,Springwood - Kingston,311,Logan - Beaudesert,3GBRI,Greater Brisbane,3,Queensland,QLD,6.8058,32,1322,521,315,1305,0.9,1180,2.9,2914,3192,0.9129072681704261,0.32635552505147564,0.4272477693891558,0.2336993822923816,0.07789979409746053,0.02608098833218943,3192,0.20676691729323307,0.24655388471177944,0.5075187969924813,1,1
311061331,Logan Central,31106,Springwood - Kingston,311,Logan - Beaudesert,3GBRI,Greater Brisbane,3,Queensland,QLD,5.1335,32,1300,476,280,1150,1.0,1017,2.9,1807,1987,0.9094111726220433,0.39346983951300496,0.4958494742667405,0.17044825677919204,0.05644714997232983,0.018262313226342003,1987,0.18470055359838952,0.17111222949169602,0.6094614997483644,1,1
311061332,Rochedale South - Priestdale,31106,Springwood - Kingston,311,Logan - Beaudesert,3GBRI,Greater Brisbane,3,Queensland,QLD,13.0112,37,1800,841,395,2153,0.8,1931,2.8,5027,5365,0.9369990680335508,0.17207081758504078,0.23373781579470856,0.4814004376367615,0.24189377362243883,0.09727471653073404,5365,0.2954333643988816,0.4607642124883504,0.224044734389562,1,1
311061333,Slacks Creek,31106,Springwood - Kingston,311,Logan - Beaudesert,3GBRI,Greater Brisbane,3,Queensland,QLD,8.3056,35,1430,622,310,1474,0.8,1301,2.7,3274,3529,0.9277415698498158,0.2950519242516799,0.3814905314599878,0.28924862553451436,0.1062919975565058,0.04398289554062309,3529,0.21110796259563616,0.3241711533012185,0.42958345140266363,1,1
311061334,Springwood,31106,Springwood - Kingston,311,Logan - Beaudesert,3GBRI,Greater Brisbane,3,Queensland,QLD,6.1501,40,1733,788,380,2050,0.8,1724,2.6,3389,3604,0.9403440621531631,0.2092062555326055,0.2770728828562998,0.424609029212157,0.21392741221599293,0.09294777220419002,3604,0.28634850166481685,0.3809655937846837,0.290788013318535,1,1
311061335,Underwood,31106,Springwood - Kingston,311,Logan - Beaudesert,3GBRI,Greater Brisbane,3,Queensland,QLD,4.1871,34,1950,803,400,2110,0.8,1992,3.1,2023,2145,0.9431235431235431,0.1606524962926347,0.22392486406327236,0.49975284231339595,0.25902125556104794,0.1240731586752348,2145,0.23263403263403262,0.47412587412587415,0.2727272727272727,1,1
311061336,Woodridge,31106,Springwood - Kingston,311,Logan - Beaudesert,3GBRI,Greater Brisbane,3,Queensland,QLD,4.6699,33,1200,510,280,1197,0.9,1043,2.7,3920,4240,0.9245283018867925,0.3704081632653061,0.4788265306122449,0.17959183673469387,0.05994897959183673,0.02423469387755102,4240,0.17641509433962263,0.18537735849056602,0.5983490566037736,1,1
312011337,Bowen,31201,Bowen Basin - North,312,Mackay - Isaac - Whitsunday,3RQLD,Rest of Qld,3,Queensland,QLD,52.6281,42,1517,711,270,1774,0.8,1322,2.4,3256,3602,0.9039422543031649,0.3273955773955774,0.40294840294840295,0.3402948402948403,0.16339066339066338,0.07371007371007371,3602,0.3237090505274847,0.24208772903942255,0.39644641865630204,1,1
312011338,Broadsound - Nebo,31201,Bowen Basin - North,312,Mackay - Isaac - Whitsunday,3RQLD,Rest of Qld,3,Queensland,QLD,27991.3922,36,910,1241,80,2613,0.8,2207,2.5,2113,2399,0.8807836598582742,0.16422148603880737,0.2106010411736867,0.5655466161855183,0.3331755797444392,0.1845716990061524,2399,0.23676531888286786,0.14297624010004167,0.5202167569820758,1,1
312011339,Clermont,31201,Bowen Basin - North,312,Mackay - Isaac - Whitsunday,3RQLD,Rest of Qld,3,Queensland,QLD,27669.8883,36,1300,1031,220,2296,0.8,1873,2.5,1107,1267,0.8737174427782163,0.1969286359530262,0.26919602529358627,0.4706413730803975,0.24661246612466126,0.13188798554652212,1267,0.2920284135753749,0.22730860299921074,0.35201262825572216,1,1
312011340,Collinsville,31201,Bowen Basin - North,312,Mackay - Isaac - Whitsunday,3RQLD,Rest of Qld,3,Queensland,QLD,21092.2365,45,1300,714,215,1720,0.8,1359,2.4,1134,1290,0.8790697674418605,0.30952380952380953,0.3888888888888889,0.36067019400352734,0.17724867724867724,0.08641975308641975,1290,0.42868217054263563,0.22790697674418606,0.2496124031007752,1,1
312011341,Moranbah,31201,Bowen Basin - North,312,Mackay - Isaac - Whitsunday,3RQLD,Rest of Qld,3,Queensland,QLD,3046.6387,31,1300,1553,111,3327,0.8,3079,2.8,2392,2634,0.9081245254365984,0.06145484949832776,0.08193979933110368,0.7562709030100334,0.5188127090301003,0.31438127090301005,2634,0.08390280941533788,0.18868640850417615,0.6791951404707669,1,1
312021342,Andergrove - Beaconsfield,31202,Mackay,312,Mackay - Isaac - Whitsunday,3RQLD,Rest of Qld,3,Queensland,QLD,17.556,36,1718,826,350,2070,0.8,1732,2.5,5057,5724,0.8834730957372466,0.2424362270120625,0.30452837650781095,0.433260826577022,0.21653154043899545,0.08898556456397073,5724,0.2543675751222921,0.396575821104123,0.30328441649196364,1,1
312021343,East Mackay,31202,Mackay,312,Mackay - Isaac - Whitsunday,3RQLD,Rest of Qld,3,Queensland,QLD,4.6173,42,1625,918,320,2205,0.8,1717,2.3,1281,1426,0.8983169705469846,0.24121779859484777,0.30210772833723654,0.43559718969555034,0.23653395784543327,0.11553473848555816,1426,0.27419354838709675,0.3155680224403927,0.37166900420757365,1,1
312021344,Eimeo - Rural View,31202,Mackay,312,Mackay - Isaac - Whitsunday,3RQLD,Rest of Qld,3,Queensland,QLD,22.0329,33,1852,1023,400,2489,0.8,2301,2.9,3714,4348,0.8541858325666973,0.12789445341949382,0.16908992999461497,0.5883144857296715,0.3376413570274637,0.17420570813139472,4348,0.19434222631094755,0.4358325666973321,0.3546458141674333,1,1
312021345,Eungella Hinterland,31202,Mackay,312,Mackay - Isaac - Whitsunday,3RQLD,Rest of Qld,3,Queensland,QLD,2048.7748,61,4800,1625,430,3250,0.7,2624,1.8,0,4,0.0,,,,,,4,1.0,0.0,0.0,0,0
312021346,Mackay,31202,Mackay,312,Mackay - Isaac - Whitsunday,3RQLD,Rest of Qld,3,Queensland,QLD,3.973,38,1387,835,270,1827,0.8,1239,1.9,1480,1618,0.9147095179233622,0.3236486486486487,0.4006756756756757,0.28783783783783784,0.13243243243243244,0.06351351351351352,1618,0.1619283065512979,0.1446229913473424,0.6446229913473424,1,1
312021347,Mackay Harbour,31202,Mackay,312,Mackay - Isaac - Whitsunday,3RQLD,Rest of Qld,3,Queensland,QLD,10.1718,50,2167,1141,510,2571,0.8,2171,2.1,226,247,0.9149797570850202,0.18584070796460178,0.2079646017699115,0.5442477876106194,0.336283185840708,0.23893805309734514,247,0.3805668016194332,0.1902834008097166,0.38866396761133604,0,0
312021348,Mount Pleasant - Glenella,31202,Mackay,312,Mackay - Isaac - Whitsunday,3RQLD,Rest of Qld,3,Queensland,QLD,56.2685,40,1890,954,400,2570,0.7,2213,2.7,3476,3985,0.8722710163111669,0.17779056386651323,0.22410817031070196,0.5491944764096662,0.34723820483314155,0.2008055235903337,3985,0.33902132998745294,0.4095357590966123,0.19272271016311168,1,1
312021349,North Mackay,31202,Mackay,312,Mackay - Isaac - Whitsunday,3RQLD,Rest of Qld,3,Queensland,QLD,9.6827,40,1452,785,300,1819,0.8,1372,2.2,2316,2564,0.9032761310452418,0.30569948186528495,0.38385146804835923,0.33981001727115717,0.15544041450777202,0.06994818652849741,2564,0.26833073322932915,0.2917316692667707,0.36466458658346335,1,1
312021350,Ooralea - Bakers Creek,31202,Mackay,312,Mackay - Isaac - Whitsunday,3RQLD,Rest of Qld,3,Queensland,QLD,48.6972,36,1820,946,410,2373,0.8,2149,2.7,1749,1980,0.8833333333333333,0.15608919382504288,0.2115494568324757,0.5506003430531733,0.3024585477415666,0.14065180102915953,1980,0.2873737373737374,0.41565656565656567,0.25656565656565655,1,1
312021351,Pioneer Valley,31202,Mackay,312,Mackay - Isaac - Whitsunday,3RQLD,Rest of Qld,3,Queensland,QLD,1184.1721,36,1820,870,350,2294,0.9,2036,2.8,2342,2773,0.844572664983772,0.1959863364645602,0.24765157984628522,0.5093936806148591,0.27198975234842016,0.11699402220324509,2773,0.28777497295348,0.4890010818608006,0.17706455102776775,1,1
312021352,Sarina,31202,Mackay,312,Mackay - Isaac - Whitsunday,3RQLD,Rest of Qld,3,Queensland,QLD,1439.6459,42,1733,767,300,2088,0.8,1781,2.6,3531,4100,0.8612195121951219,0.2441234777683376,0.2996318323421127,0.448881336731804,0.24553950722175022,0.12177853299348626,4100,0.3578048780487805,0.3821951219512195,0.2178048780487805,1,1
312021353,Seaforth - Calen,31202,Mackay,312,Mackay - Isaac - Whitsunday,3RQLD,Rest of Qld,3,Queensland,QLD,2104.086,47,1755,744,250,2049,0.9,1661,2.6,2443,2839,0.8605142655864741,0.2562423250102333,0.3274662300450266,0.4314367580843226,0.25747032337290215,0.13835448219402374,2839,0.43642127509686507,0.39168721380767874,0.12504402958788305,1,1
312021354,Shoal Point - Bucasia,31202,Mackay,312,Mackay - Isaac - Whitsunday,3RQLD,Rest of Qld,3,Queensland,QLD,17.8539,36,1733,940,380,2316,0.8,2085,2.8,1779,2054,0.8661148977604674,0.16245081506464307,0.2175379426644182,0.523327712197864,0.27374929735806636,0.12478920741989882,2054,0.2370983446932814,0.4454722492697176,0.29698149951314506,1,1
312021355,Slade Point,31202,Mackay,312,Mackay - Isaac - Whitsunday,3RQLD,Rest of Qld,3,Queensland,QLD,8.893,40,1517,781,300,1904,0.8,1536,2.5,1128,1287,0.8764568764568764,0.25177304964539005,0.3173758865248227,0.3891843971631206,0.19326241134751773,0.10106382978723404,1287,0.30225330225330227,0.35586635586635584,0.30536130536130535,1,1
312021356,South Mackay,31202,Mackay,312,Mackay - Isaac - Whitsunday,3RQLD,Rest of Qld,3,Queensland,QLD,6.8909,39,1500,791,290,2019,0.8,1477,2.3,2536,2808,0.9031339031339032,0.30086750788643535,0.3671135646687697,0.3718454258675079,0.152602523659306,0.057570977917981075,2808,0.26816239316239315,0.3176638176638177,0.3767806267806268,1,1
312021357,Walkerston - Eton,31202,Mackay,312,Mackay - Isaac - Whitsunday,3RQLD,Rest of Qld,3,Queensland,QLD,624.1894,38,1733,901,330,2322,0.8,2105,2.8,2413,2811,0.8584133760227677,0.18317447161210113,0.22627434728553666,0.5300455864069623,0.2946539577289681,0.14297554910899296,2811,0.36677339025257916,0.4261828530771967,0.17075773745997866,1,1
312021358,West Mackay,31202,Mackay,312,Mackay - Isaac - Whitsunday,3RQLD,Rest of Qld,3,Queensland,QLD,5.7909,41,1587,842,320,2236,0.8,1694,2.3,2138,2403,0.8897211818560133,0.2614593077642657,0.32039289055191766,0.4321796071094481,0.22591206735266603,0.10617399438727783,2403,0.293799417394923,0.32750728256346234,0.3412401165210154,1,1
312031359,Airlie - Whitsundays,31203,Whitsunday,312,Mackay - Isaac - Whitsunday,3RQLD,Rest of Qld,3,Queensland,QLD,304.0917,36,1733,898,370,1990,0.8,1674,2.4,4043,4558,0.887011847301448,0.21098194410091517,0.2906257729408855,0.4103388572841949,0.1860004946821667,0.08706406134058867,4558,0.2378236068451075,0.3328214129003949,0.4021500658183414,1,1
312031360,Cape Conway,31203,Whitsunday,312,Mackay - Isaac - Whitsunday,3RQLD,Rest of Qld,3,Queensland,QLD,295.3659,0,0,0,0,0,0.0,0,0.0,0,0,,,,,,,0,,,,0,0
312031361,Proserpine,31203,Whitsunday,312,Mackay - Isaac - Whitsunday,3RQLD,Rest of Qld,3,Queensland,QLD,2074.6507,45,1560,722,276,1792,0.8,1431,2.5,2764,3163,0.8738539361365792,0.2858176555716353,0.3654124457308249,0.35383502170767006,0.16208393632416787,0.06512301013024602,3163,0.38191590262409103,0.36263041416376857,0.2171988618400253,1,1
313011362,Beachmere - Sandstone Point,31301,Bribie - Beachmere,313,Moreton Bay - North,3GBRI,Greater Brisbane,3,Queensland,QLD,110.0959,53,1647,570,360,1387,0.7,1160,2.3,6135,6615,0.927437641723356,0.33349633251833743,0.4383048084759576,0.2687856560717196,0.1119804400977995,0.04955175224123879,6615,0.44807256235827664,0.2982615268329554,0.20861678004535147,1,1
313011363,Bribie Island,31301,Bribie - Beachmere,313,Moreton Bay - North,3GBRI,Greater Brisbane,3,Queensland,QLD,145.3506,63,1647,529,335,1229,0.7,961,2.0,8860,9553,0.9274573432429604,0.41478555304740405,0.5199774266365689,0.19683972911963882,0.09401805869074492,0.04390519187358916,9553,0.5371087616455563,0.19313304721030042,0.2257929446247252,1,1
313021364,Burpengary - East,31302,Caboolture,313,Moreton Bay - North,3GBRI,Greater Brisbane,3,Queensland,QLD,27.2032,34,2100,916,430,2342,0.8,2346,3.1,1869,2028,0.9215976331360947,0.11075441412520064,0.15248796147672553,0.6120920278223649,0.3263777421080792,0.14446227929373998,2028,0.23717948717948717,0.5685404339250493,0.17357001972386588,1,1
313021366,Caboolture - South,31302,Caboolture,313,Moreton Bay - North,3GBRI,Greater Brisbane,3,Queensland,QLD,13.9766,33,1473,637,340,1421,0.8,1277,2.7,7639,8247,0.9262762216563599,0.2763450713444168,0.3774054195575337,0.26194528079591567,0.08037701269799712,0.028537766723393115,8247,0.2215351036740633,0.28834727779798713,0.46768521886746695,1,1
313021367,Elimbah,31302,Caboolture,313,Moreton Bay - North,3GBRI,Greater Brisbane,3,Queensland,QLD,101.1794,40,2000,789,370,2185,0.8,2183,3.1,1177,1308,0.8998470948012233,0.1546304163126593,0.19711129991503823,0.5548003398470688,0.30671197960917584,0.1427357689039932,1308,0.32186544342507645,0.5634556574923547,0.09327217125382263,1,1
313021368,Morayfield - East,31302,Caboolture,313,Moreton Bay - North,3GBRI,Greater Brisbane,3,Queensland,QLD,8.523,32,1517,731,355,1645,0.8,1482,2.7,3599,3843,0.9365079365079365,0.21867185329258126,0.30452903584328983,0.33842734092803556,0.10975270908585719,0.03584328980272298,3843,0.1824095758521988,0.3598750975800156,0.42024460057246943,1,1
313021369,Wamuran,31302,Caboolture,313,Moreton Bay - North,3GBRI,Greater Brisbane,3,Queensland,QLD,89.386,43,2000,767,350,2088,0.8,2049,3.0,1166,1296,0.8996913580246914,0.16552315608919382,0.22469982847341338,0.5180102915951973,0.29588336192109777,0.13893653516295026,1296,0.3726851851851852,0.47453703703703703,0.1257716049382716,1,1
313021572,Caboolture - East,31302,Caboolture,313,Moreton Bay - North,3GBRI,Greater Brisbane,3,Queensland,QLD,49.8626,35,1582,655,315,1524,0.8,1319,2.6,5650,6133,0.9212457198760802,0.2938053097345133,0.37716814159292034,0.29345132743362834,0.11168141592920354,0.04654867256637168,6133,0.18408609163541498,0.30507092776781347,0.4831240828305886,1,1
313021573,Caboolture - West,31302,Caboolture,313,Moreton Bay - North,3GBRI,Greater Brisbane,3,Queensland,QLD,24.5906,39,1560,619,300,1598,0.8,1300,2.6,3927,4297,0.9138934140097743,0.3116883116883117,0.39826839826839827,0.30786860198624905,0.12426788897377132,0.04965622612681436,4297,0.24598557132883406,0.3860833139399581,0.3251105422387712,1,1
313031370,Kilcoy,31303,Caboolture Hinterland,313,Moreton Bay - North,3GBRI,Greater Brisbane,3,Queensland,QLD,2863.2647,44,1517,690,330,1539,0.8,1334,2.5,1814,2043,0.8879099363680861,0.2982359426681367,0.37651598676957,0.3235942668136714,0.14718853362734288,0.07276736493936053,2043,0.40137053352912383,0.34948604992657856,0.20068526676456191,1,1
313031371,Woodford - D'Aguilar,31303,Caboolture Hinterland,313,Moreton Bay - North,3GBRI,Greater Brisbane,3,Queensland,QLD,525.0206,39,1742,695,350,1816,0.8,1632,2.7,2423,2643,0.9167612561483163,0.24762690879075527,0.31407346264960795,0.39207593891869585,0.188196450680974,0.08790755262071812,2643,0.3688989784335982,0.4540295119182747,0.1422625804010594,1,1
313041372,Burpengary,31304,Narangba - Burpengary,313,Moreton Bay - North,3GBRI,Greater Brisbane,3,Queensland,QLD,22.3339,36,1733,775,350,1952,0.8,1720,2.7,5308,5724,0.9273235499650594,0.210060286360211,0.2803315749811605,0.424076865109269,0.19517709118311982,0.08703843255463452,5724,0.26275331935709295,0.40985324947589097,0.30450733752620546,1,1
313041373,Deception Bay,31304,Narangba - Burpengary,313,Moreton Bay - North,3GBRI,Greater Brisbane,3,Queensland,QLD,31.878,41,1517,612,330,1470,0.8,1219,2.5,7875,8480,0.9286556603773585,0.3307936507936508,0.42234920634920636,0.27415873015873016,0.10755555555555556,0.041650793650793654,8480,0.29952830188679247,0.30849056603773584,0.3588443396226415,1,1
313041374,Morayfield,31304,Narangba - Burpengary,313,Moreton Bay - North,3GBRI,Greater Brisbane,3,Queensland,QLD,24.931,38,2000,792,345,2130,0.8,1951,2.9,1765,1922,0.9183142559833507,0.15694050991501415,0.22889518413597734,0.486685552407932,0.27592067988668556,0.14390934844192635,1922,0.2736732570239334,0.4599375650364204,0.24401664932362122,1,1
313041375,Narangba,31304,Narangba - Burpengary,313,Moreton Bay - North,3GBRI,Greater Brisbane,3,Queensland,QLD,37.7086,33,1900,889,415,2283,0.8,2207,3.1,5968,6450,0.9252713178294574,0.11377345844504022,0.159014745308311,0.5681970509383378,0.2801608579088472,0.11477882037533511,6450,0.19596899224806202,0.5536434108527132,0.23705426356589146,1,1
313041376,Upper Caboolture,31304,Narangba - Burpengary,313,Moreton Bay - North,3GBRI,Greater Brisbane,3,Queensland,QLD,55.5614,41,2058,828,420,2201,0.8,2202,3.0,921,1035,0.8898550724637682,0.13355048859934854,0.19326818675352878,0.5580890336590663,0.30401737242128124,0.15092290988056462,1035,0.3323671497584541,0.5603864734299517,0.0821256038647343,1,0
313051377,Clontarf,31305,Redcliffe,313,Moreton Bay - North,3GBRI,Greater Brisbane,3,Queensland,QLD,6.3079,46,1733,705,345,1855,0.8,1389,2.3,3157,3379,0.9343000887836638,0.28824833702882485,0.3715552739942984,0.34463097877732024,0.15204307887234716,0.060817231548938866,3379,0.30097662030186445,0.33649008582420836,0.33856170464634505,1,1
313051378,Margate - Woody Point,31305,Redcliffe,313,Moreton Bay - North,3GBRI,Greater Brisbane,3,Queensland,QLD,4.2806,48,1733,697,325,1707,0.7,1225,2.1,4993,5341,0.9348436622355364,0.3338674143801322,0.41478069297015824,0.30342479471259765,0.14720608852393352,0.0660925295413579,5341,0.2986332147537914,0.2705485864070399,0.4079760344504774,1,1
313051379,Redcliffe,31305,Redcliffe,313,Moreton Bay - North,3GBRI,Greater Brisbane,3,Queensland,QLD,4.1828,52,1600,625,334,1527,0.7,1111,2.0,4491,4834,0.9290442697558957,0.37319082609663773,0.4589178356713427,0.24938766421732353,0.11222444889779559,0.05076820307281229,4834,0.31816301199834507,0.21741828713280928,0.42428630533719486,1,1
313051380,Rothwell - Kippa-Ring,31305,Redcliffe,313,Moreton Bay - North,3GBRI,Greater Brisbane,3,Queensland,QLD,15.3908,43,1625,634,360,1612,0.7,1301,2.5,6101,6541,0.9327319981654182,0.29831175217177514,0.3910834289460744,0.3025733486313719,0.12047205376167841,0.047041468611703,6541,0.30576364470264483,0.2753401620547317,0.35820210976914846,1,1
313051574,Moreton Island,31305,Redcliffe,313,Moreton Bay - North,3GBRI,Greater Brisbane,3,Queensland,QLD,175.3154,45,1517,825,213,1625,0.8,1224,1.9,45,62,0.7258064516129032,0.15555555555555556,0.24444444444444444,0.28888888888888886,0.15555555555555556,0.15555555555555556,62,0.3709677419354839,0.1774193548387097,0.3225806451612903,0,0
313051575,Scarborough - Newport,31305,Redcliffe,313,Moreton Bay - North,3GBRI,Greater Brisbane,3,Queensland,QLD,8.1121,49,2100,804,405,2165,0.7,1658,2.4,5764,6175,0.9334412955465587,0.2545107564191534,0.3190492713393477,0.43285912560721723,0.253469812630118,0.14243580846634282,6175,0.38040485829959514,0.29959514170040485,0.27076923076923076,1,1
314011382,Albany Creek,31401,The Hills District,314,Moreton Bay - South,3GBRI,Greater Brisbane,3,Queensland,QLD,9.7818,40,2037,954,440,2555,0.8,2267,2.8,5438,5778,0.9411561093804085,0.15318131666053697,0.2000735564545789,0.5652813534387643,0.34222140492828246,0.18242000735564545,5778,0.33402561439944617,0.4669435790931118,0.1523018345448252,1,1
314011383,Cashmere,31401,The Hills District,314,Moreton Bay - South,3GBRI,Greater Brisbane,3,Queensland,QLD,45.2329,35,2000,1003,420,2528,0.8,2406,3.0,5938,6362,0.9333542911034266,0.09767598518019535,0.13371505557426744,0.6231054227012462,0.35382283597170766,0.17329067025934658,6362,0.2406475950958818,0.518233259981138,0.23184533165671173,1,1
314011384,Dayboro,31401,The Hills District,314,Moreton Bay - South,3GBRI,Greater Brisbane,3,Queensland,QLD,406.8379,43,2167,896,400,2469,0.8,2378,3.0,2693,2926,0.920369104579631,0.13405124396583737,0.17898254734496843,0.5885629409580394,0.37504641663572225,0.22057185295209802,2926,0.35440874914559123,0.5379357484620643,0.08714969241285031,1,1
314011385,Eatons Hill,31401,The Hills District,314,Moreton Bay - South,3GBRI,Greater Brisbane,3,Queensland,QLD,9.1057,38,2151,1047,460,2862,0.8,2771,3.1,2316,2478,0.9346246973365617,0.07944732297063903,0.11139896373056994,0.6787564766839378,0.442573402417962,0.23834196891191708,2478,0.28329297820823246,0.6029055690072639,0.1016949152542373,1,1
314011386,The Hills District,31401,The Hills District,314,Moreton Bay - South,3GBRI,Greater Brisbane,3,Queensland,QLD,31.6238,38,2000,1023,455,2602,0.8,2334,2.8,8140,8602,0.9462915601023018,0.1300982800982801,0.17714987714987715,0.5885749385749386,0.3534398034398034,0.17371007371007371,8602,0.3039990699837247,0.489769820971867,0.18879330388281795,1,1
314011387,Samford Valley,31401,The Hills District,314,Moreton Bay - South,3GBRI,Greater Brisbane,3,Queensland,QLD,166.0989,45,2492,978,495,2976,0.8,2806,3.0,3747,3993,0.9383921863260706,0.12463303976514545,0.16226314384841206,0.6426474512943688,0.47104350146784096,0.3239925273552175,3993,0.41773102930127726,0.48810418231905833,0.07012271475081393,1,1
314021389,Murrumba Downs - Griffin,31402,North Lakes,314,Moreton Bay - South,3GBRI,Greater Brisbane,3,Queensland,QLD,22.5192,32,1901,928,380,2124,0.8,1939,2.8,7579,8069,0.9392737637873343,0.14592954215595724,0.20596384747328145,0.4825174825174825,0.21823459559308617,0.09288824383164006,8069,0.15962324947329284,0.40463502292725245,0.4057504027760565,1,1
314021576,Dakabin,31402,North Lakes,314,Moreton Bay - South,3GBRI,Greater Brisbane,3,Queensland,QLD,5.5668,30,1800,877,360,1896,0.8,1689,2.6,1802,1910,0.9434554973821989,0.16870144284128746,0.24472807991120976,0.39900110987791343,0.15149833518312986,0.049389567147613764,1910,0.11361256544502618,0.2570680628272251,0.6141361256544503,1,1
314021577,Kallangur,31402,North Lakes,314,Moreton Bay - South,3GBRI,Greater Brisbane,3,Queensland,QLD,11.0701,35,1545,734,350,1695,0.8,1456,2.5,7554,8099,0.9327077416965057,0.23682817050569235,0.31731532962668785,0.3363780778395552,0.11728885358750331,0.040375959756420436,8099,0.20360538338066428,0.34090628472650947,0.42931226077293494,1,1
314021578,Mango Hill,31402,North Lakes,314,Moreton Bay - South,3GBRI,Greater Brisbane,3,Queensland,QLD,15.357,31,2000,959,400,2266,0.8,2145,3.0,4460,4760,0.9369747899159664,0.1109865470852018,0.15739910313901345,0.5461883408071749,0.2773542600896861,0.1242152466367713,4760,0.09663865546218488,0.4199579831932773,0.45441176470588235,1,1
314021579,North Lakes,31402,North Lakes,314,Moreton Bay - South,3GBRI,Greater Brisbane,3,Queensland,QLD,11.8041,35,1950,885,420,2258,0.8,2092,2.9,7136,7657,0.9319576857777198,0.14167600896860988,0.19128363228699552,0.5274663677130045,0.2784473094170404,0.1352298206278027,7657,0.17552566279221626,0.4151756562622437,0.3728614339819773,1,1
314031391,Bray Park,31403,Strathpine,314,Moreton Bay - South,3GBRI,Greater Brisbane,3,Queensland,QLD,4.4865,37,1668,755,390,1913,0.8,1736,2.8,3263,3496,0.9333524027459954,0.18755746245786087,0.25620594544897335,0.42231075697211157,0.16426601287159057,0.06435795280416795,3496,0.27316933638443935,0.42848970251716245,0.28403890160183065,1,1
314031392,Lawnton,31403,Strathpine,314,Moreton Bay - South,3GBRI,Greater Brisbane,3,Queensland,QLD,9.2992,35,1602,792,340,1854,0.8,1494,2.5,2525,2705,0.933456561922366,0.2388118811881188,0.3231683168316832,0.356039603960396,0.1500990099009901,0.05386138613861386,2705,0.2,0.38743068391866914,0.39075785582255085,1,1
314031393,Petrie,31403,Strathpine,314,Moreton Bay - South,3GBRI,Greater Brisbane,3,Queensland,QLD,6.7374,38,1725,811,360,2086,0.8,1853,2.7,2940,3149,0.9336297237218164,0.17857142857142858,0.2445578231292517,0.45816326530612245,0.20238095238095238,0.08401360544217687,3149,0.2537313432835821,0.43347094315655765,0.29691965703397905,1,1
314031394,Strathpine - Brendale,31403,Strathpine,314,Moreton Bay - South,3GBRI,Greater Brisbane,3,Queensland,QLD,17.8734,36,1547,736,360,1768,0.8,1455,2.5,4859,5208,0.9329877112135176,0.2535501131920148,0.331343897921383,0.34266309940316936,0.12265898332990327,0.04692323523358716,5208,0.255568356374808,0.3575268817204301,0.36501536098310294,1,1
315011395,Aurukun,31501,Far North,315,Queensland - Outback,3RQLD,Rest of Qld,3,Queensland,QLD,7423.9891,29,0,331,125,785,1.2,1069,3.9,196,236,0.8305084745762712,0.34183673469387754,0.45918367346938777,0.1326530612244898,0.05102040816326531,0.025510204081632654,236,0.0,0.0,0.923728813559322,0,0
315011396,Cape York,31501,Far North,315,Queensland - Outback,3RQLD,Rest of Qld,3,Queensland,QLD,112961.0033,35,1286,520,130,1253,1.1,1063,2.7,2000,2337,0.8557980316645272,0.3885,0.4765,0.2385,0.103,0.0435,2337,0.24646983311938384,0.12537441163885324,0.519469405220368,1,1
315011397,Croydon - Etheridge,31501,Far North,315,Queensland - Outback,3RQLD,Rest of Qld,3,Queensland,QLD,68697.1981,42,672,763,155,1512,1.0,1206,2.3,285,341,0.8357771260997068,0.3263157894736842,0.40350877192982454,0.256140350877193,0.11228070175438597,0.05964912280701754,341,0.45161290322580644,0.13196480938416422,0.19941348973607037,0,0
315011398,Kowanyama - Pormpuraaw,31501,Far North,315,Queensland - Outback,3RQLD,Rest of Qld,3,Queensland,QLD,6950.6979,30,0,345,118,902,1.3,1104,3.6,324,398,0.8140703517587939,0.3271604938271605,0.4537037037037037,0.2037037037037037,0.07407407407407407,0.033950617283950615,398,0.04773869346733668,0.0,0.8442211055276382,0,0
315011399,Northern Peninsula,31501,Far North,315,Queensland - Outback,3RQLD,Rest of Qld,3,Queensland,QLD,1052.0676,23,1300,604,120,1287,1.3,1331,3.5,578,678,0.8525073746312685,0.2958477508650519,0.3754325259515571,0.31141868512110726,0.12629757785467127,0.04671280276816609,678,0.02654867256637168,0.004424778761061947,0.9056047197640118,1,0
315011400,Tablelands,31501,Far North,315,Queensland - Outback,3RQLD,Rest of Qld,3,Queensland,QLD,52403.018,43,1329,611,230,1512,0.9,1171,2.4,1606,1819,0.8829026937877955,0.3642590286425903,0.4383561643835616,0.2696139476961395,0.11581569115815692,0.060398505603985055,1819,0.44584936778449696,0.26223199560197913,0.18031885651456844,1,1
315011401,Torres,31501,Far North,315,Queensland - Outback,3RQLD,Rest of Qld,3,Queensland,QLD,883.7402,30,1791,877,200,1951,1.2,2006,3.1,772,950,0.8126315789473684,0.15932642487046633,0.21632124352331605,0.5090673575129534,0.266839378238342,0.11139896373056994,950,0.10631578947368421,0.04631578947368421,0.7021052631578948,1,0
315011402,Torres Strait Islands,31501,Far North,315,Queensland - Outback,3RQLD,Rest of Qld,3,Queensland,QLD,490.0453,27,0,411,130,923,1.0,976,3.5,926,1013,0.914116485686081,0.4006479481641469,0.5118790496760259,0.1673866090712743,0.05399568034557235,0.019438444924406047,1013,0.06219151036525173,0.0029615004935834156,0.8943731490621916,1,0
315011403,Weipa,31501,Far North,315,Queensland - Outback,3RQLD,Rest of Qld,3,Queensland,QLD,15.8036,30,2063,1558,500,3283,1.0,2976,2.9,1059,1238,0.8554119547657512,0.04060434372049103,0.05004721435316336,0.7809254013220018,0.49291784702549574,0.26628895184135976,1238,0.10177705977382875,0.23263327948303716,0.5840064620355412,1,1
315021404,Carpentaria,31502,Outback - North,315,Queensland - Outback,3RQLD,Rest of Qld,3,Queensland,QLD,114443.5786,30,1042,483,125,1159,1.2,1279,3.0,1127,1319,0.8544351781652767,0.31410825199645076,0.40195208518189884,0.28748890860692106,0.13753327417923691,0.064773735581189,1319,0.177407126611069,0.05307050796057619,0.6429112964366944,1,1
315021405,Mount Isa,31502,Outback - North,315,Queensland - Outback,3RQLD,Rest of Qld,3,Queensland,QLD,68.6964,31,1546,1158,275,2652,0.9,2236,2.6,5695,6328,0.8999683944374209,0.15873573309920982,0.19789288849868306,0.5726075504828797,0.33187006145741876,0.16488147497805092,6328,0.1622945638432364,0.2997787610619469,0.4555941845764855,1,1
315021406,Mount Isa Surrounds,31502,Outback - North,315,Queensland - Outback,3RQLD,Rest of Qld,3,Queensland,QLD,84051.7627,34,1200,1172,206,2314,0.9,1856,2.5,973,1148,0.8475609756097561,0.20041109969167523,0.26618705035971224,0.4686536485097636,0.24049331963001028,0.10894141829393628,1148,0.21951219512195122,0.18728222996515678,0.42073170731707316,1,0
315021407,Northern Highlands,31502,Outback - North,315,Queensland - Outback,3RQLD,Rest of Qld,3,Queensland,QLD,108517.4844,38,715,914,150,1929,0.8,1502,2.4,886,1026,0.8635477582846004,0.24943566591422123,0.32505643340857787,0.3544018058690745,0.16930022573363432,0.07787810383747178,1026,0.39766081871345027,0.20077972709551656,0.27582846003898637,1,0
315031408,Barcaldine - Blackall,31503,Outback - South,315,Queensland - Outback,3RQLD,Rest of Qld,3,Queensland,QLD,83919.902,45,955,808,157,1827,0.8,1341,2.3,1564,1816,0.8612334801762115,0.3145780051150895,0.3906649616368286,0.32544757033248084,0.1445012787723785,0.0741687979539642,1816,0.43006607929515417,0.1960352422907489,0.2626651982378855,1,1
315031409,Charleville,31503,Outback - South,315,Queensland - Outback,3RQLD,Rest of Qld,3,Queensland,QLD,40699.7586,43,867,798,170,1766,0.7,1294,2.2,1339,1528,0.8763089005235603,0.30918595967139656,0.38909634055265124,0.2912621359223301,0.1299477221807319,0.05601194921583271,1528,0.38481675392670156,0.2513089005235602,0.2925392670157068,1,1
315031410,Far Central West,31503,Outback - South,315,Queensland - Outback,3RQLD,Rest of Qld,3,Queensland,QLD,271272.549,41,884,947,140,2109,0.8,1442,2.2,650,775,0.8387096774193549,0.2753846153846154,0.34923076923076923,0.3630769230769231,0.1676923076923077,0.08615384615384615,775,0.3574193548387097,0.14580645161290323,0.3303225806451613,1,0
315031411,Far South West,31503,Outback - South,315,Queensland - Outback,3RQLD,Rest of Qld,3,Queensland,QLD,188751.5889,42,758,680,130,1436,0.8,1110,2.3,957,1092,0.8763736263736264,0.3834900731452456,0.46499477533960293,0.26854754440961337,0.11912225705329153,0.05329153605015674,1092,0.4010989010989011,0.14835164835164835,0.33791208791208793,1,0
315031412,Longreach,31503,Outback - South,315,Queensland - Outback,3RQLD,Rest of Qld,3,Queensland,QLD,40572.2442,40,1083,938,200,2094,0.7,1561,2.3,1177,1342,0.8770491803278688,0.25658453695836875,0.324553950722175,0.39507221750212407,0.17247238742565846,0.07051826677994902,1342,0.32488822652757077,0.23099850968703428,0.35469448584202684,1,1
316011413,Buderim - North,31601,Buderim,316,Sunshine Coast,3RQLD,Rest of Qld,3,Queensland,QLD,24.1124,49,2028,761,460,2091,0.7,1583,2.4,6534,7084,0.922360248447205,0.2603305785123967,0.3319559228650138,0.4155188246097337,0.23217018671564127,0.12718089990817263,7084,0.41431394692264256,0.33681535855448896,0.16290231507622813,1,1
316011414,Buderim - South,31601,Buderim,316,Sunshine Coast,3RQLD,Rest of Qld,3,Queensland,QLD,30.1384,42,2000,834,450,2177,0.8,1922,2.7,5772,6285,0.9183770883054893,0.1865904365904366,0.2515592515592516,0.48163548163548164,0.2700970200970201,0.15575190575190576,6285,0.33890214797136037,0.36754176610978523,0.24295942720763722,1,1
316011415,Mountain Creek,31601,Buderim,316,Sunshine Coast,3RQLD,Rest of Qld,3,Queensland,QLD,7.368,37,1950,857,500,2062,0.8,1911,2.8,3750,4099,0.9148572822639668,0.15946666666666667,0.22133333333333333,0.47626666666666667,0.23813333333333334,0.11386666666666667,4099,0.2261527201756526,0.3932666504025372,0.36545498902171264,1,1
316011416,Sippy Downs,31601,Buderim,316,Sunshine Coast,3RQLD,Rest of Qld,3,Queensland,QLD,14.511,33,1889,669,460,1822,0.8,1484,2.6,3523,3854,0.9141152049818371,0.2739142776043145,0.34714731762702244,0.36928753902923644,0.15640079477717855,0.06131138234459268,3854,0.1894135962636222,0.3271925272444214,0.332381940840685,1,1
316021417,Aroona - Currimundi,31602,Caloundra,316,Sunshine Coast,3RQLD,Rest of Qld,3,Queensland,QLD,5.5136,44,1950,725,450,1926,0.7,1591,2.6,3483,3760,0.9263297872340426,0.24720068906115417,0.3261556129773184,0.3956359460235429,0.18805627332759114,0.08440999138673558,3760,0.38218085106382976,0.3816489361702128,0.21117021276595746,1,1
316021418,Buddina - Minyama,31602,Caloundra,316,Sunshine Coast,3RQLD,Rest of Qld,3,Queensland,QLD,4.0969,47,2167,833,450,2156,0.7,1719,2.4,2426,2662,0.9113448534936138,0.23495465787304204,0.2930750206100577,0.4356966199505359,0.2654575432811212,0.16075845012366036,2662,0.4222389181066867,0.28625093914350114,0.2716003005259204,1,1
316021419,Caloundra - Kings Beach,31602,Caloundra,316,Sunshine Coast,3RQLD,Rest of Qld,3,Queensland,QLD,3.9911,56,1517,668,370,1462,0.8,1122,1.9,3075,3309,0.929283771532185,0.3652032520325203,0.45430894308943087,0.24682926829268292,0.1040650406504065,0.054634146341463415,3309,0.37564218797219706,0.15231187669990934,0.4412209126624358,1,1
316021421,Golden Beach - Pelican Waters,31602,Caloundra,316,Sunshine Coast,3RQLD,Rest of Qld,3,Queensland,QLD,10.453,55,2123,664,440,1619,0.7,1347,2.3,4971,5347,0.9296801945015897,0.28968014484007243,0.36813518406759205,0.33655200160933413,0.18386642526654598,0.09897404948702475,5347,0.5141200673274734,0.24069571722461194,0.21563493547783805,1,1
316021422,Moffat Beach - Battery Hill,31602,Caloundra,316,Sunshine Coast,3RQLD,Rest of Qld,3,Queensland,QLD,3.8929,48,2000,739,400,2015,0.8,1503,2.3,2939,3168,0.9277146464646465,0.2851309969377339,0.3477373256209595,0.3861857774753317,0.2198026539639333,0.1170466144947261,3168,0.3838383838383838,0.2809343434343434,0.3023989898989899,1,1
316021423,Parrearra - Warana,31602,Caloundra,316,Sunshine Coast,3RQLD,Rest of Qld,3,Queensland,QLD,6.8867,46,2048,781,465,2043,0.8,1593,2.4,3713,3976,0.9338531187122736,0.23700511715593858,0.32722865607325613,0.41206571505521145,0.24346889307837327,0.13762456234850526,3976,0.37877263581488935,0.30206237424547283,0.2776659959758551,1,1
316021424,Wurtulla - Birtinya,31602,Caloundra,316,Sunshine Coast,3RQLD,Rest of Qld,3,Queensland,QLD,6.8437,39,2000,824,480,2092,0.8,1779,2.5,3716,4006,0.927608587119321,0.21151776103336922,0.2796017222820237,0.4510226049515608,0.24273412271259417,0.12190527448869752,4006,0.26260609086370446,0.2865701447828258,0.417873190214678,1,1
316021580,Caloundra West - Baringa,31602,Caloundra,316,Sunshine Coast,3RQLD,Rest of Qld,3,Queensland,QLD,47.3917,33,1891,854,480,1993,0.8,1872,2.8,4992,5368,0.9299552906110283,0.15925480769230768,0.22255608974358973,0.4597355769230769,0.19150641025641027,0.07431891025641026,5368,0.21795827123695977,0.43610283159463487,0.3297317436661699,1,1
316021581,Meridan Plains - Little Mountain (North),31602,Caloundra,316,Sunshine Coast,3RQLD,Rest of Qld,3,Queensland,QLD,24.0367,42,1950,716,460,1866,0.8,1496,2.6,4820,5214,0.9244342155734561,0.26514522821576764,0.34398340248962656,0.38547717842323653,0.17095435684647303,0.07634854771784233,5214,0.3120444955887994,0.3504027617951669,0.26716532412734945,1,1
316031425,Coolum Beach,31603,Maroochy,316,Sunshine Coast,3RQLD,Rest of Qld,3,Queensland,QLD,18.1108,44,2000,794,450,2071,0.8,1703,2.4,5664,6114,0.9263984298331698,0.227930790960452,0.2936087570621469,0.4286723163841808,0.21468926553672316,0.10451977401129943,6114,0.32041216879293427,0.3619561661759895,0.2831207065750736,1,1
316031426,Marcoola - Mudjimba,31603,Maroochy,316,Sunshine Coast,3RQLD,Rest of Qld,3,Queensland,QLD,32.8881,49,1811,755,435,1798,0.8,1506,2.3,4309,4667,0.9232911934861796,0.23508934787653749,0.32095613831515435,0.3645857507542353,0.17451844975632397,0.08725922487816198,4667,0.36340261409899294,0.31990572101992715,0.27212341975573173,1,1
316031427,Maroochydore - Kuluin,31603,Maroochy,316,Sunshine Coast,3RQLD,Rest of Qld,3,Queensland,QLD,13.8495,46,1733,764,410,1784,0.8,1384,2.1,9081,9771,0.9293828676696346,0.28245787908820613,0.3657086223984143,0.33641669419667436,0.1542781631978857,0.07862570201519656,9771,0.31603725309589603,0.23733497083205404,0.4024153106130386,1,1
316031428,Mooloolaba - Alexandra Headland,31603,Maroochy,316,Sunshine Coast,3RQLD,Rest of Qld,3,Queensland,QLD,5.5009,45,1800,861,400,2066,0.8,1559,2.1,4932,5308,0.9291635267520724,0.23803730738037307,0.3061638280616383,0.3905109489051095,0.201338199513382,0.11962692619626926,5308,0.3308214016578749,0.2426525998492841,0.40109269027882444,1,1
316051434,Noosa Heads,31605,Noosa,316,Sunshine Coast,3RQLD,Rest of Qld,3,Queensland,QLD,13.0071,54,2167,909,550,2228,0.7,1843,2.3,1851,1994,0.928284854563691,0.2106969205834684,0.26742301458670986,0.4597514856834144,0.2965964343598055,0.19394921663965425,1994,0.49047141424272817,0.2362086258776329,0.24222668004012035,1,1
316051435,Noosaville,31605,Noosa,316,Sunshine Coast,3RQLD,Rest of Qld,3,Queensland,QLD,26.4403,56,2000,748,480,1789,0.7,1390,2.1,3709,4010,0.9249376558603492,0.27851172822863307,0.35777837692100295,0.34888110002696143,0.19142626044755998,0.11269884065785926,4010,0.4608478802992519,0.22917705735660848,0.23167082294264338,1,1
316051437,Sunshine Beach,31605,Noosa,316,Sunshine Coast,3RQLD,Rest of Qld,3,Queensland,QLD,7.2839,46,2167,868,500,2177,0.8,1826,2.4,2466,2688,0.9174107142857143,0.21127331711273317,0.2704785077047851,0.4553933495539335,0.26277372262773724,0.16991078669910786,2688,0.38318452380952384,0.32328869047619047,0.2734375,1,1
316051438,Tewantin,31605,Noosa,316,Sunshine Coast,3RQLD,Rest of Qld,3,Queensland,QLD,25.618,51,1800,633,450,1555,0.7,1261,2.3,3850,4182,0.9206121472979436,0.32935064935064934,0.4111688311688312,0.28493506493506493,0.11376623376623377,0.052987012987012985,4182,0.4148732663797226,0.28311812529890007,0.24557627929220469,1,1
316051543,Peregian Beach - Marcus Beach,31605,Noosa,316,Sunshine Coast,3RQLD,Rest of Qld,3,Queensland,QLD,13.6938,46,2100,873,455,2213,0.8,1755,2.4,1477,1591,0.9283469516027656,0.1963439404197698,0.25524712254570076,0.43940419769803657,0.2728503723764387,0.16519972918077183,1591,0.3928346951602766,0.3249528598365808,0.26021370207416716,1,1
316051544,Peregian Springs,31605,Noosa,316,Sunshine Coast,3RQLD,Rest of Qld,3,Queensland,QLD,6.0599,38,2147,823,530,2041,0.8,1864,2.8,3403,3635,0.9361760660247593,0.17749044960329122,0.24155157214222744,0.4640023508668822,0.23097267117249487,0.10314428445489274,3635,0.2640990371389271,0.33700137551581844,0.3628610729023384,1,1
316061439,Beerwah,31606,Sunshine Coast Hinterland,316,Sunshine Coast,3RQLD,Rest of Qld,3,Queensland,QLD,148.6221,40,1733,689,390,1748,0.8,1534,2.7,2972,3223,0.9221222463543283,0.24327052489905787,0.3152759084791386,0.37584118438761777,0.16756393001345896,0.06763122476446837,3223,0.3270245113248526,0.40490226497052434,0.23952838969903817,1,1
316061440,Caloundra Hinterland,31606,Sunshine Coast Hinterland,316,Sunshine Coast,3RQLD,Rest of Qld,3,Queensland,QLD,459.3262,56,1700,630,370,1498,0.7,1261,2.3,3366,3637,0.9254880395930712,0.3083778966131907,0.4001782531194296,0.30213903743315507,0.1592394533571004,0.0855614973262032,3637,0.5358812207863624,0.2689029419851526,0.1545229584822656,1,1
316061441,Glass House Mountains,31606,Sunshine Coast Hinterland,316,Sunshine Coast,3RQLD,Rest of Qld,3,Queensland,QLD,184.2288,42,1814,737,398,1860,0.8,1686,2.7,2062,2269,0.9087703834288233,0.21241513094083414,0.2822502424830262,0.41416100872938894,0.19495635305528614,0.08244422890397672,2269,0.373292199206699,0.45041868664609963,0.15381225209343324,1,1
316061442,Landsborough,31606,Sunshine Coast Hinterland,316,Sunshine Coast,3RQLD,Rest of Qld,3,Queensland,QLD,134.5715,36,1950,823,460,2093,0.8,2004,2.9,4711,5215,0.9033557046979865,0.15835279133941838,0.21333050307790277,0.5015920186796858,0.24241137762683082,0.10719592443218,5215,0.24717162032598275,0.5328859060402684,0.19022051773729626,1,1
316061443,Maroochy Hinterland,31606,Sunshine Coast Hinterland,316,Sunshine Coast,3RQLD,Rest of Qld,3,Queensland,QLD,526.3125,52,1733,651,350,1602,0.8,1337,2.4,2413,2604,0.9266513056835638,0.29133858267716534,0.38002486531288854,0.3273932863655201,0.1682552838789888,0.08537090758392044,2604,0.47887864823348697,0.34178187403993854,0.1424731182795699,1,1
316061444,Palmwoods,31606,Sunshine Coast Hinterland,316,Sunshine Coast,3RQLD,Rest of Qld,3,Queensland,QLD,115.2092,45,1950,734,410,1995,0.8,1795,2.7,3636,3985,0.9124215809284818,0.2158965896589659,0.2808030803080308,0.4507700770077008,0.2246974697469747,0.10478547854785479,3985,0.370138017565872,0.41555834378920953,0.172396486825596,1,1
316071545,Bli Bli,31607,Nambour,316,Sunshine Coast,3RQLD,Rest of Qld,3,Queensland,QLD,44.7696,41,1900,762,460,1917,0.8,1699,2.7,3546,3848,0.9215176715176715,0.20304568527918782,0.2732656514382403,0.4165256627185561,0.1785109983079526,0.07529610829103214,3848,0.369022869022869,0.40384615384615385,0.19984407484407485,1,1
316071546,Diddillibah - Rosemount,31607,Nambour,316,Sunshine Coast,3RQLD,Rest of Qld,3,Queensland,QLD,31.3023,46,2167,707,400,2009,0.8,1595,2.7,1458,1580,0.9227848101265823,0.29286694101508914,0.35459533607681754,0.4224965706447188,0.24828532235939643,0.13991769547325103,1580,0.4088607594936709,0.3848101265822785,0.10316455696202531,1,1
316071547,Eumundi - Yandina,31607,Nambour,316,Sunshine Coast,3RQLD,Rest of Qld,3,Queensland,QLD,215.7895,43,1950,757,400,1945,0.8,1796,2.8,3846,4214,0.912672045562411,0.1918876755070203,0.2550702028081123,0.44929797191887677,0.218928757150286,0.11492459698387936,4214,0.3483626008542952,0.45752254390128144,0.1649264356905553,1,1
316071548,Nambour,31607,Nambour,316,Sunshine Coast,3RQLD,Rest of Qld,3,Queensland,QLD,54.0249,40,1670,678,360,1714,0.8,1383,2.5,7784,8454,0.9207475751123728,0.27569373072970194,0.35483042137718396,0.328365878725591,0.12384378211716342,0.044835560123329905,8454,0.2596404069079726,0.3989827300686066,0.30175065057960726,1,1
316081549,Noosa Hinterland,31608,Noosa Hinterland,316,Sunshine Coast,3RQLD,Rest of Qld,3,Queensland,QLD,820.066,49,1800,674,415,1742,0.8,1496,2.6,7875,8662,0.9091433848995613,0.24546031746031746,0.32241269841269843,0.3704126984126984,0.1853968253968254,0.09384126984126984,8662,0.4468944816439621,0.3944816439621335,0.12733779727545602,1,1
317011445,Cambooya - Wyreema,31701,Toowoomba,317,Toowoomba,3RQLD,Rest of Qld,3,Queensland,QLD,227.5385,34,1647,891,310,2173,0.8,1982,2.9,2417,2639,0.9158772262220538,0.15887463798096815,0.21472900289615227,0.49648324369052543,0.24369052544476624,0.11253620190318576,2639,0.28760894278135657,0.47631678666161426,0.22129594543387646,1,1
317011446,Darling Heights,31701,Toowoomba,317,Toowoomba,3RQLD,Rest of Qld,3,Queensland,QLD,12.536,33,1450,725,315,1714,0.8,1376,2.4,4997,5349,0.9341933071602169,0.28036822093255953,0.3664198519111467,0.3141885131078647,0.11707024214528718,0.04202521512907745,5349,0.26472237801458215,0.2579921480650589,0.43241727425687043,1,1
317011447,Drayton - Harristown,31701,Toowoomba,317,Toowoomba,3RQLD,Rest of Qld,3,Queensland,QLD,16.278,37,1300,649,295,1515,0.8,1194,2.3,4083,4411,0.9256404443436862,0.3455792309576292,0.43032084251775654,0.2503061474406074,0.08351702179769777,0.027920646583394562,4411,0.2586715030605305,0.26479256404443435,0.39741555202901835,1,1
317011448,Gatton,31701,Toowoomba,317,Toowoomba,3RQLD,Rest of Qld,3,Queensland,QLD,49.9778,33,1300,661,295,1492,0.8,1274,2.6,2498,2753,0.9073737740646567,0.3270616493194556,0.4035228182546037,0.300240192153723,0.12049639711769415,0.055244195356285025,2753,0.3047584453323647,0.240101707228478,0.41772611696331274,1,1
317011449,Gowrie (Qld),31701,Toowoomba,317,Toowoomba,3RQLD,Rest of Qld,3,Queensland,QLD,81.0101,35,1627,869,350,2139,0.8,2004,3.0,2075,2277,0.9112867808519982,0.1566265060240964,0.20337349397590362,0.5026506024096385,0.2197590361445783,0.07662650602409639,2277,0.27755819060166886,0.6021080368906456,0.1067193675889328,1,1
317011450,Highfields,31701,Toowoomba,317,Toowoomba,3RQLD,Rest of Qld,3,Queensland,QLD,149.2804,42,1900,869,408,2284,0.7,2104,2.9,4464,4884,0.914004914004914,0.1635304659498208,0.22379032258064516,0.5264336917562724,0.29345878136200715,0.14068100358422939,4884,0.4099099099099099,0.4264946764946765,0.14516789516789516,1,1
317011451,Lockyer Valley - West,31701,Toowoomba,317,Toowoomba,3RQLD,Rest of Qld,3,Queensland,QLD,1480.2184,41,1600,737,310,1922,0.8,1690,2.8,3598,4011,0.8970331588132635,0.2112284602556976,0.28071150639244025,0.4182879377431907,0.1970539188438021,0.08810450250138967,4011,0.36599351782597855,0.46173024183495387,0.14086262777362255,1,1
317011452,Middle Ridge,31701,Toowoomba,317,Toowoomba,3RQLD,Rest of Qld,3,Queensland,QLD,8.6802,43,1950,907,420,2413,0.7,2177,2.7,2466,2600,0.9484615384615385,0.15531224655312248,0.21492295214922952,0.5446066504460665,0.32684509326845096,0.18775344687753448,2600,0.4419230769230769,0.34307692307692306,0.20038461538461538,1,1
317011453,Newtown (Qld),31701,Toowoomba,317,Toowoomba,3RQLD,Rest of Qld,3,Queensland,QLD,5.5435,35,1254,688,289,1507,0.8,1200,2.2,3955,4214,0.9385382059800664,0.3170670037926675,0.415929203539823,0.24096080910240203,0.08192161820480405,0.03059418457648546,4214,0.23754152823920266,0.2650688182249644,0.4715234931181775,1,1
317011454,North Toowoomba - Harlaxton,31701,Toowoomba,317,Toowoomba,3RQLD,Rest of Qld,3,Queensland,QLD,10.3068,34,1301,673,280,1495,0.8,1232,2.3,2311,2494,0.9266238973536488,0.30938987451319777,0.39679792297706623,0.2829943747295543,0.11337083513630462,0.0597144093466032,2494,0.23656776263031276,0.29149959903769046,0.44787489975942263,1,1
317011455,Rangeville,31701,Toowoomba,317,Toowoomba,3RQLD,Rest of Qld,3,Queensland,QLD,8.2521,44,1586,834,340,2164,0.7,1689,2.4,3210,3403,0.9432853364678225,0.22242990654205608,0.29283489096573206,0.4264797507788162,0.23021806853582555,0.12585669781931463,3403,0.3937702027622686,0.3120775786071114,0.2744637084925066,1,1
317011456,Toowoomba - Central,31701,Toowoomba,317,Toowoomba,3RQLD,Rest of Qld,3,Queensland,QLD,9.5179,37,1400,743,295,1765,0.8,1345,2.2,5486,5818,0.9429357167411482,0.2927451695224207,0.3795114837768866,0.3053226394458622,0.12067079839591688,0.045205978855267955,5818,0.2493984187005844,0.2743210725335167,0.4535922997593675,1,1
317011457,Toowoomba - East,31701,Toowoomba,317,Toowoomba,3RQLD,Rest of Qld,3,Queensland,QLD,19.4162,40,1798,915,315,2459,0.7,1814,2.3,3748,4025,0.9311801242236025,0.21531483457844183,0.27641408751334046,0.4535752401280683,0.27934898612593384,0.1747598719316969,4025,0.3373913043478261,0.30111801242236025,0.34111801242236023,1,1
317011458,Toowoomba - West,31701,Toowoomba,317,Toowoomba,3RQLD,Rest of Qld,3,Queensland,QLD,161.2951,34,1733,857,340,2093,0.7,1852,2.7,5069,5484,0.924325309992706,0.18267902939435787,0.24363779838232394,0.45590846320773326,0.19846123495758533,0.08108108108108109,5484,0.287563822027717,0.3800145878920496,0.3056163384390955,1,1
317011459,Wilsonton,31701,Toowoomba,317,Toowoomba,3RQLD,Rest of Qld,3,Queensland,QLD,18.9443,42,1300,621,295,1406,0.7,1123,2.2,5476,5862,0.9341521664960765,0.3504382761139518,0.44905040175310446,0.23119065010956902,0.07195032870708547,0.02501826150474799,5862,0.3452746502900034,0.24104401228249744,0.3824633230979188,1,1
318011460,Ayr,31801,Charters Towers - Ayr - Ingham,318,Townsville,3RQLD,Rest of Qld,3,Queensland,QLD,69.8291,44,1247,711,230,1766,0.8,1269,2.2,3213,3528,0.9107142857142857,0.32212885154061627,0.39931528166822283,0.3134142545907252,0.13227513227513227,0.05322128851540616,3528,0.3925736961451247,0.2556689342403628,0.2967687074829932,1,1
318011461,Burdekin,31801,Charters Towers - Ayr - Ingham,318,Townsville,3RQLD,Rest of Qld,3,Queensland,QLD,4878.6303,47,1200,736,210,1847,0.8,1422,2.4,2586,2850,0.9073684210526316,0.279969064191802,0.3538283062645012,0.36078886310904873,0.1453982985305491,0.06225831399845321,2850,0.4691228070175439,0.27964912280701754,0.19543859649122808,1,1
318011462,Charters Towers,31801,Charters Towers - Ayr - Ingham,318,Townsville,3RQLD,Rest of Qld,3,Queensland,QLD,41.8593,40,1127,642,220,1656,0.8,1282,2.3,2490,2826,0.881104033970276,0.3253012048192771,0.41004016064257026,0.30481927710843376,0.1357429718875502,0.051807228915662654,2826,0.34182590233545646,0.2607926397735315,0.3478414720452937,1,1
318011463,Dalrymple,31801,Charters Towers - Ayr - Ingham,318,Townsville,3RQLD,Rest of Qld,3,Queensland,QLD,68340.3051,45,1517,720,200,1884,0.8,1391,2.6,1057,1255,0.8422310756972111,0.31125827814569534,0.38978240302743616,0.3708609271523179,0.18448438978240303,0.08987701040681173,1255,0.44143426294820715,0.3322709163346614,0.100398406374502,1,1
318011464,Ingham,31801,Charters Towers - Ayr - Ingham,318,Townsville,3RQLD,Rest of Qld,3,Queensland,QLD,41.6192,49,1083,606,210,1407,0.7,1028,2.1,1656,1832,0.9039301310043668,0.3882850241545894,0.49033816425120774,0.2391304347826087,0.09541062801932366,0.03683574879227053,1832,0.4268558951965066,0.18668122270742357,0.3247816593886463,1,1
318011465,Ingham Surrounds,31801,Charters Towers - Ayr - Ingham,318,Townsville,3RQLD,Rest of Qld,3,Queensland,QLD,2765.5697,53,1300,674,200,1678,0.8,1245,2.2,2332,2594,0.8989976869699307,0.330188679245283,0.4099485420240137,0.3027444253859348,0.12650085763293312,0.051457975986277875,2594,0.5281418658442559,0.23631457208943715,0.1754047802621434,1,1
318011466,Palm Island,31801,Charters Towers - Ayr - Ingham,318,Townsville,3RQLD,Rest of Qld,3,Queensland,QLD,71.9928,26,2167,380,125,898,1.2,977,3.7,447,491,0.9103869653767821,0.3982102908277405,0.4988814317673378,0.203579418344519,0.07158836689038031,0.040268456375838924,491,0.014256619144602852,0.0,0.924643584521385,0,0
318021467,Aitkenvale,31802,Townsville,318,Townsville,3RQLD,Rest of Qld,3,Queensland,QLD,3.3069,36,1387,740,270,1782,0.8,1378,2.4,1664,1839,0.9048395867319196,0.28665865384615385,0.3798076923076923,0.33533653846153844,0.15985576923076922,0.0733173076923077,1839,0.2615551930396955,0.26318651441000546,0.45133224578575315,1,1
318021468,Annandale (Qld),31802,Townsville,318,Townsville,3RQLD,Rest of Qld,3,Queensland,QLD,18.8364,31,1625,1017,375,2415,0.7,2215,2.8,2566,2815,0.9115452930728242,0.13211223694466095,0.17537022603273578,0.5604053000779423,0.32969602494154326,0.17537022603273578,2815,0.3552397868561279,0.38152753108348136,0.2468916518650089,1,1
318021469,Belgian Gardens - Pallarenda,31802,Townsville,318,Townsville,3RQLD,Rest of Qld,3,Queensland,QLD,39.829,45,1733,910,280,2504,0.8,1637,2.3,1169,1272,0.9190251572327044,0.281437125748503,0.3438836612489307,0.4268605645851155,0.2805816937553465,0.17194183062446536,1272,0.31761006289308175,0.3018867924528302,0.3136792452830189,1,1
318021470,Bohle Plains,31802,Townsville,318,Townsville,3RQLD,Rest of Qld,3,Queensland,QLD,100.0626,32,1800,1070,350,2443,0.8,2346,2.9,2563,2877,0.8908585331942996,0.09090909090909091,0.12836519703472493,0.6145142411236831,0.296527506827936,0.11587982832618025,2877,0.20194647201946472,0.49530761209593327,0.28362877997914493,1,1
318021471,Condon - Rasmussen,31802,Townsville,318,Townsville,3RQLD,Rest of Qld,3,Queensland,QLD,46.1617,36,1342,695,290,1611,0.8,1380,2.5,3571,3887,0.9187033702083869,0.27219266311957435,0.35340240828899466,0.3113973676841221,0.12237468496219546,0.043685242229067486,3887,0.2251093388217134,0.3213275019295086,0.3745819397993311,1,1
318021472,Cranbrook,31802,Townsville,318,Townsville,3RQLD,Rest of Qld,3,Queensland,QLD,3.3581,40,1300,703,293,1757,0.8,1400,2.5,2072,2232,0.9283154121863799,0.2890926640926641,0.36534749034749037,0.33976833976833976,0.152992277992278,0.06418918918918919,2232,0.3310931899641577,0.30600358422939067,0.31451612903225806,1,1
318021474,Douglas,31802,Townsville,318,Townsville,3RQLD,Rest of Qld,3,Queensland,QLD,78.9574,26,1633,781,360,2411,0.7,2025,2.6,2257,2489,0.9067898754519887,0.14399645547186532,0.1847585290208241,0.5077536552946389,0.26849800620292424,0.14222419140451928,2489,0.1803937324226597,0.290879871434311,0.5110486139011651,1,1
318021475,Garbutt - West End,31802,Townsville,318,Townsville,3RQLD,Rest of Qld,3,Queensland,QLD,17.0488,40,1354,820,250,1864,0.8,1290,1.9,2615,2848,0.918188202247191,0.3189292543021032,0.39847036328871893,0.28833652007648186,0.13040152963671128,0.06233269598470363,2848,0.18082865168539325,0.2563202247191011,0.5256320224719101,1,1
318021476,Gulliver - Currajong - Vincent,31802,Townsville,318,Townsville,3RQLD,Rest of Qld,3,Queensland,QLD,4.9312,37,1300,754,275,1769,0.8,1392,2.4,2623,2875,0.9123478260869565,0.2744948532215021,0.3556995806328631,0.3316812809759817,0.13076629813191,0.04879908501715593,2875,0.2549565217391304,0.35478260869565215,0.3662608695652174,1,1
318021477,Heatley,31802,Townsville,318,Townsville,3RQLD,Rest of Qld,3,Queensland,QLD,2.0316,40,1300,662,280,1535,0.8,1266,2.4,1393,1516,0.9188654353562006,0.3072505384063173,0.3969849246231156,0.27925340990667624,0.09763101220387653,0.028715003589375447,1516,0.29089709762532984,0.3212401055408971,0.32783641160949867,1,1
318021478,Hermit Park - Rosslea,31802,Townsville,318,Townsville,3RQLD,Rest of Qld,3,Queensland,QLD,3.8838,35,1450,880,260,1957,0.8,1362,2.1,2218,2368,0.9366554054054054,0.2822362488728584,0.3593327321911632,0.31379621280432823,0.15554553651938682,0.0757439134355275,2368,0.19552364864864866,0.2622466216216216,0.5122466216216216,1,1
318021479,Hyde Park - Pimlico,31802,Townsville,318,Townsville,3RQLD,Rest of Qld,3,Queensland,QLD,3.1985,39,1473,805,250,2046,0.8,1305,2.1,1874,2042,0.9177277179236043,0.3223052294557097,0.4034151547491996,0.3335112059765208,0.17235859124866595,0.08377801494130203,2042,0.20666013712047013,0.26101860920666015,0.5053868756121449,1,1
318021480,Kelso,31802,Townsville,318,Townsville,3RQLD,Rest of Qld,3,Queensland,QLD,170.3565,34,1500,778,300,1809,0.8,1631,2.8,3146,3494,0.9004006868918145,0.20120788302606485,0.27209154481881753,0.3906547997457088,0.1621106166560712,0.06484424666242848,3494,0.23153978248425872,0.4281625643961076,0.31854607899255866,1,1
318021481,Kirwan - East,31802,Townsville,318,Townsville,3RQLD,Rest of Qld,3,Queensland,QLD,3.5233,39,1300,675,273,1581,0.8,1294,2.5,2520,2793,0.9022556390977443,0.30396825396825394,0.376984126984127,0.30396825396825394,0.1261904761904762,0.049206349206349205,2793,0.280343716433942,0.32402434658073753,0.3609022556390977,1,1
318021482,Kirwan - West,31802,Townsville,318,Townsville,3RQLD,Rest of Qld,3,Queensland,QLD,9.3421,37,1517,890,350,2099,0.7,1894,2.7,4822,5307,0.9086112681364236,0.15906262961426793,0.22459560348403151,0.46785566155122355,0.21381169639153877,0.08813770219825798,5307,0.25928019596759,0.3972112304503486,0.32786885245901637,1,1
318021483,Magnetic Island,31802,Townsville,318,Townsville,3RQLD,Rest of Qld,3,Queensland,QLD,51.1523,58,1353,626,290,1372,0.7,1001,1.9,980,1064,0.9210526315789473,0.39081632653061227,0.4969387755102041,0.21326530612244898,0.09693877551020408,0.05,1064,0.4680451127819549,0.2236842105263158,0.2650375939849624,1,0
318021484,Mount Louisa,31802,Townsville,318,Townsville,3RQLD,Rest of Qld,3,Queensland,QLD,31.602,34,1647,947,350,2264,0.8,2033,2.7,3188,3501,0.9105969722936303,0.15056461731493098,0.20451693851944794,0.510978670012547,0.2518820577164366,0.10445420326223337,3501,0.2096543844615824,0.4204512996286775,0.35075692659240215,1,1
318021485,Mundingburra,31802,Townsville,318,Townsville,3RQLD,Rest of Qld,3,Queensland,QLD,2.6394,43,1413,727,270,1970,0.8,1344,2.2,1311,1398,0.9377682403433476,0.33714721586575136,0.40427154843630814,0.33714721586575136,0.18611746758199849,0.09839816933638444,1398,0.3082975679542203,0.3032904148783977,0.32474964234620884,1,1
318021486,Northern Beaches,31802,Townsville,318,Townsville,3RQLD,Rest of Qld,3,Queensland,QLD,1008.6848,45,1600,752,300,1880,0.8,1531,2.5,2086,2394,0.8713450292397661,0.26749760306807285,0.348993288590604,0.3815915627996165,0.1725790987535954,0.06999041227229147,2394,0.3554720133667502,0.4640768588137009,0.14536340852130325,1,1
318021487,Oonoonba,31802,Townsville,318,Townsville,3RQLD,Rest of Qld,3,Queensland,QLD,8.6993,32,1700,1097,360,2479,0.8,2086,2.5,2443,2696,0.9061572700296736,0.13999181334424887,0.19607040523945968,0.5227179697093737,0.28653295128939826,0.14203847728203028,2696,0.18805637982195847,0.35237388724035607,0.44250741839762614,1,1
318021488,South Townsville - Railway Estate,31802,Townsville,318,Townsville,3RQLD,Rest of Qld,3,Queensland,QLD,9.179,39,1473,894,300,2103,0.8,1524,2.1,2041,2209,0.923947487550928,0.24007839294463498,0.3160215580597746,0.36452719255267024,0.17932386085252328,0.07839294463498285,2209,0.2322317790855591,0.29560887279311904,0.44545043005885016,1,1
318021489,Townsville - South,31802,Townsville,318,Townsville,3RQLD,Rest of Qld,3,Queensland,QLD,2073.1699,45,1733,876,270,2188,0.9,1886,2.6,1450,1663,0.8719182200841852,0.1986206896551724,0.25655172413793104,0.47379310344827585,0.24482758620689654,0.10896551724137932,1663,0.4197233914612147,0.4702345159350571,0.07877330126277811,1,1
318021490,Townsville City - North Ward,31802,Townsville,318,Townsville,3RQLD,Rest of Qld,3,Queensland,QLD,6.763,40,1950,1115,320,2645,0.8,1783,1.9,3788,4039,0.9378559049269621,0.2016895459345301,0.2666314677930306,0.44350580781414994,0.2676874340021119,0.1747624076029567,4039,0.2480812082198564,0.19460262441198317,0.5365189403317653,1,1
318021491,Wulguru - Roseneath,31802,Townsville,318,Townsville,3RQLD,Rest of Qld,3,Queensland,QLD,63.5182,39,1300,739,283,1774,0.8,1421,2.4,1754,1937,0.9055240061951472,0.2708095781071836,0.3500570125427594,0.3352337514253136,0.14139110604332952,0.06043329532497149,1937,0.32679401135776975,0.35312338668043364,0.28859060402684567,1,1
318021582,Burdell - Mount Low,31802,Townsville,318,Townsville,3RQLD,Rest of Qld,3,Queensland,QLD,44.0387,30,1733,1061,370,2389,0.8,2253,2.9,5646,6303,0.8957639219419324,0.10556145944031173,0.14948636202621324,0.5874955720864329,0.27506199078993976,0.10662415869642225,6303,0.14342376646041569,0.4794542281453276,0.3628430905917817,1,1
318021583,Deeragun - Jensen,31802,Townsville,318,Townsville,3RQLD,Rest of Qld,3,Queensland,QLD,22.0178,33,1517,849,310,1942,0.8,1735,2.8,1841,2056,0.8954280155642024,0.18902770233568714,0.26072786529060293,0.42151004888647475,0.17490494296577946,0.06246605105920695,2056,0.21157587548638132,0.46400778210116733,0.30690661478599224,1,1
319011492,Ashfield - Kepnock,31901,Bundaberg,319,Wide Bay,3RQLD,Rest of Qld,3,Queensland,QLD,8.0749,40,1300,657,290,1565,0.8,1273,2.5,1908,2060,0.9262135922330097,0.31761006289308175,0.4061844863731656,0.28983228511530396,0.12421383647798742,0.04979035639412998,2060,0.34611650485436896,0.32815533980582523,0.3,1,1
319011493,Bargara - Burnett Heads,31901,Bundaberg,319,Wide Bay,3RQLD,Rest of Qld,3,Queensland,QLD,144.6156,51,1500,646,320,1566,0.7,1310,2.3,6960,7505,0.927381745502998,0.30474137931034484,0.3889367816091954,0.328448275862069,0.1596264367816092,0.08017241379310344,7505,0.4417055296469021,0.28900732844770155,0.22584943371085942,1,1
319011494,Branyan - Kensington,31901,Bundaberg,319,Wide Bay,3RQLD,Rest of Qld,3,Queensland,QLD,50.4255,39,1600,715,330,1846,0.8,1616,2.8,1662,1826,0.9101861993428259,0.2358604091456077,0.3128760529482551,0.41636582430806257,0.18772563176895307,0.06438026474127558,1826,0.36856516976998904,0.4189485213581599,0.1823658269441402,1,1
319011495,Bundaberg,31901,Bundaberg,319,Wide Bay,3RQLD,Rest of Qld,3,Queensland,QLD,6.1218,38,1118,606,250,1346,0.8,972,2.1,2421,2609,0.9279417401303182,0.4184221396117307,0.513424204874019,0.20156959933911606,0.0735233374638579,0.03510945890128046,2609,0.20620927558451513,0.15829819854350327,0.6021464162514373,1,1
319011496,Bundaberg East - Kalkie,31901,Bundaberg,319,Wide Bay,3RQLD,Rest of Qld,3,Queensland,QLD,13.7591,41,1324,661,290,1642,0.8,1301,2.5,2032,2215,0.9173814898419864,0.31151574803149606,0.3971456692913386,0.3248031496062992,0.14468503937007873,0.05708661417322835,2215,0.33363431151241535,0.31557562076749435,0.3241534988713318,1,1
319011497,Bundaberg North - Gooburrum,31901,Bundaberg,319,Wide Bay,3RQLD,Rest of Qld,3,Queensland,QLD,53.8539,49,1138,569,280,1313,0.8,1028,2.3,2753,3008,0.9152260638297872,0.3977479113694152,0.4874682164911006,0.23792226661823465,0.10388666908826734,0.04431529240828187,3008,0.45511968085106386,0.22273936170212766,0.2689494680851064,1,1
319011498,Bundaberg Surrounds - North,31901,Bundaberg,319,Wide Bay,3RQLD,Rest of Qld,3,Queensland,QLD,1273.6851,49,1300,571,300,1396,0.8,1216,2.5,2955,3315,0.8914027149321267,0.32893401015228424,0.4294416243654822,0.29035532994923857,0.12148900169204738,0.050084602368866325,3315,0.4506787330316742,0.34479638009049773,0.1607843137254902,1,1
319011499,Bundaberg Surrounds - South,31901,Bundaberg,319,Wide Bay,3RQLD,Rest of Qld,3,Queensland,QLD,2207.1816,53,1209,522,275,1263,0.8,1022,2.3,3734,4166,0.8963034085453673,0.3907337975361543,0.49089448312801287,0.2281735404392073,0.08596679164434923,0.0404392072844135,4166,0.4896783485357657,0.2698031685069611,0.1699471915506481,1,1
319011500,Millbank - Avoca,31901,Bundaberg,319,Wide Bay,3RQLD,Rest of Qld,3,Queensland,QLD,9.54,48,1300,583,295,1420,0.7,1113,2.3,2782,3018,0.9218025182239894,0.3702372393961179,0.46010064701653486,0.24658519051042416,0.09705248023005032,0.039180445722501796,3018,0.38303512259774686,0.256129887342611,0.2680583167660702,1,1
319011501,Svensson Heights - Norville,31901,Bundaberg,319,Wide Bay,3RQLD,Rest of Qld,3,Queensland,QLD,6.399,44,1192,576,275,1390,0.7,1073,2.2,2167,2369,0.914731954411144,0.3788647900323027,0.4697738809413936,0.21550530687586525,0.07521919704660822,0.02814951545916013,2369,0.34782608695652173,0.2701561840439004,0.3575348248205994,1,1
319011502,Walkervale - Avenell Heights,31901,Bundaberg,319,Wide Bay,3RQLD,Rest of Qld,3,Queensland,QLD,12.442,42,1186,581,275,1419,0.8,1117,2.4,3972,4301,0.9235061613578237,0.35347432024169184,0.45443101711983885,0.2391742195367573,0.08534743202416918,0.03272910372608258,4301,0.3624738432922576,0.2708672401767031,0.34178098116717043,1,1
319021503,Gayndah - Mundubbera,31902,Burnett,319,Wide Bay,3RQLD,Rest of Qld,3,Queensland,QLD,8513.3532,48,1083,577,215,1353,0.8,1051,2.3,2198,2451,0.8967768257853937,0.38717015468607824,0.4813466787989081,0.23885350318471338,0.09417652411282984,0.041401273885350316,2451,0.4459404324765402,0.22684618523051817,0.25132598939208484,1,1
319021504,Gin Gin,31902,Burnett,319,Wide Bay,3RQLD,Rest of Qld,3,Queensland,QLD,2355.4671,52,1000,467,250,1203,0.9,954,2.3,1858,2085,0.891127098321343,0.41657696447793324,0.5231431646932185,0.18622174381054898,0.07857911733046287,0.030678148546824543,2085,0.4839328537170264,0.29784172661870506,0.1515587529976019,1,1
319021505,Kingaroy,31902,Burnett,319,Wide Bay,3RQLD,Rest of Qld,3,Queensland,QLD,70.1948,38,1213,666,262,1548,0.7,1257,2.4,3681,3989,0.9227876660817247,0.3232817169247487,0.4156479217603912,0.2972018473240967,0.12876935615321924,0.05922303721814724,3989,0.32439207821509153,0.28002005515166706,0.3614941087991978,1,1
319021506,Kingaroy Surrounds - North,31902,Burnett,319,Wide Bay,3RQLD,Rest of Qld,3,Queensland,QLD,4332.3354,47,992,490,180,1190,0.8,950,2.4,3185,3513,0.9066325078280671,0.4185243328100471,0.5252747252747253,0.19183673469387755,0.07127158555729984,0.026373626373626374,3513,0.4298320523768859,0.233134073441503,0.2860802732707088,1,1
319021507,Kingaroy Surrounds - South,31902,Burnett,319,Wide Bay,3RQLD,Rest of Qld,3,Queensland,QLD,2370.7257,46,1227,636,250,1654,0.8,1361,2.5,1321,1486,0.8889636608344549,0.2800908402725208,0.3785011355034065,0.33383800151400456,0.1445874337623013,0.06283118849356548,1486,0.458950201884253,0.3243606998654105,0.16285329744279947,1,1
319021508,Monto - Eidsvold,31902,Burnett,319,Wide Bay,3RQLD,Rest of Qld,3,Queensland,QLD,11156.4957,51,867,515,160,1256,0.7,981,2.2,1273,1455,0.874914089347079,0.406127258444619,0.5098193244304792,0.2175962293794187,0.08955223880597014,0.03534956794972506,1455,0.47147766323024054,0.2268041237113402,0.21237113402061855,1,1
319021509,Nanango,31902,Burnett,319,Wide Bay,3RQLD,Rest of Qld,3,Queensland,QLD,1648.736,54,1000,464,230,1114,0.8,883,2.2,3620,4007,0.9034190167207387,0.4522099447513812,0.5638121546961326,0.16629834254143647,0.06408839779005525,0.027348066298342542,4007,0.4978787122535563,0.2630396805590217,0.19515847267282255,1,1
319021510,North Burnett,31902,Burnett,319,Wide Bay,3RQLD,Rest of Qld,3,Queensland,QLD,289.5233,41,0,450,75,1125,0.9,874,2.3,0,4,0.0,,,,,,4,0.75,0.0,0.0,0,0
319031511,Cooloola,31903,Gympie - Cooloola,319,Wide Bay,3RQLD,Rest of Qld,3,Queensland,QLD,1141.6459,62,1300,461,280,968,0.7,790,2.0,2687,2937,0.9148791283622745,0.5128395980647562,0.6203944919985114,0.12876814291030889,0.04652028284331969,0.02195757350204689,2937,0.5461355124276472,0.18862785154919987,0.21722846441947566,1,1
319031512,Gympie - North,31903,Gympie - Cooloola,319,Wide Bay,3RQLD,Rest of Qld,3,Queensland,QLD,42.6857,42,1261,572,295,1356,0.7,1082,2.3,5443,5858,0.9291567087743257,0.3663420907587727,0.4668381407312144,0.2193643211464266,0.07789821789454345,0.028476942862392062,5858,0.3398770911573916,0.2907135541140321,0.3378286104472516,1,1
319031513,Gympie - South,31903,Gympie - Cooloola,319,Wide Bay,3RQLD,Rest of Qld,3,Queensland,QLD,26.7758,44,1408,608,300,1465,0.7,1245,2.4,2685,2904,0.9245867768595041,0.31880819366852886,0.41303538175046556,0.28007448789571693,0.11694599627560522,0.04022346368715084,2904,0.38050964187327824,0.3247245179063361,0.2734159779614325,1,1
319031514,Gympie Surrounds,31903,Gympie - Cooloola,319,Wide Bay,3RQLD,Rest of Qld,3,Queensland,QLD,2544.6626,48,1472,578,300,1457,0.8,1292,2.6,6570,7272,0.9034653465346535,0.3136986301369863,0.39619482496194824,0.2929984779299848,0.1223744292237443,0.050532724505327246,7272,0.4412816281628163,0.40470297029702973,0.1172992299229923,1,1
319031515,Kilkivan,31903,Gympie - Cooloola,319,Wide Bay,3RQLD,Rest of Qld,3,Queensland,QLD,3219.4645,50,1300,507,200,1350,0.8,1088,2.3,1307,1462,0.8939808481532148,0.3817903596021423,0.4667176740627391,0.22953328232593725,0.08798775822494262,0.03825554705432287,1462,0.46785225718194257,0.3071135430916553,0.1573187414500684,1,1
319041516,Booral - River Heads,31904,Hervey Bay,319,Wide Bay,3RQLD,Rest of Qld,3,Queensland,QLD,158.341,49,1560,607,330,1511,0.8,1402,2.6,1856,2033,0.9129365469749139,0.26885775862068967,0.3545258620689655,0.33997844827586204,0.14331896551724138,0.06734913793103449,2033,0.4456468273487457,0.4171175602557796,0.12001967535661584,1,1
319041517,Craignish - Dundowran Beach,31904,Hervey Bay,319,Wide Bay,3RQLD,Rest of Qld,3,Queensland,QLD,35.6108,48,1733,664,375,1679,0.7,1563,2.7,1796,1969,0.9121381411884205,0.2255011135857461,0.29955456570155903,0.41035634743875277,0.20489977728285078,0.09298440979955457,1969,0.45251396648044695,0.4296597257491112,0.09243270695784662,1,1
319041518,Pialba - Eli Waters,31904,Hervey Bay,319,Wide Bay,3RQLD,Rest of Qld,3,Queensland,QLD,18.7195,52,1400,535,350,1239,0.7,1014,2.3,5913,6459,0.915466790524849,0.38863521055301875,0.49602570607136814,0.210891256553357,0.08455944529003889,0.03822086927109758,6459,0.44619910202817775,0.20668834184858337,0.280848428549311,1,1
319041519,Point Vernon,31904,Hervey Bay,319,Wide Bay,3RQLD,Rest of Qld,3,Queensland,QLD,4.8459,52,1300,534,340,1250,0.7,1077,2.3,2111,2286,0.9234470691163604,0.35622927522501185,0.46944576030317386,0.21032685930838466,0.08195168166745619,0.037896731406916156,2286,0.4746281714785652,0.2484689413823272,0.2515310586176728,1,1
319041520,Torquay - Scarness - Kawungan,31904,Hervey Bay,319,Wide Bay,3RQLD,Rest of Qld,3,Queensland,QLD,10.9418,52,1300,537,305,1289,0.7,1002,2.2,6047,6588,0.9178809957498482,0.40896312220936,0.5002480568877129,0.20588721680171987,0.084173970563916,0.03472796427980817,6588,0.39222829386763813,0.21448087431693988,0.34092289010321797,1,1
319041521,Urangan - Wondunna,31904,Hervey Bay,319,Wide Bay,3RQLD,Rest of Qld,3,Queensland,QLD,23.0976,51,1473,567,345,1333,0.7,1109,2.3,5403,5862,0.9216990788126919,0.35572829909309645,0.4523412918748843,0.2513418471219693,0.10605219322598557,0.04608550805108273,5862,0.4390992835209826,0.261856021835551,0.2719208461276015,1,1
319051522,Burrum - Fraser,31905,Maryborough,319,Wide Bay,3RQLD,Rest of Qld,3,Queensland,QLD,2759.1365,55,1300,488,300,1152,0.7,976,2.3,3871,4277,0.9050736497545008,0.40170498579178504,0.5117540687160941,0.19168173598553345,0.06587445104624128,0.028416429863084475,4277,0.5223287350946926,0.26560673369184007,0.17746083703530513,1,1
319051523,Granville,31905,Maryborough,319,Wide Bay,3RQLD,Rest of Qld,3,Queensland,QLD,49.0135,48,1083,502,240,1230,0.8,1033,2.4,1081,1194,0.9053601340033501,0.38482886216466233,0.48196114708603144,0.20444033302497688,0.07585568917668825,0.02497687326549491,1194,0.4304857621440536,0.2830820770519263,0.2613065326633166,1,1
319051524,Maryborough (Qld),31905,Maryborough,319,Wide Bay,3RQLD,Rest of Qld,3,Queensland,QLD,84.2739,47,1083,517,255,1273,0.8,977,2.2,6732,7309,0.921056232042687,0.4065656565656566,0.5109922756981581,0.2012774806892454,0.0748663101604278,0.030005941770647655,7309,0.37925844848816526,0.267341633602408,0.3087973731016555,1,1
319051525,Maryborough Surrounds - South,31905,Maryborough,319,Wide Bay,3RQLD,Rest of Qld,3,Queensland,QLD,3823.1905,55,1170,471,250,1176,0.8,959,2.2,3416,3777,0.9044214985438178,0.41656908665105385,0.5199063231850117,0.1873536299765808,0.07377049180327869,0.026346604215456676,3777,0.5451416468096373,0.30553349218956843,0.09954990733386286,1,1
319051526,Tinana,31905,Maryborough,319,Wide Bay,3RQLD,Rest of Qld,3,Queensland,QLD,37.3373,49,1310,581,300,1431,0.8,1255,2.5,2013,2206,0.9125113327289212,0.2975658221559861,0.4018877297565822,0.293591654247392,0.12717337307501242,0.05365126676602087,2206,0.5108794197642792,0.300090661831369,0.1600181323662738,1,1
397979799,Migratory - Offshore - Shipping (Qld),39797,Migratory - Offshore - Shipping (Qld),397,Migratory - Offshore - Shipping (Qld),39799,Migratory - Offshore - Shipping (Qld),3,Queensland,QLD,nan,39,0,1196,0,2750,1.0,1749,1.5,0,3,0.0,,,,,,3,1.0,0.0,0.0,0,0
399999499,No usual address (Qld),39999,No usual address (Qld),399,No usual address (Qld),39499,No usual address (Qld),3,Queensland,QLD,nan,0,0,0,0,0,0.0,0,0.0,0,0,,,,,,,0,,,,0,0
401011001,Adelaide,40101,Adelaide City,401,Adelaide - Central and Hills,4GADE,Greater Adelaide,4,South Australia,SA,10.4824,31,1733,726,400,2056,1.0,1365,1.8,7904,8254,0.9575963169372426,0.31566295546558704,0.3771508097165992,0.33223684210526316,0.16611842105263158,0.09109311740890688,8254,0.1750666343590986,0.14950327114126485,0.6379937000242307,1,1
401011002,North Adelaide,40101,Adelaide City,401,Adelaide - Central and Hills,4GADE,Greater Adelaide,4,South Australia,SA,5.0909,39,1914,964,390,2653,0.8,1867,1.9,2730,2862,0.9538784067085954,0.19853479853479852,0.256043956043956,0.46886446886446886,0.28424908424908424,0.1978021978021978,2862,0.3333333333333333,0.17330538085255065,0.47099930118798045,1,1
401021003,Adelaide Hills,40102,Adelaide Hills,401,Adelaide - Central and Hills,4GADE,Greater Adelaide,4,South Australia,SA,364.439,47,1733,792,300,2163,0.8,1905,2.7,2250,2447,0.9194932570494483,0.19777777777777777,0.264,0.47688888888888886,0.26622222222222225,0.13155555555555556,2447,0.4340008173273396,0.4540253371475276,0.08786268900694728,1,1
401021004,Aldgate - Stirling,40102,Adelaide Hills,401,Adelaide - Central and Hills,4GADE,Greater Adelaide,4,South Australia,SA,117.2141,44,2000,993,410,2708,0.8,2297,2.7,6061,6512,0.9307432432432432,0.1550899191552549,0.2039267447615905,0.565253258538195,0.36891602045867017,0.2281801682890612,6512,0.41661547911547914,0.4743550368550369,0.08154176904176905,1,1
401021005,Hahndorf - Echunga,40102,Adelaide Hills,401,Adelaide - Central and Hills,4GADE,Greater Adelaide,4,South Australia,SA,110.1516,48,1900,804,345,2333,0.8,1926,2.6,1521,1682,0.9042806183115338,0.21959237343852728,0.27087442472057854,0.48520710059171596,0.28994082840236685,0.15910585141354372,1682,0.4262782401902497,0.39595719381688466,0.13258026159334127,1,1
401021006,Lobethal - Woodside,40102,Adelaide Hills,401,Adelaide - Central and Hills,4GADE,Greater Adelaide,4,South Australia,SA,202.4981,44,1600,795,320,2065,0.8,1691,2.5,3151,3427,0.9194630872483222,0.21929546175817202,0.29831799428752775,0.4271659790542685,0.22056490003173596,0.11075848936845446,3427,0.3691275167785235,0.436241610738255,0.1526116136562591,1,1
401021007,Mount Barker,40102,Adelaide Hills,401,Adelaide - Central and Hills,4GADE,Greater Adelaide,4,South Australia,SA,54.1038,37,1647,825,350,2090,0.7,1698,2.5,7747,8349,0.9278955563540544,0.21414741190138117,0.2894023492965019,0.4244223570414354,0.19284884471408287,0.08170904866399897,8349,0.25224577793747754,0.44101089950892325,0.2644628099173554,1,1
401021008,Mount Barker Surrounds,40102,Adelaide Hills,401,Adelaide - Central and Hills,4GADE,Greater Adelaide,4,South Australia,SA,395.6659,43,1522,820,305,2098,0.8,1784,2.6,2240,2464,0.9090909090909091,0.20401785714285714,0.27232142857142855,0.44375,0.20223214285714286,0.08526785714285715,2464,0.35430194805194803,0.523538961038961,0.09943181818181818,1,1
401021009,Nairne,40102,Adelaide Hills,401,Adelaide - Central and Hills,4GADE,Greater Adelaide,4,South Australia,SA,24.8562,36,1500,859,350,2077,0.8,1776,2.6,1787,1944,0.9192386831275721,0.1919418019026301,0.2613318410744264,0.43592613318410744,0.1757134862898713,0.0621152770005596,1944,0.24588477366255143,0.5318930041152263,0.20679012345679013,1,1
401021010,Uraidla - Summertown,40102,Adelaide Hills,401,Adelaide - Central and Hills,4GADE,Greater Adelaide,4,South Australia,SA,119.1882,43,2102,903,400,2490,0.8,2181,2.7,1964,2104,0.9334600760456274,0.15020366598778004,0.20519348268839105,0.5407331975560081,0.3436863543788187,0.1985743380855397,2104,0.39923954372623577,0.4344106463878327,0.13545627376425856,1,1
401031011,Burnside - Wattle Park,40103,Burnside,401,Adelaide - Central and Hills,4GADE,Greater Adelaide,4,South Australia,SA,11.305,44,2245,957,360,2657,0.8,2086,2.5,6861,7324,0.936783178590934,0.1880192391779624,0.24617402710975075,0.5185832968954963,0.33974639265413203,0.23232764903075354,7324,0.4347351174221737,0.3332878208629164,0.2050791916985254,1,1
401031012,Beaumont - Glen Osmond,40103,Burnside,401,Adelaide - Central and Hills,4GADE,Greater Adelaide,4,South Australia,SA,9.5264,43,2600,984,420,2769,0.8,2326,2.7,3379,3606,0.9370493621741541,0.15241195620005918,0.19650784255696951,0.5649600473512874,0.3897602841077242,0.27611719443622373,3606,0.4473100388241819,0.3754853022739878,0.1550194120909595,1,1
401031013,Toorak Gardens,40103,Burnside,401,Adelaide - Central and Hills,4GADE,Greater Adelaide,4,South Australia,SA,6.6869,44,2167,977,339,2668,0.8,1929,2.3,6368,6767,0.9410373873208216,0.2140389447236181,0.27057160804020103,0.4850816582914573,0.31579773869346733,0.22660175879396985,6767,0.4109649770947244,0.26230234963794885,0.2614156938081868,1,1
401041014,Athelstone,40104,Campbelltown (SA),401,Adelaide - Central and Hills,4GADE,Greater Adelaide,4,South Australia,SA,6.204,43,1733,829,360,2267,0.8,1941,2.7,3360,3542,0.9486166007905138,0.1842261904761905,0.24345238095238095,0.4863095238095238,0.26607142857142857,0.12321428571428572,3542,0.4398644833427442,0.41106719367588934,0.12789384528514963,1,1
401041015,Paradise - Newton,40104,Campbelltown (SA),401,Adelaide - Central and Hills,4GADE,Greater Adelaide,4,South Australia,SA,9.2256,40,1690,721,335,1892,0.8,1427,2.4,8107,8580,0.9448717948717948,0.2867891945232515,0.3630196126803997,0.36252621191562845,0.168373010978167,0.07252991242136425,8580,0.3344988344988345,0.3118881118881119,0.3057109557109557,1,1
401041016,Rostrevor - Magill,40104,Campbelltown (SA),401,Adelaide - Central and Hills,4GADE,Greater Adelaide,4,South Australia,SA,9.9383,40,1869,772,350,2134,0.8,1644,2.5,8827,9327,0.9463921947035489,0.25523960575506965,0.3155092330350062,0.4186020165401609,0.22249915033420187,0.11328877308258752,9327,0.3584217862120725,0.3208963225045567,0.28219148708051894,1,1
401051017,Norwood (SA),40105,Norwood - Payneham - St Peters,401,Adelaide - Central and Hills,4GADE,Greater Adelaide,4,South Australia,SA,3.8926,40,2000,933,360,2388,0.8,1653,2.0,4692,4945,0.9488372093023256,0.24936061381074168,0.3090366581415175,0.41965046888320545,0.24850809889173062,0.15302642796248933,4945,0.28432760364004045,0.20606673407482307,0.45096056622851366,1,1
401051018,Payneham - Felixstow,40105,Norwood - Payneham - St Peters,401,Adelaide - Central and Hills,4GADE,Greater Adelaide,4,South Australia,SA,5.2284,41,1870,770,330,2095,0.8,1476,2.3,5191,5493,0.9450209357363918,0.2837603544596417,0.3548449239067617,0.3775765748410711,0.1984203429011751,0.10075130032748988,5493,0.3180411432732569,0.2774440196613872,0.3318769342799927,1,1
401051019,St Peters - Marden,40105,Norwood - Payneham - St Peters,401,Adelaide - Central and Hills,4GADE,Greater Adelaide,4,South Australia,SA,5.9826,41,2080,954,320,2627,0.8,1879,2.3,5237,5529,0.9471875565201664,0.21863662402138628,0.2753484819553179,0.4727897651327096,0.31124689707848,0.20928012220737063,5529,0.35503707722915534,0.2873937420871767,0.3156086091517453,1,1
401061020,Nailsworth - Broadview,40106,Prospect - Walkerville,401,Adelaide - Central and Hills,4GADE,Greater Adelaide,4,South Australia,SA,2.3161,38,1820,967,320,2490,0.9,1967,2.5,2448,2597,0.9426261070465922,0.19566993464052287,0.255718954248366,0.4918300653594771,0.2928921568627451,0.1568627450980392,2597,0.2949557181363111,0.32653061224489793,0.3519445514054678,1,1
401061021,Prospect,40106,Prospect - Walkerville,401,Adelaide - Central and Hills,4GADE,Greater Adelaide,4,South Australia,SA,5.4754,37,1950,962,350,2488,0.9,2019,2.5,5726,6042,0.9476994372724263,0.18285015717778555,0.23227383863080683,0.5040167656304576,0.29706601466992666,0.17534055186866923,6042,0.30089374379344586,0.33234028467394905,0.33995365772922875,1,1
401061022,Walkerville,40106,Prospect - Walkerville,401,Adelaide - Central and Hills,4GADE,Greater Adelaide,4,South Australia,SA,3.53,45,2167,1001,380,2762,0.8,2052,2.3,3014,3184,0.946608040201005,0.19873921698739216,0.24419376244193763,0.5112806901128069,0.35567352355673526,0.24817518248175183,3184,0.40734924623115576,0.2795226130653266,0.2754396984924623,1,1
401071023,Goodwood - Millswood,40107,Unley,401,Adelaide - Central and Hills,4GADE,Greater Adelaide,4,South Australia,SA,7.1977,42,2031,999,340,2686,0.8,2001,2.3,6795,7194,0.9445371142618849,0.19190581309786608,0.24827078734363503,0.5002207505518764,0.3215599705665931,0.20838852097130242,7194,0.36224631637475674,0.2958020572699472,0.31581873783708647,1,1
401071024,Unley - Parkside,40107,Unley,401,Adelaide - Central and Hills,4GADE,Greater Adelaide,4,South Australia,SA,7.0726,44,2167,968,370,2707,0.8,1998,2.3,7911,8333,0.9493579743189727,0.20654784477310076,0.2614081658450259,0.5001896094046264,0.32878270762229805,0.22462394134749084,8333,0.36013440537621505,0.2826113044521781,0.2997719908796352,1,1
402011025,Gawler - North,40201,Gawler - Two Wells,402,Adelaide - North,4GADE,Greater Adelaide,4,South Australia,SA,145.5294,40,1517,800,310,2095,0.8,1770,2.7,3111,3404,0.913924794359577,0.20765027322404372,0.2786885245901639,0.4413371906139505,0.2028286724525876,0.08196721311475409,3404,0.32314923619271446,0.49559341950646296,0.1592244418331375,1,1
402011026,Gawler - South,40201,Gawler - Two Wells,402,Adelaide - North,4GADE,Greater Adelaide,4,South Australia,SA,76.7139,42,1400,697,285,1746,0.7,1336,2.4,8071,8669,0.9310185719229438,0.2992194275802255,0.38000247800768183,0.32276050055755173,0.1340602155866683,0.056746375913765336,8669,0.29507440304533394,0.38574230014995964,0.27638712654285386,1,1
402011027,Lewiston - Two Wells,40201,Gawler - Two Wells,402,Adelaide - North,4GADE,Greater Adelaide,4,South Australia,SA,84.6217,38,1700,791,300,2053,0.8,1908,2.9,1948,2191,0.8890917389319946,0.17761806981519507,0.23305954825462014,0.4748459958932238,0.19558521560574949,0.08008213552361396,2191,0.24783204016430854,0.6376083979917846,0.08671839342765861,1,1
402021028,Craigmore - Blakeview,40202,Playford,402,Adelaide - North,4GADE,Greater Adelaide,4,South Australia,SA,11.8809,34,1337,756,310,1812,0.8,1600,2.8,6412,6925,0.9259205776173285,0.2074235807860262,0.2849344978165939,0.3813162819713038,0.14020586400499063,0.044915782907049284,6925,0.2187725631768953,0.5109025270758123,0.2551624548736462,1,1
402021029,Davoren Park,40202,Playford,402,Adelaide - North,4GADE,Greater Adelaide,4,South Australia,SA,9.4649,30,1158,599,270,1355,0.8,1161,2.7,5776,6289,0.918429003021148,0.3175207756232687,0.42590027700831024,0.2226454293628809,0.06215373961218837,0.018005540166204988,6289,0.14596915248847195,0.38400381618699314,0.44092860550166957,1,1
402021030,Elizabeth,40202,Playford,402,Adelaide - North,4GADE,Greater Adelaide,4,South Australia,SA,9.2607,36,1083,460,225,1055,0.8,827,2.4,3788,4163,0.9099207302426136,0.4836325237592397,0.5974128827877508,0.12090813093980993,0.03616684266103485,0.015311510031678986,4163,0.180158539514773,0.2159500360317079,0.5568099927936584,1,1
402021031,Elizabeth East,40202,Playford,402,Adelaide - North,4GADE,Greater Adelaide,4,South Australia,SA,8.1823,36,1233,579,251,1430,0.8,1188,2.6,4705,5079,0.9263634573734987,0.32582359192348564,0.4248671625929862,0.2597236981934113,0.09543039319872476,0.033156216790648244,5079,0.2344949793266391,0.4004725339633786,0.3362866706044497,1,1
402021032,Munno Para West - Angle Vale,40202,Playford,402,Adelaide - North,4GADE,Greater Adelaide,4,South Australia,SA,44.3107,29,1484,827,310,1829,0.8,1653,2.8,5125,5517,0.9289468914264999,0.1808780487804878,0.2651707317073171,0.39121951219512197,0.14009756097560977,0.049951219512195125,5517,0.1384810585463114,0.5077034620264637,0.3235454051114736,1,1
402021033,One Tree Hill,40202,Playford,402,Adelaide - North,4GADE,Greater Adelaide,4,South Australia,SA,130.1511,47,1995,843,300,2376,0.8,2277,2.9,750,805,0.9316770186335404,0.156,0.20133333333333334,0.5586666666666666,0.328,0.172,805,0.4857142857142857,0.462111801242236,0.0422360248447205,1,0
402021034,Smithfield - Elizabeth North,40202,Playford,402,Adelaide - North,4GADE,Greater Adelaide,4,South Australia,SA,7.987,35,975,492,245,1161,0.8,939,2.4,4414,4797,0.9201584323535543,0.4202537381060263,0.5355686452197553,0.14499320344358857,0.04032623470774807,0.01676483914816493,4797,0.1890765061496769,0.30102147175317906,0.474671669793621,1,1
402021035,Virginia - Waterloo Corner,40202,Playford,402,Adelaide - North,4GADE,Greater Adelaide,4,South Australia,SA,135.5661,38,1600,709,300,1753,0.8,1387,2.5,1931,2069,0.9333011116481392,0.2749870533402382,0.368720870015536,0.3345416882444329,0.13516312791299845,0.04816157431382703,2069,0.4055099081681972,0.4219429676172064,0.13388110198163364,1,1
402031036,Enfield - Blair Athol,40203,Port Adelaide - East,402,Adelaide - North,4GADE,Greater Adelaide,4,South Australia,SA,15.1765,34,1600,674,300,1767,0.9,1428,2.6,8808,9387,0.9383189517417705,0.28792007266121705,0.3605812897366031,0.34729791099000906,0.1454359673024523,0.05347411444141689,9387,0.2164695855971024,0.31426440822413976,0.4334718227335677,1,1
402031038,Windsor Gardens,40203,Port Adelaide - East,402,Adelaide - North,4GADE,Greater Adelaide,4,South Australia,SA,8.4298,35,1668,778,310,2011,0.8,1595,2.5,8256,8753,0.9432194676111048,0.2555717054263566,0.31891957364341084,0.39328972868217055,0.1741763565891473,0.07424903100775193,8753,0.24768650748314863,0.35165086256140754,0.3707300354164286,1,1
402031175,Northgate - Northfield,40203,Port Adelaide - East,402,Adelaide - North,4GADE,Greater Adelaide,4,South Australia,SA,6.5508,35,1650,824,360,2098,0.8,1759,2.5,6170,6505,0.9485011529592621,0.20745542949756887,0.27082658022690437,0.433063209076175,0.20016207455429497,0.0920583468395462,6505,0.21383551114527286,0.4278247501921599,0.32436587240584164,1,1
402031176,Valley View - Gilles Plains,40203,Port Adelaide - East,402,Adelaide - North,4GADE,Greater Adelaide,4,South Australia,SA,4.683,38,1517,690,320,1734,0.8,1469,2.6,3688,3916,0.9417773237997957,0.25406724511930584,0.33432754880694143,0.3484273318872017,0.13421908893709328,0.045824295010845985,3916,0.2992849846782431,0.3991317671092952,0.2796220633299285,1,1
402041039,Dry Creek - North,40204,Salisbury,402,Adelaide - North,4GADE,Greater Adelaide,4,South Australia,SA,38.5669,0,0,0,0,0,0.0,0,0.0,0,0,,,,,,,0,,,,0,0
402041040,Ingle Farm,40204,Salisbury,402,Adelaide - North,4GADE,Greater Adelaide,4,South Australia,SA,7.4263,40,1408,651,310,1646,0.8,1344,2.5,5572,5920,0.9412162162162162,0.27925340990667624,0.3713208901651113,0.31101938262742285,0.11773151471643933,0.0416367552045944,5920,0.3221283783783784,0.37364864864864866,0.24577702702702703,1,1
402041041,Para Hills,40204,Salisbury,402,Adelaide - North,4GADE,Greater Adelaide,4,South Australia,SA,10.173,38,1322,697,310,1695,0.8,1444,2.6,5216,5598,0.9317613433369061,0.23945552147239263,0.32476993865030673,0.35065184049079756,0.13611963190184048,0.053489263803680985,5598,0.32493747767059666,0.4330117899249732,0.2202572347266881,1,1
402041042,Parafield,40204,Salisbury,402,Adelaide - North,4GADE,Greater Adelaide,4,South Australia,SA,4.6289,22,0,274,0,0,0.0,0,0.0,0,0,,,,,,,0,,,,0,0
402041043,Parafield Gardens,40204,Salisbury,402,Adelaide - North,4GADE,Greater Adelaide,4,South Australia,SA,7.0272,36,1382,585,300,1512,0.9,1384,2.9,5744,6141,0.9353525484448787,0.2682799442896936,0.35184540389972147,0.3128481894150418,0.10985376044568246,0.0403899721448468,6141,0.2753623188405797,0.40074906367041196,0.2805731965477935,1,1
402041044,Paralowie,40204,Salisbury,402,Adelaide - North,4GADE,Greater Adelaide,4,South Australia,SA,8.3213,35,1300,675,300,1644,0.9,1458,2.8,5657,6044,0.935969556585043,0.23581403570797244,0.3201343468269401,0.3305639031288669,0.10765423369277002,0.03694537740852042,6044,0.24751819986763732,0.48510919920582396,0.24520185307743217,1,1
402041046,Salisbury,40204,Salisbury,402,Adelaide - North,4GADE,Greater Adelaide,4,South Australia,SA,10.7696,37,1246,530,270,1315,0.9,1071,2.5,6397,6854,0.9333236066530494,0.36595279037048617,0.46990776926684386,0.21181803970611224,0.06940753478192903,0.022823198374237925,6854,0.27356288298803616,0.3182083454916837,0.3748176247446746,1,1
402041047,Salisbury East,40204,Salisbury,402,Adelaide - North,4GADE,Greater Adelaide,4,South Australia,SA,14.8505,40,1300,655,295,1636,0.8,1339,2.6,6469,6904,0.9369930475086906,0.27716803215334673,0.3686814036172515,0.3102488792703664,0.12660380275158448,0.04869377028907095,6904,0.3260428736964079,0.42844727694090384,0.20973348783314022,1,1
402041048,Salisbury North,40204,Salisbury,402,Adelaide - North,4GADE,Greater Adelaide,4,South Australia,SA,31.3003,34,1275,616,280,1429,0.8,1255,2.7,5768,6238,0.9246553382494389,0.3004507628294036,0.3985783633841886,0.2605755894590846,0.07714979195561719,0.024271844660194174,6238,0.20727797370952228,0.4209682590573902,0.3451426739339532,1,1
402041171,Mawson Lakes - Globe Derby Park,40204,Salisbury,402,Adelaide - North,4GADE,Greater Adelaide,4,South Australia,SA,9.6165,33,1625,896,360,2189,0.8,1913,2.6,4770,5065,0.9417571569595261,0.15115303983228512,0.20482180293501048,0.4779874213836478,0.23563941299790356,0.11006289308176101,5065,0.17966436327739388,0.4161895360315893,0.3780848963474827,1,1
402041172,Pooraka - Cavan,40204,Salisbury,402,Adelaide - North,4GADE,Greater Adelaide,4,South Australia,SA,7.4904,38,1335,598,300,1508,0.8,1263,2.5,2851,3046,0.9359816152330925,0.31111890564714134,0.39705366538056824,0.28376008418098914,0.10452472816555594,0.03577692037881445,3046,0.32042022324359815,0.35095206828627706,0.29875246224556795,1,1
402051049,Golden Grove,40205,Tea Tree Gully,402,Adelaide - North,4GADE,Greater Adelaide,4,South Australia,SA,26.6144,44,1688,795,320,2192,0.7,1674,2.5,3728,3961,0.9411764705882353,0.2255901287553648,0.2969420600858369,0.434549356223176,0.24490343347639484,0.12339055793991416,3961,0.3342590254986115,0.41504670537742994,0.18177227972734158,1,1
402051050,Greenwith,40205,Tea Tree Gully,402,Adelaide - North,4GADE,Greater Adelaide,4,South Australia,SA,6.0371,40,1584,868,320,2289,0.7,1937,2.7,3150,3351,0.9400179051029544,0.20761904761904762,0.26571428571428574,0.4834920634920635,0.25936507936507935,0.11238095238095239,3351,0.2891674127126231,0.4941808415398389,0.20561026559236048,1,1
402051051,Highbury - Dernancourt,40205,Tea Tree Gully,402,Adelaide - North,4GADE,Greater Adelaide,4,South Australia,SA,12.001,42,1733,836,375,2231,0.8,1920,2.7,3834,4037,0.9497151350012385,0.17970787689097548,0.2436098069900887,0.48200312989045385,0.2597809076682316,0.11528429838288994,4037,0.41689373297002724,0.4196185286103542,0.13549665593262322,1,1
402051052,Hope Valley - Modbury,40205,Tea Tree Gully,402,Adelaide - North,4GADE,Greater Adelaide,4,South Australia,SA,10.3125,41,1500,678,315,1684,0.8,1314,2.3,6584,6986,0.9424563412539364,0.2981470230862697,0.37894896719319565,0.30452612393681655,0.11801336573511544,0.04328675577156744,6986,0.30231892356140855,0.34082450615516746,0.2649584884053822,1,1
402051053,Modbury Heights,40205,Tea Tree Gully,402,Adelaide - North,4GADE,Greater Adelaide,4,South Australia,SA,9.9089,41,1500,787,330,2004,0.8,1657,2.6,6890,7336,0.9392039258451472,0.2134978229317852,0.2844702467343977,0.4108853410740203,0.18867924528301888,0.0737300435413643,7336,0.36354961832061067,0.43797709923664124,0.18047982551799346,1,1
402051054,Redwood Park,40205,Tea Tree Gully,402,Adelaide - North,4GADE,Greater Adelaide,4,South Australia,SA,14.1403,40,1517,834,350,2108,0.8,1818,2.6,5794,6121,0.9465773566410717,0.17897825336555057,0.2433551950293407,0.4523645150155333,0.19226786330686918,0.07266137383500172,6121,0.3600718836791374,0.5071066819147199,0.1210586505472962,1,1
402051055,St Agnes - Ridgehaven,40205,Tea Tree Gully,402,Adelaide - North,4GADE,Greater Adelaide,4,South Australia,SA,12.2999,43,1517,749,330,1936,0.7,1492,2.4,4952,5213,0.949932860157299,0.24979806138933763,0.32835218093699514,0.3727786752827141,0.1635702746365105,0.06462035541195477,5213,0.3683099942451563,0.4199117590638788,0.17264530980241705,1,1
403011056,Brighton (SA),40301,Holdfast Bay,403,Adelaide - South,4GADE,Greater Adelaide,4,South Australia,SA,5.9168,48,1952,836,350,2317,0.8,1673,2.3,5771,6156,0.9374593892137751,0.22786345520706983,0.29734881303067057,0.42661583780973833,0.25801420897591404,0.15058048865014728,6156,0.39896036387264455,0.31237816764132553,0.23310591293047433,1,1
403011057,Glenelg (SA),40301,Holdfast Bay,403,Adelaide - South,4GADE,Greater Adelaide,4,South Australia,SA,7.2232,48,1950,925,330,2368,0.8,1562,2.1,8704,9215,0.9445469343461748,0.25206801470588236,0.3245634191176471,0.40579044117647056,0.24115349264705882,0.14659926470588236,9215,0.3583288117200217,0.25740640260444925,0.3343461747151384,1,1
403021058,Edwardstown,40302,Marion,403,Adelaide - South,4GADE,Greater Adelaide,4,South Australia,SA,5.5375,36,1643,783,310,2006,0.8,1452,2.3,5852,6222,0.9405335904853744,0.28588516746411485,0.35406698564593303,0.3605604921394395,0.16438824333561175,0.066473000683527,6222,0.2550626808100289,0.3244937319189971,0.3837994214079074,1,1
403021059,Hallett Cove,40302,Marion,403,Adelaide - South,4GADE,Greater Adelaide,4,South Australia,SA,9.2762,43,1700,840,380,2123,0.7,1876,2.6,4444,4743,0.9369597301286106,0.18496849684968497,0.2418991899189919,0.4655715571557156,0.23942394239423942,0.10081008100810081,4743,0.3932110478600042,0.45498629559350623,0.14147164242040902,1,1
403021060,Marino - Seaview Downs,40302,Marion,403,Adelaide - South,4GADE,Greater Adelaide,4,South Australia,SA,12.2123,43,1820,844,375,2206,0.8,1821,2.6,3432,3686,0.931090613130765,0.19696969696969696,0.26456876456876455,0.46153846153846156,0.2432983682983683,0.11946386946386946,3686,0.39609332609875203,0.4348887683125339,0.14921323928377644,1,1
403021061,Mitchell Park,40302,Marion,403,Adelaide - South,4GADE,Greater Adelaide,4,South Australia,SA,7.5686,37,1603,668,310,1754,0.8,1307,2.3,6480,6902,0.9388583019414662,0.31959876543209875,0.39243827160493827,0.3146604938271605,0.13225308641975309,0.04953703703703704,6902,0.26485076789336426,0.2960011590843234,0.39177050130396984,1,1
403021062,Morphettville,40302,Marion,403,Adelaide - South,4GADE,Greater Adelaide,4,South Australia,SA,6.2005,39,1733,787,320,2173,0.8,1554,2.3,6488,6882,0.9427492008137169,0.281288532675709,0.344019728729963,0.40135635018495686,0.20406905055487054,0.09432799013563502,6882,0.28625399593141526,0.34612031386224934,0.3317349607672188,1,1
403021063,Sheidow Park - Trott Park,40302,Marion,403,Adelaide - South,4GADE,Greater Adelaide,4,South Australia,SA,9.3899,38,1517,861,365,2149,0.8,1922,2.8,3350,3590,0.9331476323119777,0.14925373134328357,0.2128358208955224,0.4785074626865672,0.20656716417910448,0.07014925373134329,3590,0.29303621169916433,0.5693593314763231,0.12172701949860724,1,1
403021064,Warradale,40302,Marion,403,Adelaide - South,4GADE,Greater Adelaide,4,South Australia,SA,6.0145,39,1730,746,345,1904,0.8,1421,2.2,6528,6875,0.9495272727272728,0.28661151960784315,0.36243872549019607,0.3556985294117647,0.16084558823529413,0.06219362745098039,6875,0.28014545454545453,0.33585454545454546,0.35461818181818183,1,1
403031065,Belair,40303,Mitcham,403,Adelaide - South,4GADE,Greater Adelaide,4,South Australia,SA,24.7761,47,2100,978,369,2787,0.8,2273,2.6,1634,1760,0.928409090909091,0.17135862913096694,0.23194614443084455,0.5569155446756426,0.38004895960832313,0.22766217870257038,1760,0.41306818181818183,0.43068181818181817,0.07784090909090909,1,1
403031066,Bellevue Heights,40303,Mitcham,403,Adelaide - South,4GADE,Greater Adelaide,4,South Australia,SA,8.7154,40,1733,698,330,2151,0.8,1764,2.6,2427,2615,0.9281070745697897,0.21137206427688504,0.2764730119489081,0.44499381953028433,0.24969097651421507,0.11948908117016893,2615,0.3892925430210325,0.37667304015296366,0.18929254302103252,1,1
403031067,Blackwood,40303,Mitcham,403,Adelaide - South,4GADE,Greater Adelaide,4,South Australia,SA,16.928,43,1950,954,370,2555,0.8,2114,2.7,4517,4788,0.9434001670843776,0.160504759796325,0.21784370157183972,0.5244631392517157,0.3252158512286916,0.17467345583351782,4788,0.40100250626566414,0.48141186299081035,0.10025062656641603,1,1
403031068,Colonel Light Gardens,40303,Mitcham,403,Adelaide - South,4GADE,Greater Adelaide,4,South Australia,SA,6.761,40,2000,910,320,2632,0.8,2006,2.6,5600,5932,0.9440323668240054,0.20892857142857144,0.26375,0.5010714285714286,0.31642857142857145,0.17625,5932,0.34356035064059337,0.3976736345246123,0.22184760620364127,1,1
403031069,Mitcham (SA),40303,Mitcham,403,Adelaide - South,4GADE,Greater Adelaide,4,South Australia,SA,11.4472,44,2167,986,346,2854,0.8,2203,2.6,5760,6149,0.9367376809237274,0.16944444444444445,0.22534722222222223,0.5427083333333333,0.371875,0.25277777777777777,6149,0.4231582371117255,0.36688892502845993,0.18458285900146365,1,1
403031070,Panorama,40303,Mitcham,403,Adelaide - South,4GADE,Greater Adelaide,4,South Australia,SA,5.7425,41,1749,759,310,2053,0.8,1518,2.4,3186,3407,0.9351335485764602,0.2595731324544884,0.32893910860012554,0.38731952291274324,0.19930947897049592,0.08788449466415568,3407,0.33636630466686235,0.3525095391840329,0.23569122395068975,1,1
403041071,Aberfoyle Park,40304,Onkaparinga,403,Adelaide - South,4GADE,Greater Adelaide,4,South Australia,SA,13.8426,43,1526,793,340,2086,0.8,1807,2.6,4124,4383,0.9409080538443988,0.19228903976721629,0.260184287099903,0.4493210475266731,0.2090203685741998,0.08292919495635305,4383,0.3401779603011636,0.48574036048368696,0.13734884782112708,1,1
403041072,Aldinga,40304,Onkaparinga,403,Adelaide - South,4GADE,Greater Adelaide,4,South Australia,SA,35.3303,40,1400,674,320,1607,0.8,1317,2.5,5631,6099,0.9232661091982293,0.29337595453738236,0.3811045995382703,0.29479666133901616,0.11312377908009234,0.04226602734860593,6099,0.29004754877848826,0.4310542711919987,0.24741760944417118,1,1
403041073,Christie Downs,40304,Onkaparinga,403,Adelaide - South,4GADE,Greater Adelaide,4,South Australia,SA,8.5727,40,1250,554,250,1333,0.7,995,2.2,3620,3885,0.9317889317889317,0.39171270718232043,0.49917127071823203,0.2085635359116022,0.06878453038674033,0.024861878453038673,3885,0.2175032175032175,0.331016731016731,0.4041184041184041,1,1
403041074,Christies Beach,40304,Onkaparinga,403,Adelaide - South,4GADE,Greater Adelaide,4,South Australia,SA,7.2165,42,1394,656,320,1539,0.7,1220,2.2,4366,4691,0.930718396930292,0.3199725148877691,0.4115895556573523,0.26866697205680257,0.10581768208886853,0.04306000916170408,4691,0.28544020464719677,0.3221061607333191,0.3596248134726071,1,1
403041075,Clarendon,40304,Onkaparinga,403,Adelaide - South,4GADE,Greater Adelaide,4,South Australia,SA,123.3732,48,2000,831,290,2304,0.8,2020,2.7,887,964,0.9201244813278008,0.16798196166854565,0.22435174746335965,0.5084554678692221,0.3032694475760992,0.16910935738444194,964,0.47199170124481327,0.42738589211618255,0.06742738589211618,1,0
403041076,Coromandel Valley,40304,Onkaparinga,403,Adelaide - South,4GADE,Greater Adelaide,4,South Australia,SA,4.4154,41,1818,978,420,2481,0.8,2233,2.8,1457,1547,0.9418228829993536,0.12148249828414551,0.16884008236101578,0.5600549073438572,0.3321894303363075,0.15305422100205904,1547,0.3393665158371041,0.5798319327731093,0.07433742727860375,1,1
403041077,Flagstaff Hill,40304,Onkaparinga,403,Adelaide - South,4GADE,Greater Adelaide,4,South Australia,SA,9.7527,42,1733,837,375,2280,0.8,2045,2.7,3604,3848,0.9365904365904366,0.16842397336293008,0.22641509433962265,0.5130410654827969,0.26970033296337403,0.12375138734739179,3848,0.380977130977131,0.4872661122661123,0.11746361746361747,1,1
403041078,Hackham - Onkaparinga Hills,40304,Onkaparinga,403,Adelaide - South,4GADE,Greater Adelaide,4,South Australia,SA,23.6436,41,1400,668,300,1646,0.7,1355,2.5,2428,2609,0.9306247604446148,0.28377265238879734,0.36614497528830314,0.3167215815485997,0.12108731466227347,0.044892915980230645,2609,0.30509773859716366,0.49252587198160214,0.17554618627826754,1,1
403041079,Hackham West - Huntfield Heights,40304,Onkaparinga,403,Adelaide - South,4GADE,Greater Adelaide,4,South Australia,SA,4.374,38,1192,558,262,1365,0.7,1080,2.4,2853,3078,0.9269005847953217,0.36803364879074657,0.4717840869260428,0.1983876621100596,0.05362776025236593,0.016123378899404135,3078,0.22157244964262507,0.39148797920727746,0.361598440545809,1,1
403041080,Happy Valley,40304,Onkaparinga,403,Adelaide - South,4GADE,Greater Adelaide,4,South Australia,SA,10.17,42,1517,778,355,1957,0.7,1568,2.5,5155,5450,0.9458715596330275,0.22483026188166827,0.301454898157129,0.3889427740058196,0.1600387972841901,0.05645004849660524,5450,0.338348623853211,0.4713761467889908,0.11761467889908257,1,1
403041081,Happy Valley Reservoir,40304,Onkaparinga,403,Adelaide - South,4GADE,Greater Adelaide,4,South Australia,SA,6.5089,67,0,774,0,1375,0.5,1375,2.0,0,0,,,,,,,0,,,,0,0
403041082,Lonsdale,40304,Onkaparinga,403,Adelaide - South,4GADE,Greater Adelaide,4,South Australia,SA,9.8401,48,2167,550,190,1875,1.1,725,1.6,0,15,0.0,,,,,,15,0.0,0.0,0.6,0,0
403041083,McLaren Vale,40304,Onkaparinga,403,Adelaide - South,4GADE,Greater Adelaide,4,South Australia,SA,119.5749,45,1733,776,350,2030,0.8,1638,2.5,2603,2773,0.9386945546339704,0.23088743757203228,0.30772185939300806,0.41375336150595465,0.20514790626200538,0.08567038033038801,2773,0.36819329246303645,0.423728813559322,0.15109989181391995,1,1
403041084,Morphett Vale - East,40304,Onkaparinga,403,Adelaide - South,4GADE,Greater Adelaide,4,South Australia,SA,7.6836,42,1300,661,300,1556,0.7,1228,2.3,5326,5691,0.9358636443507292,0.30773563650018776,0.40668419076229817,0.26661659782200525,0.08148704468644385,0.02647390161472024,5691,0.2834299771569144,0.4241785274995607,0.259708311368828,1,1
403041085,Morphett Vale - West,40304,Onkaparinga,403,Adelaide - South,4GADE,Greater Adelaide,4,South Australia,SA,5.0775,39,1274,612,295,1409,0.7,1163,2.3,3944,4218,0.9350403034613561,0.32454361054766734,0.4264705882352941,0.22515212981744423,0.06009127789046653,0.016480730223123734,4218,0.26837363679468945,0.39971550497866287,0.3108108108108108,1,1
403041086,Reynella,40304,Onkaparinga,403,Adelaide - South,4GADE,Greater Adelaide,4,South Australia,SA,7.7053,40,1365,704,325,1724,0.7,1334,2.4,3973,4212,0.9432573599240266,0.28643342562295493,0.3788069468915177,0.306065945129625,0.10344827586206896,0.03020387616410773,4212,0.3221747388414055,0.44990503323836656,0.18399810066476732,1,1
403041088,Willunga,40304,Onkaparinga,403,Adelaide - South,4GADE,Greater Adelaide,4,South Australia,SA,85.1868,48,1733,769,320,2025,0.8,1755,2.6,1232,1332,0.924924924924925,0.2077922077922078,0.28084415584415584,0.42857142857142855,0.22808441558441558,0.11688311688311688,1332,0.43318318318318316,0.4174174174174174,0.12537537537537538,1,1
403041089,Woodcroft,40304,Onkaparinga,403,Adelaide - South,4GADE,Greater Adelaide,4,South Australia,SA,13.5274,42,1517,773,350,2019,0.8,1672,2.6,4101,4356,0.9414600550964187,0.232626188734455,0.29870763228480857,0.4062423799073397,0.1872713972201902,0.06803218727139722,4356,0.3211662075298439,0.465564738292011,0.14761248852157943,1,1
403041177,Seaford - Seaford Meadows,40304,Onkaparinga,403,Adelaide - South,4GADE,Greater Adelaide,4,South Australia,SA,11.4713,37,1517,755,350,1777,0.7,1466,2.5,5085,5430,0.93646408839779,0.2359882005899705,0.3207472959685349,0.3453294001966568,0.12743362831858407,0.04837758112094395,5430,0.25451197053407,0.42504604051565376,0.285451197053407,1,1
403041178,Seaford Rise - Moana,40304,Onkaparinga,403,Adelaide - South,4GADE,Greater Adelaide,4,South Australia,SA,12.1052,40,1517,738,320,1914,0.8,1521,2.6,3774,4016,0.9397410358565738,0.2604663487016428,0.332803391626921,0.37599364069952307,0.15712771595124536,0.05564387917329094,4016,0.2930776892430279,0.4631474103585657,0.21987051792828685,1,1
404011090,Beverley,40401,Charles Sturt,404,Adelaide - West,4GADE,Greater Adelaide,4,South Australia,SA,4.2061,36,1733,847,330,2162,0.8,1695,2.4,3296,3465,0.9512265512265512,0.22026699029126215,0.2867111650485437,0.42566747572815533,0.19842233009708737,0.0737257281553398,3465,0.2545454545454545,0.40346320346320347,0.32063492063492066,1,1
404011091,Flinders Park,40401,Charles Sturt,404,Adelaide - West,4GADE,Greater Adelaide,4,South Australia,SA,6.3972,39,1746,759,340,2017,0.8,1563,2.4,6071,6436,0.9432877563704164,0.25218250700049416,0.321363860978422,0.39795750288255644,0.19733157634656565,0.08565310492505353,6436,0.33996270975761345,0.3362336855189559,0.29754505904288375,1,1
404011092,Henley Beach,40401,Charles Sturt,404,Adelaide - West,4GADE,Greater Adelaide,4,South Australia,SA,5.9563,44,2000,886,350,2367,0.8,1786,2.4,5805,6205,0.935535858178888,0.2310077519379845,0.29233419465977606,0.4551248923341947,0.2868217054263566,0.16623600344530576,6205,0.4056406124093473,0.30781627719580984,0.26381950040290086,1,1
404011093,Hindmarsh - Brompton,40401,Charles Sturt,404,Adelaide - West,4GADE,Greater Adelaide,4,South Australia,SA,7.896,37,1733,818,340,2150,0.8,1631,2.3,7526,7958,0.9457150037697915,0.2563114536274249,0.32115333510496946,0.41349986712729203,0.2116662237576402,0.0958012224289131,7958,0.24805227444081426,0.30987685348077404,0.41681326966574517,1,1
404011094,Royal Park - Hendon - Albert Park,40401,Charles Sturt,404,Adelaide - West,4GADE,Greater Adelaide,4,South Australia,SA,3.246,38,1600,738,314,1902,0.8,1427,2.3,2522,2667,0.9456317960254969,0.28628072957969863,0.3671689135606661,0.352101506740682,0.14036478984932593,0.042426645519429027,2667,0.2782152230971129,0.39332583427071616,0.3089613798275216,1,1
404011095,Seaton - Grange,40401,Charles Sturt,404,Adelaide - West,4GADE,Greater Adelaide,4,South Australia,SA,8.2533,43,1733,747,320,1958,0.8,1425,2.3,6805,7246,0.9391388352194314,0.2837619397501837,0.36105804555473914,0.36193975018368846,0.1833945628214548,0.0916972814107274,7246,0.3388076179961358,0.3049958597847088,0.309964118134143,1,1
404011096,West Lakes,40401,Charles Sturt,404,Adelaide - West,4GADE,Greater Adelaide,4,South Australia,SA,8.5515,51,1867,771,320,2062,0.7,1506,2.2,5956,6372,0.9347143753923415,0.2619207521826729,0.33865010073875085,0.39170584284754867,0.21339825386165212,0.1207186030893217,6372,0.4433458882611425,0.28750784682988073,0.21986817325800376,1,1
404011097,Woodville - Cheltenham,40401,Charles Sturt,404,Adelaide - West,4GADE,Greater Adelaide,4,South Australia,SA,8.8122,37,1600,726,310,1925,0.8,1491,2.5,6928,7412,0.9347004856988667,0.2632794457274827,0.33169745958429564,0.37009237875288686,0.16180715935334872,0.06957274826789839,7412,0.25607123583378305,0.35213167835941717,0.3565839179708581,1,1
404021098,Dry Creek - South,40402,Port Adelaide - West,404,Adelaide - West,4GADE,Greater Adelaide,4,South Australia,SA,6.1446,0,0,0,0,0,0.0,0,0.0,0,0,,,,,,,0,,,,0,0
404021099,Largs Bay - Semaphore,40402,Port Adelaide - West,404,Adelaide - West,4GADE,Greater Adelaide,4,South Australia,SA,6.7241,45,1625,858,320,2212,0.8,1584,2.2,5997,6350,0.9444094488188977,0.25245956311489076,0.3164915791228948,0.4012006003001501,0.19709854927463732,0.09504752376188094,6350,0.29952755905511813,0.3889763779527559,0.2908661417322835,1,1
404021100,North Haven,40402,Port Adelaide - West,404,Adelaide - West,4GADE,Greater Adelaide,4,South Australia,SA,14.8433,44,1564,720,300,1851,0.8,1414,2.3,5714,6117,0.9341180317148929,0.28351417570878545,0.3631431571578579,0.35404270213510675,0.16520826041302064,0.06930346517325867,6117,0.33578551577570703,0.3634134379597842,0.26924963217263365,1,1
404021101,Port Adelaide,40402,Port Adelaide - West,404,Adelaide - West,4GADE,Greater Adelaide,4,South Australia,SA,12.972,41,1495,671,275,1738,0.8,1247,2.2,4596,4890,0.939877300613497,0.3337684943429069,0.40992167101827676,0.30156657963446476,0.11771105308964316,0.04264577893820714,4890,0.26339468302658486,0.35419222903885483,0.34683026584867077,1,1
404021102,The Parks,40402,Port Adelaide - West,404,Adelaide - West,4GADE,Greater Adelaide,4,South Australia,SA,18.2633,36,1517,566,270,1570,0.9,1297,2.6,6624,7086,0.934801016088061,0.3248792270531401,0.4003623188405797,0.2964975845410628,0.11518719806763285,0.04060990338164251,7086,0.22452723680496753,0.3052497883149873,0.43550663279706464,1,1
404021103,Torrens Island,40402,Port Adelaide - West,404,Adelaide - West,4GADE,Greater Adelaide,4,South Australia,SA,8.8253,64,0,450,0,900,1.1,749,1.3,0,3,0.0,,,,,,3,1.6666666666666667,0.0,0.0,0,0
404031104,Adelaide Airport,40403,West Torrens,404,Adelaide - West,4GADE,Greater Adelaide,4,South Australia,SA,7.2952,51,0,3250,0,0,0.0,0,0.0,0,0,,,,,,,0,,,,0,0
404031105,Fulham,40403,West Torrens,404,Adelaide - West,4GADE,Greater Adelaide,4,South Australia,SA,1.3212,44,2000,812,315,2438,0.8,1753,2.5,1033,1104,0.9356884057971014,0.24975798644724104,0.3117134559535334,0.45401742497579867,0.26524685382381413,0.14617618586640851,1104,0.4057971014492754,0.3179347826086957,0.2246376811594203,1,1
404031106,Lockleys,40403,West Torrens,404,Adelaide - West,4GADE,Greater Adelaide,4,South Australia,SA,5.702,40,1800,827,300,2185,0.8,1635,2.4,5188,5468,0.9487929773226043,0.24980724749421743,0.3120663068619892,0.4171164225134927,0.21877409406322282,0.11488049344641481,5468,0.3339429407461595,0.3118141916605706,0.3112655449890271,1,1
404031107,Plympton,40403,West Torrens,404,Adelaide - West,4GADE,Greater Adelaide,4,South Australia,SA,10.6969,36,1733,794,300,2041,0.9,1551,2.3,10296,10890,0.9454545454545454,0.2514568764568765,0.31847319347319347,0.38607226107226106,0.18016705516705517,0.07527195027195027,10890,0.26565656565656565,0.30633608815427,0.3830119375573921,1,1
404031108,Richmond (SA),40403,West Torrens,404,Adelaide - West,4GADE,Greater Adelaide,4,South Australia,SA,8.9253,37,1733,774,325,2092,0.8,1555,2.3,6635,7032,0.9435437997724687,0.2611906556141673,0.3278070836473248,0.3918613413715147,0.19849284099472495,0.09269027882441598,7032,0.2699089874857793,0.28498293515358364,0.41908418657565416,1,1
404031109,West Beach,40403,West Torrens,404,Adelaide - West,4GADE,Greater Adelaide,4,South Australia,SA,4.5068,45,2000,896,320,2360,0.8,1746,2.4,1941,2052,0.945906432748538,0.2071097372488408,0.27769191138588356,0.44719216898505926,0.2735703245749614,0.15352910870685213,2052,0.391812865497076,0.32651072124756336,0.26413255360623783,1,1
405011110,Barossa - Angaston,40501,Barossa,405,Barossa - Yorke - Mid North,4RSAU,Rest of SA,4,South Australia,SA,633.8622,46,1500,737,255,1865,0.8,1441,2.5,2297,2473,0.9288313788920339,0.26817588158467565,0.3535045711797997,0.36221158032215933,0.17979973878972572,0.07792773182411841,2473,0.40072786089769513,0.4120501415285079,0.15204205418520017,1,1
405011111,Light,40501,Barossa,405,Barossa - Yorke - Mid North,4RSAU,Rest of SA,4,South Australia,SA,1111.6724,40,1328,729,260,1870,0.8,1544,2.6,3188,3487,0.9142529394895326,0.23682559598494354,0.3183814303638645,0.37327478042659973,0.15558343789209536,0.05708908406524467,3487,0.35589331803842844,0.4734728993404072,0.13765414396329223,1,1
405011112,Lyndoch,40501,Barossa,405,Barossa - Yorke - Mid North,4RSAU,Rest of SA,4,South Australia,SA,175.7742,43,1517,814,300,2084,0.8,1827,2.7,2148,2334,0.9203084832904884,0.19366852886405958,0.2537243947858473,0.4557728119180633,0.22160148975791433,0.0931098696461825,2334,0.3461868037703513,0.511139674378749,0.11011139674378749,1,1
405011113,Mallala,40501,Barossa,405,Barossa - Yorke - Mid North,4RSAU,Rest of SA,4,South Australia,SA,847.8696,43,1150,682,265,1660,0.8,1369,2.5,1063,1201,0.8850957535387177,0.277516462841016,0.37064910630291625,0.29350893697083724,0.12417685794920037,0.055503292568203196,1201,0.37801831806827646,0.4221482098251457,0.14737718567860117,1,1
405011114,Nuriootpa,40501,Barossa,405,Barossa - Yorke - Mid North,4RSAU,Rest of SA,4,South Australia,SA,50.6409,45,1348,701,295,1737,0.7,1326,2.3,2776,2959,0.938154782020953,0.29250720461095103,0.37355907780979825,0.3112391930835735,0.12463976945244956,0.04755043227665706,2959,0.3562014193984454,0.3565393714092599,0.21628928692125718,1,1
405011115,Tanunda,40501,Barossa,405,Barossa - Yorke - Mid North,4RSAU,Rest of SA,4,South Australia,SA,17.3326,48,1452,773,300,1958,0.7,1446,2.3,1787,1913,0.9341348667015159,0.27588136541689984,0.34415221040850585,0.37772803581421377,0.17907106883044208,0.08226077224398433,1913,0.40930475692629376,0.3355985363303711,0.20282279142707788,1,1
405021116,Clare,40502,Lower North,405,Barossa - Yorke - Mid North,4RSAU,Rest of SA,4,South Australia,SA,74.203,45,1300,751,250,1739,0.7,1368,2.2,1546,1690,0.914792899408284,0.28137128072445017,0.3654592496765847,0.3169469598965071,0.1403622250970246,0.054980595084087966,1690,0.37988165680473374,0.33076923076923076,0.25088757396449707,1,1
405021117,Gilbert Valley,40502,Lower North,405,Barossa - Yorke - Mid North,4RSAU,Rest of SA,4,South Australia,SA,1675.3597,51,1100,659,225,1576,0.7,1257,2.3,1835,2000,0.9175,0.31607629427792916,0.4032697547683924,0.291008174386921,0.12970027247956403,0.06321525885558583,2000,0.4525,0.341,0.161,1,1
405021118,Goyder,40502,Lower North,405,Barossa - Yorke - Mid North,4RSAU,Rest of SA,4,South Australia,SA,6748.1529,51,867,497,190,1285,0.7,917,2.2,1524,1673,0.9109384339509863,0.4409448818897638,0.5393700787401575,0.19160104986876642,0.05708661417322835,0.024278215223097113,1673,0.49372384937238495,0.26718469814704127,0.18111177525403466,1,1
405021119,Wakefield - Barunga West,40502,Lower North,405,Barossa - Yorke - Mid North,4RSAU,Rest of SA,4,South Australia,SA,5231.2432,48,965,599,220,1429,0.7,1092,2.3,3476,3819,0.9101859125425504,0.3705408515535098,0.46288837744533945,0.24510932105868816,0.09349827387802072,0.03855005753739931,3819,0.44383346425765907,0.2838439382037182,0.20188531029065201,1,1
405031120,Jamestown,40503,Mid North,405,Barossa - Yorke - Mid North,4RSAU,Rest of SA,4,South Australia,SA,3107.037,49,802,640,192,1505,0.7,1145,2.2,1745,1898,0.9193888303477344,0.3467048710601719,0.4458452722063037,0.2492836676217765,0.10372492836676218,0.04183381088825215,1898,0.4915700737618546,0.27766069546891464,0.17175974710221287,1,1
405031121,Peterborough - Mount Remarkable,40503,Mid North,405,Barossa - Yorke - Mid North,4RSAU,Rest of SA,4,South Australia,SA,9643.884,55,758,534,165,1313,0.7,931,2.1,1982,2212,0.8960216998191681,0.43693239152371344,0.5282542885973764,0.1927346115035318,0.07416750756811302,0.029263370332996974,2212,0.5510849909584087,0.2468354430379747,0.14828209764918626,1,1
405031122,Port Pirie,40503,Mid North,405,Barossa - Yorke - Mid North,4RSAU,Rest of SA,4,South Australia,SA,75.2928,43,951,570,185,1448,0.7,1044,2.2,5354,5847,0.9156832563707884,0.39727306686589464,0.4846843481509152,0.2461710870377288,0.10123272319760926,0.03884945834889802,5847,0.32255857704805885,0.31007354198734394,0.32991277578245254,1,1
405031123,Port Pirie Surrounds,40503,Mid North,405,Barossa - Yorke - Mid North,4RSAU,Rest of SA,4,South Australia,SA,1583.2661,47,997,572,200,1519,0.7,1145,2.4,1160,1286,0.9020217729393468,0.34051724137931033,0.44913793103448274,0.2810344827586207,0.12586206896551724,0.052586206896551725,1286,0.46967340590979784,0.33825816485225507,0.14618973561430793,1,1
405041124,Kadina,40504,Yorke Peninsula,405,Barossa - Yorke - Mid North,4RSAU,Rest of SA,4,South Australia,SA,394.1203,45,1127,599,250,1488,0.7,1155,2.3,1957,2161,0.9055992596020361,0.35360245273377616,0.44353602452733776,0.2554931016862545,0.09095554420030659,0.03934593765968319,2161,0.4062933826931976,0.31420638593243866,0.23739009717723275,1,1
405041125,Moonta,40504,Yorke Peninsula,405,Barossa - Yorke - Mid North,4RSAU,Rest of SA,4,South Australia,SA,271.9202,59,1200,536,250,1256,0.7,965,2.1,2033,2228,0.9124775583482945,0.4146581406787998,0.514510575504181,0.19527791441219872,0.08312838170191834,0.03443187407771766,2228,0.507181328545781,0.2513464991023339,0.18761220825852784,1,1
405041126,Wallaroo,40504,Yorke Peninsula,405,Barossa - Yorke - Mid North,4RSAU,Rest of SA,4,South Australia,SA,146.5314,56,1213,521,250,1166,0.7,916,2.1,1709,1888,0.9051906779661016,0.43417203042715036,0.5435927442949093,0.19133996489174956,0.07197191339964892,0.03510825043885313,1888,0.4279661016949153,0.2288135593220339,0.2944915254237288,1,1
405041127,Yorke Peninsula - North,40504,Yorke Peninsula,405,Barossa - Yorke - Mid North,4RSAU,Rest of SA,4,South Australia,SA,3654.3884,57,1000,555,200,1343,0.7,1003,2.1,2862,3147,0.909437559580553,0.40705800139762405,0.4968553459119497,0.21837875611460517,0.08420684835779176,0.03843466107617051,3147,0.544327931363203,0.2148077534159517,0.17794725135049252,1,1
405041128,Yorke Peninsula - South,40504,Yorke Peninsula,405,Barossa - Yorke - Mid North,4RSAU,Rest of SA,4,South Australia,SA,2273.834,58,986,526,200,1265,0.7,891,2.0,1626,1812,0.8973509933774835,0.45694956949569493,0.54920049200492,0.17896678966789667,0.07687576875768758,0.033825338253382534,1812,0.5618101545253863,0.23013245033112584,0.16225165562913907,1,1
406011129,Ceduna,40601,Eyre Peninsula and South West,406,South Australia - Outback,4RSAU,Rest of SA,4,South Australia,SA,413.3374,39,1251,788,220,1858,0.8,1406,2.4,906,1021,0.8873653281096964,0.2836644591611479,0.358719646799117,0.3487858719646799,0.16445916114790288,0.06181015452538632,1021,0.30264446620959845,0.2654260528893242,0.39471106758080315,1,0
406011130,Eyre Peninsula,40601,Eyre Peninsula and South West,406,South Australia - Outback,4RSAU,Rest of SA,4,South Australia,SA,7228.3655,49,1192,715,220,1655,0.8,1308,2.3,2486,2713,0.9163287873203096,0.3065164923572003,0.3913917940466613,0.2916331456154465,0.12872083668543846,0.05148833467417538,2713,0.4769627718392923,0.2742351640250645,0.17840029487652045,1,1
406011131,Kimba - Cleve - Franklin Harbour,40601,Eyre Peninsula and South West,406,South Australia - Outback,4RSAU,Rest of SA,4,South Australia,SA,15184.3968,48,936,687,160,1456,0.7,1176,2.3,1421,1592,0.8925879396984925,0.3314567206192822,0.4250527797325827,0.2653061224489796,0.10626319493314568,0.04011259676284307,1592,0.5056532663316583,0.2342964824120603,0.17839195979899497,1,1
406011132,Le Hunte - Elliston,40601,Eyre Peninsula and South West,406,South Australia - Outback,4RSAU,Rest of SA,4,South Australia,SA,11387.2463,44,867,734,150,1756,0.7,1235,2.3,701,786,0.8918575063613231,0.33666191155492153,0.4165477888730385,0.28530670470756064,0.10699001426533523,0.0442225392296719,786,0.5076335877862596,0.21501272264631044,0.17938931297709923,1,0
406011133,Port Lincoln,40601,Eyre Peninsula and South West,406,South Australia - Outback,4RSAU,Rest of SA,4,South Australia,SA,136.2831,41,1300,736,240,1750,0.7,1301,2.3,5689,6302,0.9027292922881625,0.30831429073650907,0.3925118650026367,0.3158727368606082,0.12708736157496925,0.05642467920548427,6302,0.31656616947000954,0.32608695652173914,0.3162488099016185,1,1
406011134,West Coast (SA),40601,Eyre Peninsula and South West,406,South Australia - Outback,4RSAU,Rest of SA,4,South Australia,SA,31877.8466,45,1083,637,104,1435,0.8,1148,2.4,1127,1318,0.855083459787557,0.3380656610470275,0.4383318544809228,0.26353149955634425,0.11801242236024845,0.055013309671694766,1318,0.44764795144157815,0.208649468892261,0.26100151745068284,1,1
406011135,Western,40601,Eyre Peninsula and South West,406,South Australia - Outback,4RSAU,Rest of SA,4,South Australia,SA,168946.0226,38,0,537,50,725,1.3,1312,2.3,15,30,0.5,0.26666666666666666,0.26666666666666666,0.2,0.0,0.0,30,0.0,0.0,0.6333333333333333,0,0
406011136,Whyalla,40601,Eyre Peninsula and South West,406,South Australia - Outback,4RSAU,Rest of SA,4,South Australia,SA,40.8706,41,1083,641,180,1679,0.7,1188,2.2,8235,8952,0.9199061662198391,0.35761991499696416,0.44043715846994536,0.2962962962962963,0.13758348512446872,0.0546448087431694,8952,0.26597408400357464,0.3095397676496872,0.3963360142984808,1,1
406011137,Whyalla - North,40601,Eyre Peninsula and South West,406,South Australia - Outback,4RSAU,Rest of SA,4,South Australia,SA,80.449,0,0,0,0,0,0.0,0,0.0,0,0,,,,,,,0,,,,0,0
406021138,APY Lands,40602,Outback - North and East,406,South Australia - Outback,4RSAU,Rest of SA,4,South Australia,SA,102359.1511,28,0,324,85,739,1.4,1266,4.0,401,514,0.7801556420233463,0.2718204488778055,0.3491271820448878,0.2543640897755611,0.11221945137157108,0.0399002493765586,514,0.02529182879377432,0.0,0.754863813229572,0,0
406021139,Coober Pedy,40602,Outback - North and East,406,South Australia - Outback,4RSAU,Rest of SA,4,South Australia,SA,77.6795,50,630,498,163,1380,0.8,764,1.8,567,674,0.841246290801187,0.527336860670194,0.6102292768959435,0.1675485008818342,0.05291005291005291,0.021164021164021163,674,0.413946587537092,0.13798219584569732,0.327893175074184,1,0
406021140,Quorn - Lake Gilles,40602,Outback - North and East,406,South Australia - Outback,4RSAU,Rest of SA,4,South Australia,SA,26107.329,54,964,643,175,1478,0.7,1047,2.0,769,901,0.853496115427303,0.3966189856957087,0.4759427828348505,0.23797139141742524,0.08712613784135241,0.04161248374512354,901,0.4694783573806881,0.26748057713651496,0.1897891231964484,1,0
406021141,Outback,40602,Outback - North and East,406,South Australia - Outback,4RSAU,Rest of SA,4,South Australia,SA,513391.3333,43,659,885,95,1588,0.8,1214,2.0,593,680,0.8720588235294118,0.3625632377740304,0.43676222596964587,0.2630691399662732,0.10623946037099494,0.048903878583473864,680,0.3588235294117647,0.08676470588235294,0.3235294117647059,1,0
406021142,Port Augusta,40602,Outback - North and East,406,South Australia - Outback,4RSAU,Rest of SA,4,South Australia,SA,253.9025,38,1138,697,200,1651,0.7,1277,2.3,4488,4993,0.8988584017624675,0.32063279857397503,0.40129233511586454,0.30213903743315507,0.13413547237076648,0.05102495543672014,4993,0.30723012217103945,0.2793911476066493,0.3803324654516323,1,1
406021143,Roxby Downs,40602,Outback - North and East,406,South Australia - Outback,4RSAU,Rest of SA,4,South Australia,SA,288.3624,31,1517,1787,260,3467,0.8,3140,2.7,1080,1195,0.9037656903765691,0.03148148148148148,0.040740740740740744,0.7981481481481482,0.5435185185185185,0.32222222222222224,1195,0.06778242677824267,0.21673640167364017,0.6711297071129707,1,1
407011144,Goolwa - Port Elliot,40701,Fleurieu - Kangaroo Island,407,South Australia - South East,4RSAU,Rest of SA,4,South Australia,SA,180.8689,61,1196,551,280,1227,0.7,970,2.0,5223,5601,0.9325120514193894,0.39383496075052654,0.5182845108175378,0.17154891824621865,0.07084051311506796,0.03350564809496458,5601,0.488841278343153,0.2310301731833601,0.20906980896268523,1,1
407011145,Kangaroo Island,40701,Fleurieu - Kangaroo Island,407,South Australia - South East,4RSAU,Rest of SA,4,South Australia,SA,4400.7382,50,1023,672,208,1501,0.8,1128,2.2,1793,1940,0.9242268041237114,0.36698271054099274,0.4590072504182934,0.24205242610150585,0.10262130507529281,0.04796430563301729,1940,0.4350515463917526,0.27628865979381445,0.22164948453608246,1,1
407011146,Strathalbyn,40701,Fleurieu - Kangaroo Island,407,South Australia - South East,4RSAU,Rest of SA,4,South Australia,SA,155.7859,47,1500,648,300,1571,0.7,1277,2.4,2791,3056,0.9132853403141361,0.30526692941597994,0.4073808670727338,0.29093514869222503,0.12468649229666787,0.05553565030455034,3056,0.3923429319371728,0.38612565445026176,0.19011780104712042,1,1
407011147,Strathalbyn Surrounds,40701,Fleurieu - Kangaroo Island,407,South Australia - South East,4RSAU,Rest of SA,4,South Australia,SA,1517.7954,47,1517,698,268,1787,0.8,1479,2.5,2644,2899,0.9120386340117281,0.2526475037821483,0.3328290468986384,0.3653555219364599,0.1720877458396369,0.08169440242057488,2899,0.404277337012763,0.45498447740600206,0.10520869265263884,1,1
407011148,Victor Harbor,40701,Fleurieu - Kangaroo Island,407,South Australia - South East,4RSAU,Rest of SA,4,South Australia,SA,128.2644,60,1300,545,290,1247,0.7,977,2.1,6640,7080,0.9378531073446328,0.4046686746987952,0.5115963855421687,0.1825301204819277,0.07243975903614458,0.03478915662650602,7080,0.5053672316384181,0.2330508474576271,0.20861581920903954,1,1
407011149,Yankalilla,40701,Fleurieu - Kangaroo Island,407,South Australia - South East,4RSAU,Rest of SA,4,South Australia,SA,980.1341,56,1300,572,270,1372,0.7,1082,2.2,2498,2704,0.9238165680473372,0.3678943154523619,0.4647718174539632,0.22738190552441953,0.0876701361088871,0.042033626901521216,2704,0.4770710059171598,0.3206360946745562,0.15347633136094674,1,1
407021150,Grant,40702,Limestone Coast,407,South Australia - South East,4RSAU,Rest of SA,4,South Australia,SA,1690.9302,45,1300,789,200,1928,0.8,1582,2.5,1762,1933,0.9115364718054837,0.2383654937570942,0.32179341657207716,0.3955732122587968,0.17309875141884223,0.08002270147559591,1933,0.4262803931712364,0.4009311950336265,0.12053802379720642,1,1
407021151,Kingston - Robe,40702,Limestone Coast,407,South Australia - South East,4RSAU,Rest of SA,4,South Australia,SA,4431.5114,53,1180,701,220,1580,0.7,1200,2.1,1476,1630,0.905521472392638,0.32926829268292684,0.42208672086720866,0.2696476964769648,0.11720867208672087,0.056910569105691054,1630,0.4742331288343558,0.24846625766871167,0.20306748466257668,1,1
407021152,Millicent,40702,Limestone Coast,407,South Australia - South East,4RSAU,Rest of SA,4,South Australia,SA,177.4315,49,910,558,175,1415,0.7,988,2.2,2019,2187,0.9231824417009602,0.40515106488360575,0.5076770678553739,0.21842496285289748,0.0871718672610203,0.03863298662704309,2187,0.4170096021947874,0.30864197530864196,0.2446273433927755,1,1
407021154,Naracoorte,40702,Limestone Coast,407,South Australia - South East,4RSAU,Rest of SA,4,South Australia,SA,115.23,40,1083,758,230,1732,0.8,1377,2.4,2198,2413,0.9108992954828015,0.2898089171974522,0.37306642402183804,0.3148316651501365,0.12329390354868063,0.05141037306642402,2413,0.3580605055946954,0.340654786572731,0.2652300041442188,1,1
407021155,Naracoorte Surrounds,40702,Limestone Coast,407,South Australia - South East,4RSAU,Rest of SA,4,South Australia,SA,4404.485,44,900,874,150,1938,0.8,1632,2.5,778,867,0.8973471741637832,0.2133676092544987,0.2802056555269923,0.38303341902313626,0.18380462724935734,0.08868894601542417,867,0.4913494809688581,0.22491349480968859,0.16724336793540945,1,0
407021156,Penola,40702,Limestone Coast,407,South Australia - South East,4RSAU,Rest of SA,4,South Australia,SA,1514.3964,47,896,737,181,1667,0.7,1314,2.3,1097,1224,0.8962418300653595,0.3072014585232452,0.38742023701002737,0.29899726526891524,0.11941659070191431,0.0601640838650866,1224,0.4133986928104575,0.315359477124183,0.21323529411764705,1,1
407021157,Tatiara,40702,Limestone Coast,407,South Australia - South East,4RSAU,Rest of SA,4,South Australia,SA,6527.2342,41,867,817,200,1829,0.7,1470,2.4,2298,2546,0.9025923016496465,0.24760661444734552,0.3259355961705831,0.34203655352480417,0.14403829416884248,0.06483899042645778,2546,0.3766692851531815,0.3248232521602514,0.2175962293794187,1,1
407021158,Wattle Range,40702,Limestone Coast,407,South Australia - South East,4RSAU,Rest of SA,4,South Australia,SA,2281.8815,49,1006,690,177,1708,0.7,1351,2.4,1175,1293,0.908739365815932,0.2902127659574468,0.37361702127659574,0.3174468085106383,0.13446808510638297,0.05617021276595745,1293,0.48259860788863107,0.3480278422273782,0.102861562258314,1,1
407021173,Mount Gambier - East,40702,Limestone Coast,407,South Australia - South East,4RSAU,Rest of SA,4,South Australia,SA,66.7535,41,1200,736,220,1782,0.7,1348,2.4,5440,5816,0.9353507565337001,0.29558823529411765,0.3806985294117647,0.32849264705882353,0.13253676470588235,0.05220588235294118,5816,0.32101100412654743,0.3682943603851444,0.28645116918844565,1,1
407021174,Mount Gambier - West,40702,Limestone Coast,407,South Australia - South East,4RSAU,Rest of SA,4,South Australia,SA,126.5343,41,1109,690,220,1688,0.7,1210,2.2,5609,5993,0.9359252461204739,0.34337671599215547,0.43269745052594044,0.2872169727224104,0.1094669281511856,0.043144945623105724,5993,0.3056899716335725,0.3188720173535792,0.309360921074587,1,1
407031159,Barmera,40703,Murray and Mallee,407,South Australia - South East,4RSAU,Rest of SA,4,South Australia,SA,856.1907,48,1083,651,200,1560,0.7,1245,2.3,2343,2563,0.9141630901287554,0.31626120358514725,0.401195049082373,0.2787025181391379,0.11139564660691421,0.046094750320102434,2563,0.38275458447132266,0.3480296527506828,0.21186110027311744,1,1
407031160,Berri,40703,Murray and Mallee,407,South Australia - South East,4RSAU,Rest of SA,4,South Australia,SA,12.0822,42,1040,610,215,1367,0.7,1039,2.1,1647,1758,0.9368600682593856,0.39162112932604737,0.4820886460230723,0.23011536126290225,0.08561020036429873,0.02853673345476624,1758,0.30659840728100113,0.23777019340159272,0.4129692832764505,1,1
407031161,Karoonda - Lameroo,40703,Murray and Mallee,407,South Australia - South East,4RSAU,Rest of SA,4,South Australia,SA,10548.6359,46,661,642,160,1496,0.7,1189,2.2,1087,1168,0.9306506849315068,0.34774609015639374,0.43054277828886844,0.24839006439742412,0.09107635694572216,0.04415823367065318,1168,0.4897260273972603,0.23972602739726026,0.16523972602739725,1,1
407031162,Loxton,40703,Murray and Mallee,407,South Australia - South East,4RSAU,Rest of SA,4,South Australia,SA,146.0888,46,1083,678,221,1638,0.7,1208,2.3,2077,2226,0.9330637915543576,0.33702455464612424,0.42657679345209437,0.2782859894077997,0.10544053923928744,0.038517091959557055,2226,0.3710691823899371,0.325696316262354,0.24123989218328842,1,1
407031163,Loxton Surrounds,40703,Murray and Mallee,407,South Australia - South East,4RSAU,Rest of SA,4,South Australia,SA,4790.3357,49,1083,691,188,1497,0.8,1300,2.4,601,655,0.917557251908397,0.30282861896838603,0.3860232945091514,0.3161397670549085,0.13976705490848584,0.059900166389351084,655,0.4778625954198473,0.2916030534351145,0.15877862595419848,1,0
407031164,Mannum,40703,Murray and Mallee,407,South Australia - South East,4RSAU,Rest of SA,4,South Australia,SA,3287.9008,55,1083,505,215,1223,0.7,901,2.1,2558,2801,0.9132452695465905,0.4530883502736513,0.5488663017982799,0.17396403440187647,0.05981235340109461,0.02619233776387803,2801,0.4891110317743663,0.29810781863620134,0.1688682613352374,1,1
407031165,Murray Bridge,40703,Murray and Mallee,407,South Australia - South East,4RSAU,Rest of SA,4,South Australia,SA,97.5456,42,1100,596,240,1374,0.7,1077,2.3,6639,7177,0.9250383168454787,0.37219460762162976,0.46964904353065223,0.21855701159813226,0.07440879650549781,0.031179394487121554,7177,0.3084854395987181,0.2934373693743904,0.3504249686498537,1,1
407031166,Murray Bridge Surrounds,40703,Murray and Mallee,407,South Australia - South East,4RSAU,Rest of SA,4,South Australia,SA,1924.5348,47,1250,642,200,1522,0.8,1294,2.5,1248,1396,0.8939828080229226,0.3076923076923077,0.3926282051282051,0.28926282051282054,0.10657051282051282,0.05608974358974359,1396,0.419054441260745,0.3954154727793696,0.1310888252148997,1,1
407031167,Renmark,40703,Murray and Mallee,407,South Australia - South East,4RSAU,Rest of SA,4,South Australia,SA,14.6561,44,975,602,200,1345,0.7,1017,2.2,1839,1986,0.9259818731117825,0.3964110929853181,0.4910277324632953,0.21315932572050028,0.07830342577487764,0.03915171288743882,1986,0.33182275931520644,0.24169184290030213,0.365055387713998,1,1
407031168,Renmark Surrounds,40703,Murray and Mallee,407,South Australia - South East,4RSAU,Rest of SA,4,South Australia,SA,901.7859,44,1178,749,200,1786,0.8,1459,2.5,1657,1846,0.8976164680390033,0.25347012673506336,0.3452021726010863,0.3349426674713337,0.13397706698853348,0.056729028364514184,1846,0.41007583965330446,0.39111592632719394,0.15655471289274106,1,1
407031169,The Coorong,40703,Murray and Mallee,407,South Australia - South East,4RSAU,Rest of SA,4,South Australia,SA,8644.9956,48,879,604,190,1372,0.7,1085,2.2,2012,2194,0.9170464904284412,0.35984095427435386,0.46272365805168986,0.21819085487077536,0.08200795228628231,0.03926441351888668,2194,0.43254329990884227,0.2497721057429353,0.22470373746581587,1,1
407031170,Waikerie,40703,Murray and Mallee,407,South Australia - South East,4RSAU,Rest of SA,4,South Australia,SA,5557.8467,50,953,593,200,1363,0.7,1027,2.2,2427,2631,0.9224629418472063,0.3943139678615575,0.49114132674083233,0.219200659250103,0.08034610630407911,0.030902348578491966,2631,0.4321550741163056,0.2805017103762828,0.21056632459141011,1,1
497979799,Migratory - Offshore - Shipping (SA),49797,Migratory - Offshore - Shipping (SA),497,Migratory - Offshore - Shipping (SA),49799,Migratory - Offshore - Shipping (SA),4,South Australia,SA,nan,48,0,1812,0,0,0.0,0,0.0,0,0,,,,,,,0,,,,0,0
499999499,No usual address (SA),49999,No usual address (SA),499,No usual address (SA),49499,No usual address (SA),4,South Australia,SA,nan,0,0,0,0,0,0.0,0,0.0,0,0,,,,,,,0,,,,0,0
501011001,Augusta,50101,Augusta - Margaret River - Busselton,501,Bunbury,5RWAU,Rest of WA,5,Western Australia,WA,2106.5915,46,1816,705,300,1693,0.8,1370,2.4,2106,2399,0.877865777407253,0.2839506172839506,0.36657169990503324,0.3224121557454891,0.13865147198480532,0.06125356125356125,2399,0.40892038349312215,0.3197165485619008,0.2059191329720717,1,1
501011003,Busselton Surrounds,50101,Augusta - Margaret River - Busselton,501,Bunbury,5RWAU,Rest of WA,5,Western Australia,WA,1227.064,43,1993,880,420,2130,0.8,1823,2.6,3528,4055,0.8700369913686806,0.19756235827664398,0.2582199546485261,0.45634920634920634,0.23837868480725624,0.13350340136054423,4055,0.3832305795314427,0.3797780517879161,0.1871763255240444,1,1
501011004,Margaret River,50101,Augusta - Margaret River - Busselton,501,Bunbury,5RWAU,Rest of WA,5,Western Australia,WA,134.4278,40,1700,851,380,1986,0.8,1678,2.6,3049,3487,0.8743905936334958,0.212856674319449,0.27320432928829125,0.4139061987536897,0.19022630370613317,0.08265004919645785,3487,0.2950960711213077,0.4063665041583023,0.2589618583309435,1,1
501011293,Busselton - East,50101,Augusta - Margaret River - Busselton,501,Bunbury,5RWAU,Rest of WA,5,Western Australia,WA,81.9607,46,1733,717,360,1759,0.7,1381,2.4,3200,3616,0.8849557522123894,0.29,0.3678125,0.3515625,0.1659375,0.0784375,3616,0.3622787610619469,0.34126106194690264,0.2682522123893805,1,1
501011294,Busselton - West,50101,Augusta - Margaret River - Busselton,501,Bunbury,5RWAU,Rest of WA,5,Western Australia,WA,114.2793,45,1733,701,350,1740,0.7,1351,2.4,6496,7292,0.8908392759188152,0.30033866995073893,0.37653940886699505,0.3415948275862069,0.16625615763546797,0.07342980295566502,7292,0.3481897970378497,0.3534009873834339,0.2462973121228744,1,1
501021005,Australind - Leschenault,50102,Bunbury,501,Bunbury,5RWAU,Rest of WA,5,Western Australia,WA,67.3084,38,1733,798,350,2144,0.7,1910,2.7,5917,6668,0.887372525494901,0.20872063545715736,0.2665201960452932,0.4765928680074362,0.24184552982930538,0.10613486564137231,6668,0.29574085182963405,0.49535092981403717,0.1853629274145171,1,1
501021007,Capel,50102,Bunbury,501,Bunbury,5RWAU,Rest of WA,5,Western Australia,WA,507.0606,45,1625,741,330,1885,0.7,1551,2.5,1725,1990,0.8668341708542714,0.2608695652173913,0.32405797101449274,0.391304347826087,0.18782608695652173,0.08057971014492754,1990,0.3597989949748744,0.4311557788944724,0.16381909547738693,1,1
501021008,College Grove - Carey Park,50102,Bunbury,501,Bunbury,5RWAU,Rest of WA,5,Western Australia,WA,9.7141,39,1300,619,280,1451,0.7,1122,2.2,2446,2677,0.9137093761673515,0.36017988552739166,0.45298446443172524,0.2506132461161079,0.09362224039247752,0.03107113654946852,2677,0.25252147926783713,0.3093014568546881,0.41016062756817334,1,1
501021009,Collie,50102,Bunbury,501,Bunbury,5RWAU,Rest of WA,5,Western Australia,WA,1709.815,44,1300,591,250,1618,0.7,1234,2.3,3078,3404,0.9042303172737955,0.3505523066926576,0.42592592592592593,0.30701754385964913,0.14457439896036386,0.057504873294346975,3404,0.40658049353701525,0.3601645123384254,0.195358401880141,1,1
501021010,Dardanup,50102,Bunbury,501,Bunbury,5RWAU,Rest of WA,5,Western Australia,WA,517.0762,46,1750,830,260,2254,0.7,1883,2.5,1038,1192,0.8708053691275168,0.2138728323699422,0.279383429672447,0.4730250481695568,0.2610789980732177,0.12042389210019268,1192,0.3951342281879195,0.42533557046979864,0.13590604026845637,1,1
501021011,Davenport,50102,Bunbury,501,Bunbury,5RWAU,Rest of WA,5,Western Australia,WA,11.7042,53,0,1062,669,2499,0.9,966,1.4,0,3,0.0,,,,,,3,0.0,0.0,0.0,0,0
501021012,Eaton - Pelican Point,50102,Bunbury,501,Bunbury,5RWAU,Rest of WA,5,Western Australia,WA,9.9522,39,1651,774,350,2063,0.7,1738,2.6,4008,4448,0.9010791366906474,0.22729540918163674,0.29740518962075846,0.4333832335329341,0.20359281437125748,0.08907185628742514,4448,0.2960881294964029,0.4505395683453237,0.20323741007194246,1,1
501021014,Harvey,50102,Bunbury,501,Bunbury,5RWAU,Rest of WA,5,Western Australia,WA,1660.6331,44,1690,724,280,1874,0.8,1498,2.5,3036,3409,0.8905837488999707,0.27964426877470355,0.3484848484848485,0.38801054018445325,0.19301712779973648,0.09486166007905138,3409,0.37782340862423,0.34438251686711646,0.23408624229979466,1,1
501021015,East Bunbury - Glen Iris,50102,Bunbury,501,Bunbury,5RWAU,Rest of WA,5,Western Australia,WA,22.9687,41,1506,723,300,1703,0.7,1358,2.3,2626,2887,0.909594735019051,0.3038842345773039,0.38385376999238385,0.31683168316831684,0.1447067783701447,0.060167555217060166,2887,0.312781434014548,0.3588500173190163,0.29338413578108763,1,1
501021016,Waroona,50102,Bunbury,501,Bunbury,5RWAU,Rest of WA,5,Western Australia,WA,832.2285,48,1625,620,260,1701,0.7,1312,2.4,1380,1584,0.8712121212121212,0.32971014492753625,0.40869565217391307,0.3471014492753623,0.1753623188405797,0.08840579710144927,1584,0.4097222222222222,0.3667929292929293,0.17234848484848486,1,1
501021251,Dalyellup,50102,Bunbury,501,Bunbury,5RWAU,Rest of WA,5,Western Australia,WA,16.3306,34,1733,885,350,2286,0.8,2066,2.9,2921,3277,0.8913640524870308,0.17425539198904486,0.21773365285861007,0.5200273878808627,0.2642930503252311,0.1235878123930161,3277,0.1772963075984132,0.5260909368324688,0.2841013121757705,1,1
501021252,Gelorup - Stratham,50102,Bunbury,501,Bunbury,5RWAU,Rest of WA,5,Western Australia,WA,65.254,46,2080,865,400,2494,0.7,2342,2.9,849,984,0.8628048780487805,0.15547703180212014,0.2143698468786808,0.5806831566548881,0.3486454652532391,0.1896348645465253,984,0.4725609756097561,0.4451219512195122,0.057926829268292686,1,0
501021253,South Bunbury - Bunbury,50102,Bunbury,501,Bunbury,5RWAU,Rest of WA,5,Western Australia,WA,11.2504,46,1625,830,310,2085,0.7,1487,2.1,4946,5365,0.9219012115563839,0.2759805903760615,0.3491710473109583,0.3776789324706834,0.20683380509502627,0.10675293166194905,5365,0.3496738117427773,0.2881640260950606,0.32376514445479965,1,1
501021254,Withers - Usher,50102,Bunbury,501,Bunbury,5RWAU,Rest of WA,5,Western Australia,WA,8.2177,39,1300,598,250,1420,0.7,1133,2.3,1907,2082,0.9159462055715658,0.3686418458311484,0.44782380702674357,0.24750917671735712,0.09701101206082853,0.03093864708966964,2082,0.2271853986551393,0.3333333333333333,0.3904899135446686,1,1
501031017,Bridgetown - Boyup Brook,50103,Manjimup,501,Bunbury,5RWAU,Rest of WA,5,Western Australia,WA,4163.8195,50,1327,639,260,1619,0.7,1230,2.3,2416,2718,0.8888888888888888,0.33774834437086093,0.4246688741721854,0.3087748344370861,0.1390728476821192,0.05670529801324503,2718,0.45805739514348787,0.32192788815305373,0.16666666666666666,1,1
501031018,Donnybrook - Balingup,50103,Manjimup,501,Bunbury,5RWAU,Rest of WA,5,Western Australia,WA,1559.856,49,1562,658,290,1688,0.7,1332,2.4,2066,2305,0.8963123644251627,0.30396902226524686,0.3857696030977735,0.34849951597289447,0.17521781219748306,0.08180058083252661,2305,0.4321041214750542,0.37613882863340564,0.14620390455531454,1,1
501031019,Manjimup,50103,Manjimup,501,Bunbury,5RWAU,Rest of WA,5,Western Australia,WA,323.8187,43,1300,698,240,1685,0.7,1271,2.3,1971,2146,0.918452935694315,0.30441400304414,0.3982749873160832,0.29122272957889395,0.10299340436326737,0.0380517503805175,2146,0.3322460391425909,0.31826654240447344,0.30754892823858343,1,1
501031020,Pemberton,50103,Manjimup,501,Bunbury,5RWAU,Rest of WA,5,Western Australia,WA,9641.0807,53,1300,626,240,1441,0.7,1112,2.2,1750,1972,0.8874239350912779,0.36,0.4531428571428571,0.25657142857142856,0.11542857142857142,0.048,1972,0.5010141987829615,0.268762677484787,0.1678498985801217,1,1
502011021,Dawesville - Bouvard,50201,Mandurah,502,Mandurah,5GPER,Greater Perth,5,Western Australia,WA,97.9248,45,1842,637,350,1712,0.7,1436,2.6,2702,3104,0.8704896907216495,0.29496669133974834,0.3667653589933383,0.37268689859363435,0.20096225018504812,0.09918578830495929,3104,0.39658505154639173,0.4384664948453608,0.14432989690721648,1,1
502011022,Falcon - Wannanup,50201,Mandurah,502,Mandurah,5GPER,Greater Perth,5,Western Australia,WA,9.5893,49,1733,647,320,1660,0.7,1294,2.3,3435,3867,0.8882854926299457,0.31004366812227074,0.3988355167394469,0.34294032023289667,0.18253275109170305,0.08966521106259097,3867,0.40160331005947764,0.34884923713472976,0.21644685802948022,1,1
502011023,Greenfields,50201,Mandurah,502,Mandurah,5GPER,Greater Perth,5,Western Australia,WA,9.9609,47,1387,540,295,1341,0.7,1004,2.3,3656,4053,0.9020478657784358,0.40317286652078776,0.4991794310722101,0.2426148796498906,0.09463894967177243,0.04294310722100656,4053,0.305946212681964,0.33481371823340733,0.23316062176165803,1,1
502011024,Halls Head - Erskine,50201,Mandurah,502,Mandurah,5GPER,Greater Perth,5,Western Australia,WA,14.2469,49,1733,662,350,1784,0.7,1377,2.4,6914,7834,0.8825631861118203,0.29953717095747756,0.38038761932311255,0.367081284350593,0.20422331501301708,0.10413653456754411,7834,0.39392392136839416,0.3626499872351289,0.19849374521317334,1,1
502011025,Mandurah,50201,Mandurah,502,Mandurah,5GPER,Greater Perth,5,Western Australia,WA,8.3954,49,1300,573,270,1279,0.7,901,1.9,4253,4664,0.9118782161234992,0.4516811662355984,0.5476134493298848,0.20126969198213027,0.09122972019750764,0.04984716670585469,4664,0.286663807890223,0.17903087478559176,0.49271012006861065,1,1
502011026,Mandurah - East,50201,Mandurah,502,Mandurah,5GPER,Greater Perth,5,Western Australia,WA,40.2182,49,1799,639,320,1687,0.7,1348,2.4,2226,2539,0.8767231193383221,0.31536388140161725,0.3939802336028751,0.36208445642407905,0.18823000898472597,0.10017969451931716,2539,0.4151240645923592,0.3588026782197716,0.1988972036234738,1,1
502011027,Mandurah - North,50201,Mandurah,502,Mandurah,5GPER,Greater Perth,5,Western Australia,WA,31.8413,36,1837,772,350,2119,0.7,1861,2.8,6397,7318,0.8741459415140749,0.21088010004689697,0.2738783804908551,0.46725027356573395,0.24902297952165078,0.1181803970611224,7318,0.24241596064498497,0.5015031429352282,0.2109866083629407,1,1
502011028,Mandurah - South,50201,Mandurah,502,Mandurah,5GPER,Greater Perth,5,Western Australia,WA,11.8268,51,1500,543,280,1385,0.7,1034,2.2,4196,4673,0.8979242456665953,0.39752144899904673,0.4890371782650143,0.25452812202097236,0.12273593898951382,0.06291706387035272,4673,0.36507596832869676,0.30087738069762465,0.29616948427134604,1,1
502011029,Pinjarra,50201,Mandurah,502,Mandurah,5GPER,Greater Perth,5,Western Australia,WA,808.8593,42,1733,610,300,1710,0.8,1337,2.6,3182,3691,0.8620969926849092,0.3249528598365808,0.39817724701445634,0.35135135135135137,0.18101822752985544,0.08265241986172218,3691,0.3115686805743701,0.4188566784069358,0.18775399620699,1,1
503011030,City Beach,50301,Cottesloe - Claremont,503,Perth - Inner,5GPER,Greater Perth,5,Western Australia,WA,9.8073,47,4000,1228,750,4592,0.7,3700,2.8,2069,2309,0.8960588999566912,0.12759787336877718,0.16143064282261962,0.6848719188013533,0.5717738037699371,0.4823586273562107,2309,0.4984841922910351,0.32438284971849285,0.10567345171069727,1,1
503011031,Claremont (WA),50301,Cottesloe - Claremont,503,Perth - Inner,5GPER,Greater Perth,5,Western Australia,WA,3.8717,44,2800,1115,460,3154,0.8,2068,2.2,3517,3798,0.926013691416535,0.20642593119135627,0.25845891384702874,0.5126528291157236,0.36451521182826274,0.27182257605914134,3798,0.39757767245918907,0.23328067403896788,0.3264876250658241,1,1
503011032,Cottesloe,50301,Cottesloe - Claremont,503,Perth - Inner,5GPER,Greater Perth,5,Western Australia,WA,3.7511,44,3925,1458,550,4593,0.8,3351,2.5,2643,2892,0.9139004149377593,0.12864169504351117,0.16458569807037457,0.6780174044646236,0.5433219825955353,0.440786984487325,2892,0.448478561549101,0.26175656984785617,0.2652143845089903,1,1
503011033,Floreat,50301,Cottesloe - Claremont,503,Perth - Inner,5GPER,Greater Perth,5,Western Australia,WA,4.4196,42,3250,1215,600,4270,0.8,3570,3.0,2631,2846,0.9244553759662685,0.11820600532117066,0.14405169137210186,0.6993538578487267,0.5705055112124667,0.4587609274040289,2846,0.4567814476458187,0.40477863668306396,0.1219255094869993,1,1
503011034,Mosman Park - Peppermint Grove,50301,Cottesloe - Claremont,503,Perth - Inner,5GPER,Greater Perth,5,Western Australia,WA,5.4149,42,3033,1079,310,3806,0.8,2303,2.4,3734,4045,0.923114956736712,0.21746116764863418,0.2640599892876272,0.5479378682378147,0.4258168184252812,0.33985002678093196,4045,0.36489493201483314,0.2907292954264524,0.32088998763906057,1,1
503011035,Nedlands - Dalkeith - Crawley,50301,Cottesloe - Claremont,503,Perth - Inner,5GPER,Greater Perth,5,Western Australia,WA,9.7498,37,3521,920,450,3768,0.8,2610,2.6,5812,6274,0.9263627669748167,0.15949759119064005,0.20165175498967652,0.6039229181004817,0.4630075705437027,0.3802477632484515,6274,0.4282754223780682,0.23956008925725214,0.3044309850175327,1,1
503011036,Swanbourne - Mount Claremont,50301,Cottesloe - Claremont,503,Perth - Inner,5GPER,Greater Perth,5,Western Australia,WA,11.7008,42,3250,1178,450,4110,0.8,3167,2.7,3045,3294,0.924408014571949,0.1632183908045977,0.20394088669950738,0.6433497536945813,0.5192118226600986,0.4121510673234811,3294,0.4186399514268367,0.3360655737704918,0.20491803278688525,1,1
503021037,Kings Park (WA),50302,Perth City,503,Perth - Inner,5GPER,Greater Perth,5,Western Australia,WA,4.1819,61,9999,2150,1000,4874,0.8,4799,2.2,8,16,0.5,0.0,0.0,1.0,1.0,1.0,16,0.375,0.0,0.3125,0,0
503021038,Mount Hawthorn - Leederville,50302,Perth City,503,Perth - Inner,5GPER,Greater Perth,5,Western Australia,WA,3.8983,37,2383,1280,425,3367,0.9,2632,2.4,4290,4568,0.9391418563922942,0.1533799533799534,0.18624708624708625,0.6307692307692307,0.44545454545454544,0.3044289044289044,4568,0.27123467600700524,0.38003502626970226,0.3207092819614711,1,1
503021039,Mount Lawley - Inglewood,50302,Perth City,503,Perth - Inner,5GPER,Greater Perth,5,Western Australia,WA,7.0812,38,2200,1118,340,3117,0.8,2079,2.2,6626,7079,0.9360079107218534,0.19151826139450648,0.23785089043163296,0.5170540295804407,0.35436160579535164,0.24675520676124357,7079,0.2870461929651081,0.3305551631586382,0.35739511230399773,1,1
503021040,North Perth,50302,Perth City,503,Perth - Inner,5GPER,Greater Perth,5,Western Australia,WA,3.0904,38,2492,1149,400,3171,0.8,2328,2.3,3667,3914,0.9368932038834952,0.17289337332969731,0.214889555494955,0.5732206163076083,0.38860103626943004,0.2598854649577311,3914,0.29024016351558507,0.35769034236075625,0.32856412876852326,1,1
503021042,Subiaco - Shenton Park,50302,Perth City,503,Perth - Inner,5GPER,Greater Perth,5,Western Australia,WA,7.7961,41,2585,1203,405,3239,0.9,2143,2.1,7179,7614,0.9428684003152088,0.2050424850257696,0.249756233458699,0.5308538793703859,0.37010725727817245,0.26995403259506895,7614,0.3121880745994221,0.24730759127922247,0.39965852377199895,1,1
503021043,Wembley - West Leederville - Glendalough,50302,Perth City,503,Perth - Inner,5GPER,Greater Perth,5,Western Australia,WA,6.5605,36,2167,1055,300,2802,0.9,2012,2.3,7333,7780,0.9425449871465296,0.18805400245465703,0.2423291967816719,0.5018409927723988,0.3293331515068867,0.2312832401472794,7780,0.25886889460154244,0.29845758354755786,0.41426735218509,1,1
503021295,East Perth,50302,Perth City,503,Perth - Inner,5GPER,Greater Perth,5,Western Australia,WA,3.4135,35,1950,1175,410,2572,1.0,2009,1.9,5247,5607,0.9357945425361156,0.17667238421955403,0.2203163712597675,0.5035258242805413,0.29559748427672955,0.1833428625881456,5607,0.16247547708221866,0.20474406991260924,0.6097734974139468,1,1
503021296,Perth (North) - Highgate,50302,Perth City,503,Perth - Inner,5GPER,Greater Perth,5,Western Australia,WA,2.9639,33,1900,1156,380,2610,1.0,1893,1.9,4964,5362,0.9257739649384558,0.18573730862207896,0.24053182917002416,0.47119258662369057,0.2677276390008058,0.15048348106365833,5362,0.15087653860499814,0.23797090637821708,0.5893323386795971,1,1
503021297,Perth (West) - Northbridge,50302,Perth City,503,Perth - Inner,5GPER,Greater Perth,5,Western Australia,WA,4.5531,33,1840,1176,410,2535,1.0,1966,1.7,5035,5363,0.9388402013798247,0.182720953326713,0.2307845084409136,0.4897715988083416,0.27328699106256205,0.1618669314796425,5363,0.11784449002424016,0.16781652060413949,0.692336378892411,1,1
504011044,Bassendean - Eden Hill - Ashfield,50401,Bayswater - Bassendean,504,Perth - North East,5GPER,Greater Perth,5,Western Australia,WA,10.3449,40,1801,872,330,2278,0.7,1738,2.4,5857,6350,0.9223622047244094,0.2455181833703261,0.3061294177906778,0.4444254737920437,0.23749359740481474,0.11575892094929145,6350,0.29826771653543305,0.4022047244094488,0.27244094488188975,1,1
504011045,Bayswater - Embleton - Bedford,50401,Bayswater - Bassendean,504,Perth - North East,5GPER,Greater Perth,5,Western Australia,WA,13.8115,39,2000,964,350,2585,0.8,2011,2.4,8906,9642,0.9236672889442025,0.21232876712328766,0.2656635975746688,0.5025825286323826,0.31113855827532,0.16876263193352795,9642,0.27888404895249946,0.410392034847542,0.28261771416718523,1,1
504011046,Maylands,50401,Bayswater - Bassendean,504,Perth - North East,5GPER,Greater Perth,5,Western Australia,WA,5.0166,36,1733,1050,300,2386,0.8,1623,1.9,5950,6351,0.9368603369548103,0.24588235294117647,0.3102521008403361,0.40789915966386553,0.22252100840336134,0.12033613445378151,6351,0.1820185797512203,0.30530625098409697,0.49173358526216343,1,1
504011047,Morley,50401,Bayswater - Bassendean,504,Perth - North East,5GPER,Greater Perth,5,Western Australia,WA,10.5547,39,1733,737,360,1902,0.7,1583,2.5,8044,8761,0.918160027394133,0.25236200895077077,0.3186225758329189,0.39569865738438587,0.18908503232222776,0.0808055693684734,8761,0.34322565917132747,0.3496176235589545,0.2796484419586805,1,1
504011048,Noranda,50401,Bayswater - Bassendean,504,Perth - North East,5GPER,Greater Perth,5,Western Australia,WA,4.9416,45,1907,715,350,2037,0.7,1632,2.6,2755,2981,0.9241865145924186,0.24319419237749546,0.3117967332123412,0.4221415607985481,0.24283121597096188,0.12413793103448276,2981,0.4642737336464274,0.3502180476350218,0.16504528681650452,1,1
504021049,Chidlow,50402,Mundaring,504,Perth - North East,5GPER,Greater Perth,5,Western Australia,WA,167.7411,39,1920,807,367,2252,0.7,1959,2.6,833,998,0.8346693386773547,0.20888355342136855,0.2737094837935174,0.4897959183673469,0.25690276110444177,0.11884753901560624,998,0.3276553106212425,0.5470941883767535,0.09519038076152304,1,0
504021050,Glen Forrest - Darlington,50402,Mundaring,504,Perth - North East,5GPER,Greater Perth,5,Western Australia,WA,56.6583,45,2015,915,400,2638,0.7,2286,2.7,2297,2540,0.9043307086614173,0.16630387461906834,0.21245102307357422,0.5546364823683065,0.36003482803656944,0.21419242490204615,2540,0.418503937007874,0.502755905511811,0.06181102362204725,1,1
504021051,Helena Valley - Koongamia,50402,Mundaring,504,Perth - North East,5GPER,Greater Perth,5,Western Australia,WA,8.8361,41,1973,830,315,2337,0.7,1861,2.6,1938,2147,0.9026548672566371,0.2518059855521156,0.3080495356037152,0.4716202270381837,0.2853457172342621,0.15789473684210525,2147,0.36190032603632977,0.4564508616674429,0.15230554261760595,1,1
504021052,Malmalling - Reservoir,50402,Mundaring,504,Perth - North East,5GPER,Greater Perth,5,Western Australia,WA,318.3852,62,1517,424,0,1374,0.7,1374,2.5,0,6,0.0,,,,,,6,0.0,0.0,0.0,0,0
504021053,Mundaring,50402,Mundaring,504,Perth - North East,5GPER,Greater Perth,5,Western Australia,WA,118.6696,44,2000,820,380,2291,0.7,2013,2.7,4088,4675,0.8744385026737967,0.19324853228962818,0.2463307240704501,0.5019569471624267,0.29354207436399216,0.1560665362035225,4675,0.3875935828877005,0.5016042780748663,0.09090909090909091,1,1
504021054,Swan View - Greenmount - Midvale,50402,Mundaring,504,Perth - North East,5GPER,Greater Perth,5,Western Australia,WA,15.1408,42,1733,740,300,1902,0.7,1453,2.4,4450,4957,0.8977203954004438,0.2817977528089888,0.35191011235955055,0.36943820224719104,0.1797752808988764,0.07910112359550561,4957,0.33185394391769213,0.4369578374016542,0.2051644139600565,1,1
504031055,Avon Valley National Park,50403,Swan,504,Perth - North East,5GPER,Greater Perth,5,Western Australia,WA,74.9605,39,0,762,295,1999,1.0,1375,2.3,0,0,,,,,,,0,,,,0,0
504031056,Ballajura,50403,Swan,504,Perth - North East,5GPER,Greater Perth,5,Western Australia,WA,23.8166,37,1703,715,350,1914,0.8,1725,2.9,5601,6183,0.905870936438622,0.20299946438136046,0.27066595250848063,0.4274236743438672,0.19567934297446885,0.08409212640599893,6183,0.3000161733786188,0.4987869966035905,0.18081837295811096,1,1
504031057,Beechboro,50403,Swan,504,Perth - North East,5GPER,Greater Perth,5,Western Australia,WA,47.1105,34,1765,778,350,1974,0.8,1791,2.9,6321,6948,0.9097582037996546,0.18209144122765386,0.24236671412751146,0.4386964087960766,0.1874703369719981,0.07910140800506249,6948,0.21675302245250433,0.5444732297063903,0.21646516983304548,1,1
504031058,Bullsbrook,50403,Swan,504,Perth - North East,5GPER,Greater Perth,5,Western Australia,WA,253.8629,38,1950,869,350,2105,0.7,1912,2.8,1574,1852,0.8498920086393088,0.17090216010165185,0.22744599745870395,0.4809402795425667,0.241423125794155,0.11689961880559085,1852,0.2613390928725702,0.5539956803455723,0.15496760259179265,1,1
504031060,Gidgegannup,50403,Swan,504,Perth - North East,5GPER,Greater Perth,5,Western Australia,WA,304.8874,47,2300,917,350,2551,0.8,2449,2.9,789,916,0.861353711790393,0.15082382762991128,0.1964512040557668,0.5893536121673004,0.39036755386565275,0.21926489226869456,916,0.37445414847161573,0.5240174672489083,0.06550218340611354,1,0
504031061,Hazelmere - Guildford,50403,Swan,504,Perth - North East,5GPER,Greater Perth,5,Western Australia,WA,16.919,37,2000,1017,390,2440,0.7,2107,2.6,1847,2036,0.9071709233791748,0.18841364374661612,0.23714131023280996,0.5268002165674066,0.3042772062804548,0.16080129940443963,2036,0.28536345776031435,0.5309430255402751,0.16306483300589392,1,1
504031062,Lockridge - Kiara,50403,Swan,504,Perth - North East,5GPER,Greater Perth,5,Western Australia,WA,14.6126,35,1820,827,325,2106,0.8,1812,2.7,4012,4388,0.9143117593436645,0.21111665004985045,0.26719840478564305,0.4499002991026919,0.2123629112662014,0.08649052841475573,4388,0.2228805834092981,0.544211485870556,0.21216955332725615,1,1
504031063,Malaga,50403,Swan,504,Perth - North East,5GPER,Greater Perth,5,Western Australia,WA,6.4045,43,0,1350,775,7000,1.2,1749,1.4,4,4,1.0,0.0,0.0,0.0,0.0,0.0,4,0.0,0.0,0.75,0,0
504031064,Melaleuca - Lexia,50403,Swan,504,Perth - North East,5GPER,Greater Perth,5,Western Australia,WA,99.6581,70,0,1249,0,2250,0.6,2250,2.0,0,0,,,,,,,0,,,,0,0
504031065,Middle Swan - Herne Hill,50403,Swan,504,Perth - North East,5GPER,Greater Perth,5,Western Australia,WA,32.1548,41,1625,732,320,1917,0.7,1502,2.5,1918,2141,0.8958430639887903,0.251303441084463,0.32742440041710114,0.38269030239833157,0.17466110531803963,0.08759124087591241,2141,0.32835123773937414,0.3956095282578235,0.24100887435777674,1,1
504031066,Midland - Guildford,50403,Swan,504,Perth - North East,5GPER,Greater Perth,5,Western Australia,WA,11.7136,40,1600,749,300,1800,0.7,1300,2.0,4398,4750,0.9258947368421052,0.3101409731696226,0.39154160982264663,0.30331969076853116,0.13847203274215553,0.07094133697135062,4750,0.21726315789473685,0.2690526315789474,0.4831578947368421,1,1
504031067,Stratton - Jane Brook,50403,Swan,504,Perth - North East,5GPER,Greater Perth,5,Western Australia,WA,23.4945,36,1723,827,330,2094,0.7,1802,2.7,2252,2496,0.9022435897435898,0.18960923623445827,0.25266429840142096,0.45071047957371224,0.22158081705150978,0.10124333925399645,2496,0.23637820512820512,0.5564903846153846,0.19391025641025642,1,1
504031068,The Vines,50403,Swan,504,Perth - North East,5GPER,Greater Perth,5,Western Australia,WA,66.9987,36,2167,940,370,2405,0.8,2218,3.0,3540,4057,0.8725659354202613,0.13813559322033897,0.18333333333333332,0.5624293785310734,0.327683615819209,0.18757062146892656,4057,0.23145181168350998,0.6083312792703969,0.1402514173034262,1,1
504031069,Walyunga National Park,50403,Swan,504,Perth - North East,5GPER,Greater Perth,5,Western Australia,WA,17.9495,84,0,450,0,0,1.0,450,1.0,0,0,,,,,,,0,,,,0,0
504031298,Aveley,50403,Swan,504,Perth - North East,5GPER,Greater Perth,5,Western Australia,WA,6.7469,31,1950,1028,380,2296,0.8,2136,2.9,4705,5260,0.8944866920152091,0.112221041445271,0.15090329436769395,0.5479277364505845,0.25377258235919237,0.10626992561105207,5260,0.11730038022813688,0.6695817490494297,0.19505703422053233,1,1
504031299,Brabham - Henley Brook,50403,Swan,504,Perth - North East,5GPER,Greater Perth,5,Western Australia,WA,17.0644,31,1950,1005,370,2260,0.8,2151,3.0,3259,3623,0.8995307756003312,0.08929119361767414,0.1276465173366063,0.5532371893218779,0.2310524700828475,0.09512120282295182,3623,0.10350538227987856,0.7554512834667403,0.12393044438310792,1,1
504031300,Ellenbrook,50403,Swan,504,Perth - North East,5GPER,Greater Perth,5,Western Australia,WA,13.977,33,1800,815,350,2064,0.8,1844,2.9,5528,6199,0.8917567349572512,0.19337916063675833,0.25180897250361794,0.45369030390738063,0.20821273516642547,0.08447901591895803,6199,0.17341506694628167,0.5589611227617358,0.24552347152766577,1,1
505011070,Craigie - Beldon,50501,Joondalup,505,Perth - North West,5GPER,Greater Perth,5,Western Australia,WA,7.1317,36,1800,899,370,2162,0.7,1833,2.5,3794,4169,0.9100503717917966,0.20532419609910385,0.26304691618344755,0.4544016868740116,0.20374275171323142,0.07696362677912494,4169,0.2648117054449508,0.49292396258095467,0.22595346605900696,1,1
505011071,Currambine - Kinross,50501,Joondalup,505,Perth - North West,5GPER,Greater Perth,5,Western Australia,WA,5.9596,39,1950,902,400,2437,0.7,2227,2.8,4289,4778,0.8976559229803265,0.15528095127069247,0.2009792492422476,0.5623688505479133,0.32641641408253674,0.1653065982746561,4778,0.25701130179991627,0.538509836751779,0.19066555043951444,1,1
505011072,Duncraig,50501,Joondalup,505,Perth - North West,5GPER,Greater Perth,5,Western Australia,WA,7.6491,42,2208,951,460,2817,0.7,2394,2.8,5064,5543,0.913584701425221,0.16528436018957346,0.21208530805687204,0.5797788309636651,0.39988151658767773,0.2367693522906793,5543,0.41205123579289193,0.4425401407180227,0.11852787299296409,1,1
505011073,Greenwood - Warwick,50501,Joondalup,505,Perth - North West,5GPER,Greater Perth,5,Western Australia,WA,8.5644,40,1950,850,400,2292,0.7,1897,2.6,4748,5168,0.9187306501547987,0.2034540859309183,0.2628475147430497,0.4766217354675653,0.2655855096882898,0.12636899747262004,5168,0.3746130030959752,0.45433436532507737,0.15518575851393188,1,1
505011074,Heathridge - Connolly,50501,Joondalup,505,Perth - North West,5GPER,Greater Perth,5,Western Australia,WA,6.6259,39,1902,897,380,2264,0.7,1930,2.6,3585,3966,0.9039334341906202,0.18688981868898186,0.24686192468619247,0.4820083682008368,0.2602510460251046,0.11743375174337517,3966,0.3063540090771558,0.475542107917297,0.20196671709531014,1,1
505011075,Hillarys,50501,Joondalup,505,Perth - North West,5GPER,Greater Perth,5,Western Australia,WA,6.2656,44,2400,983,490,2877,0.7,2465,2.8,3610,3941,0.9160111646790154,0.16869806094182827,0.21191135734072022,0.5878116343490305,0.41440443213296396,0.2775623268698061,3941,0.4481096168485156,0.4044658716061913,0.13473737630043137,1,1
505011076,Iluka - Burns Beach,50501,Joondalup,505,Perth - North West,5GPER,Greater Perth,5,Western Australia,WA,5.8339,43,2763,1059,650,3367,0.8,3272,3.1,2766,3102,0.8916827852998066,0.09978308026030369,0.1294287780187997,0.7154736080983369,0.5488069414316703,0.37563268257411425,3102,0.3301096067053514,0.5770470664087686,0.07930367504835589,1,1
505011077,Joondalup - Edgewater,50501,Joondalup,505,Perth - North West,5GPER,Greater Perth,5,Western Australia,WA,15.6229,40,1820,830,360,2215,0.7,1784,2.4,4840,5312,0.911144578313253,0.21694214876033058,0.28140495867768595,0.44958677685950416,0.24256198347107438,0.11528925619834711,5312,0.28030873493975905,0.37330572289156627,0.32643072289156627,1,1
505011078,Kingsley,50501,Joondalup,505,Perth - North West,5GPER,Greater Perth,5,Western Australia,WA,7.8538,44,2000,825,418,2401,0.7,2012,2.6,4411,4808,0.9174292845257903,0.2124234867377012,0.27046021310360463,0.5028338245295851,0.29743822262525504,0.15597370210836545,4808,0.3999584026622296,0.4369800332778702,0.11834442595673877,1,1
505011079,Mullaloo - Kallaroo,50501,Joondalup,505,Perth - North West,5GPER,Greater Perth,5,Western Australia,WA,5.888,43,2300,916,450,2681,0.7,2292,2.7,3697,4088,0.9043542074363993,0.16445766837976739,0.2234243981606708,0.5577495266432242,0.38084933730051396,0.22856370029753856,4088,0.40190802348336596,0.4452054794520548,0.13820939334637966,1,1
505011080,Ocean Reef,50501,Joondalup,505,Perth - North West,5GPER,Greater Perth,5,Western Australia,WA,5.2646,44,2253,906,525,2759,0.7,2480,2.9,2403,2703,0.8890122086570478,0.155638784852268,0.20016645859342488,0.5921764461090304,0.4090719933416563,0.2546816479400749,2703,0.413984461709212,0.4480207177210507,0.12060673325934147,1,1
505011081,Padbury,50501,Joondalup,505,Perth - North West,5GPER,Greater Perth,5,Western Australia,WA,6.0348,38,2000,918,390,2390,0.7,2065,2.6,2926,3215,0.910108864696734,0.1862611073137389,0.24367737525632263,0.5160628844839371,0.28503075871496925,0.13602187286397813,3215,0.32223950233281495,0.49611197511664074,0.1636080870917574,1,1
505011082,Sorrento - Marmion,50501,Joondalup,505,Perth - North West,5GPER,Greater Perth,5,Western Australia,WA,4.5955,47,2600,981,480,3045,0.7,2463,2.7,3280,3584,0.9151785714285714,0.18292682926829268,0.2274390243902439,0.586890243902439,0.43414634146341463,0.3097560975609756,3584,0.48325892857142855,0.3822544642857143,0.10825892857142858,1,1
505011083,Woodvale,50501,Joondalup,505,Perth - North West,5GPER,Greater Perth,5,Western Australia,WA,7.1962,43,2167,901,480,2653,0.7,2339,2.8,3106,3386,0.9173065564087419,0.16773985833869928,0.21281390856406954,0.5717965228589826,0.3660656793303284,0.20701867353509337,3386,0.4270525694034259,0.46367395156526875,0.09568812758417011,1,1
505021084,Balcatta - Hamersley,50502,Stirling,505,Perth - North West,5GPER,Greater Perth,5,Western Australia,WA,10.3604,39,1863,830,350,2101,0.7,1625,2.3,6069,6580,0.9223404255319149,0.2535837864557588,0.3137254901960784,0.405997693194925,0.20332839017960125,0.09622672598451146,6580,0.34194528875379937,0.36306990881458967,0.2651975683890577,1,1
505021085,Balga - Mirrabooka,50502,Stirling,505,Perth - North West,5GPER,Greater Perth,5,Western Australia,WA,9.4487,33,1482,629,305,1461,0.8,1293,2.6,6865,7496,0.9158217716115261,0.2964311726147123,0.3838310269482884,0.275455207574654,0.09992716678805535,0.03670793882010197,7496,0.18930096051227321,0.349786552828175,0.4262273212379936,1,1
505021087,Herdsman,50502,Stirling,505,Perth - North West,5GPER,Greater Perth,5,Western Australia,WA,3.1133,39,0,900,0,0,0.0,0,0.0,0,0,,,,,,,0,,,,0,0
505021088,Innaloo - Doubleview,50502,Stirling,505,Perth - North West,5GPER,Greater Perth,5,Western Australia,WA,5.6082,36,2037,1126,400,2739,0.7,2050,2.3,7099,7740,0.9171834625322998,0.22313001831243837,0.27046062825750106,0.511903084941541,0.31877729257641924,0.17847584166784053,7740,0.23488372093023255,0.3891472868217054,0.35310077519379846,1,1
505021089,Karrinyup - Gwelup - Carine,50502,Stirling,505,Perth - North West,5GPER,Greater Perth,5,Western Australia,WA,14.0888,42,2500,977,460,3006,0.8,2490,2.8,7092,7684,0.9229567933368037,0.16835871404399322,0.21432600112803157,0.5964467005076142,0.42385786802030456,0.282994923857868,7684,0.4099427381572098,0.4143675169182717,0.13261322228006248,1,1
505021090,Nollamara - Westminster,50502,Stirling,505,Perth - North West,5GPER,Greater Perth,5,Western Australia,WA,6.0391,34,1552,813,340,1754,0.8,1459,2.3,7570,8165,0.9271279853031231,0.2575957727873184,0.3306472919418758,0.3368560105680317,0.1334214002642008,0.049933949801849405,8165,0.1833435394978567,0.3360685854255971,0.4554807103490508,1,1
505021091,Osborne Park Industrial,50502,Stirling,505,Perth - North West,5GPER,Greater Perth,5,Western Australia,WA,3.4452,29,1658,1211,400,2166,1.1,1666,1.5,99,112,0.8839285714285714,0.09090909090909091,0.12121212121212122,0.4444444444444444,0.16161616161616163,0.06060606060606061,112,0.0,0.05357142857142857,0.875,0,0
505021092,Scarborough,50502,Stirling,505,Perth - North West,5GPER,Greater Perth,5,Western Australia,WA,4.9714,36,2154,1232,405,2790,0.8,2108,2.1,6940,7622,0.910522172658095,0.17896253602305476,0.22651296829971182,0.5288184438040345,0.32579250720461095,0.1904899135446686,7622,0.2353712936237208,0.3475465757019155,0.3938598792967725,1,1
505021093,Stirling - Osborne Park,50502,Stirling,505,Perth - North West,5GPER,Greater Perth,5,Western Australia,WA,6.4972,38,2000,889,310,2319,0.8,1857,2.4,5336,5741,0.9294547988155374,0.2194527736131934,0.27436281859070466,0.4679535232383808,0.280359820089955,0.17110194902548725,5741,0.3410555652325379,0.3415781222783487,0.29733495906636476,1,1
505021094,Trigg - North Beach - Watermans Bay,50502,Stirling,505,Perth - North West,5GPER,Greater Perth,5,Western Australia,WA,5.7563,45,2817,1064,400,3112,0.7,2304,2.5,2831,3061,0.9248611564848089,0.20876015542211232,0.25750618156128574,0.5584599081596608,0.4083362769339456,0.28611797951253976,3061,0.4279647174126103,0.31983012087553087,0.21398235870630514,1,1
505021095,Tuart Hill - Joondanna,50502,Stirling,505,Perth - North West,5GPER,Greater Perth,5,Western Australia,WA,3.6309,36,1733,991,320,2220,0.8,1588,2.0,5683,6041,0.9407382883628538,0.2493401372514517,0.30951961991905685,0.38729544254795,0.2005982755586838,0.10329051557276087,6041,0.21983115378248635,0.30922032776030456,0.4481046184406555,1,1
505021096,Wembley Downs - Churchlands - Woodlands,50502,Stirling,505,Perth - North West,5GPER,Greater Perth,5,Western Australia,WA,8.0214,42,2669,990,420,3137,0.8,2370,2.7,4991,5370,0.9294227188081937,0.17431376477659788,0.22159887798036465,0.570026046884392,0.4199559206571829,0.303746744139451,5370,0.42476722532588457,0.36443202979515826,0.18733705772811918,1,1
505021097,Yokine - Coolbinia - Menora,50502,Stirling,505,Perth - North West,5GPER,Greater Perth,5,Western Australia,WA,6.8504,40,2000,931,325,2460,0.8,1746,2.2,6702,7163,0.935641490995393,0.2400775887794688,0.30199940316323487,0.44882124738883916,0.2767830498358699,0.17024768725753506,7163,0.2917771883289125,0.3118804969984643,0.33700963283540414,1,1
505021301,Dianella - North,50502,Stirling,505,Perth - North West,5GPER,Greater Perth,5,Western Australia,WA,6.4682,45,2100,740,320,2349,0.7,1881,2.7,3954,4278,0.9242636746143057,0.25619625695498227,0.31133029843196763,0.4759736975214972,0.3002023267577137,0.17248356095093575,4278,0.43525011687704535,0.3480598410472183,0.182328190743338,1,1
505021302,Dianella - South,50502,Stirling,505,Perth - North West,5GPER,Greater Perth,5,Western Australia,WA,5.0267,41,1900,817,340,2148,0.7,1528,2.2,5195,5551,0.9358674112772474,0.27526467757459094,0.3424446583253128,0.3915303176130895,0.21520692974013475,0.11414821944177093,5551,0.3491262835525131,0.32678796613222844,0.29255989911727615,1,1
505031098,Alexander Heights - Koondoola,50503,Wanneroo,505,Perth - North West,5GPER,Greater Perth,5,Western Australia,WA,6.7014,38,1600,628,300,1683,0.8,1494,2.8,3629,3949,0.9189668270448215,0.2513089005235602,0.32157619178837143,0.3551942683934968,0.149903554698264,0.059796087076329565,3949,0.3008356545961003,0.4532793112180299,0.22284122562674094,1,1
505031099,Butler - Merriwa - Ridgewood,50503,Wanneroo,505,Perth - North West,5GPER,Greater Perth,5,Western Australia,WA,10.0345,34,1733,730,340,1848,0.8,1542,2.7,7406,8312,0.8910009624639076,0.2422360248447205,0.31731028895490143,0.3736159870375371,0.16729678638941398,0.07169862273832028,8312,0.13510587102983637,0.4858036573628489,0.30173243503368624,1,1
505031100,Carramar,50503,Wanneroo,505,Perth - North West,5GPER,Greater Perth,5,Western Australia,WA,30.0077,32,1907,920,380,2264,0.8,2116,3.0,5388,6070,0.8876441515650741,0.129547141796585,0.18188567186340016,0.5378619153674833,0.2680029695619896,0.12082405345211582,6070,0.12751235584843493,0.6602965403624382,0.19604612850082373,1,1
505031101,Clarkson,50503,Wanneroo,505,Perth - North West,5GPER,Greater Perth,5,Western Australia,WA,10.7632,34,1733,828,350,2011,0.7,1761,2.6,4568,5039,0.9065290732288153,0.18870402802101577,0.26028896672504376,0.43563922942206657,0.19111208406304728,0.07486865148861646,5039,0.15657868624727128,0.5175630085334392,0.3060130978368724,1,1
505031102,Girrawheen,50503,Wanneroo,505,Perth - North West,5GPER,Greater Perth,5,Western Australia,WA,4.0937,36,1400,582,293,1422,0.8,1239,2.6,2975,3269,0.9100642398286938,0.31596638655462184,0.4084033613445378,0.2584873949579832,0.08773109243697479,0.033277310924369745,3269,0.2453349648210462,0.3793208932395228,0.3410828999694096,1,1
505031104,Marangaroo,50503,Wanneroo,505,Perth - North West,5GPER,Greater Perth,5,Western Australia,WA,4.7933,39,1647,661,350,1763,0.8,1533,2.8,3250,3543,0.91730172170477,0.2510769230769231,0.32369230769230767,0.3683076923076923,0.15938461538461537,0.06061538461538461,3543,0.33220434659892745,0.4467965001411233,0.19418571831780976,1,1
505031105,Mindarie - Quinns Rocks - Jindalee,50503,Wanneroo,505,Perth - North West,5GPER,Greater Perth,5,Western Australia,WA,12.6805,40,2167,922,400,2597,0.7,2343,2.9,6166,7016,0.87884834663626,0.14985403827440805,0.193804735647097,0.5883879338306844,0.36425559519948103,0.20840090820629256,7016,0.25114025085518815,0.5440421892816419,0.18799885974914482,1,1
505031106,Neerabup National Park,50503,Wanneroo,505,Perth - North West,5GPER,Greater Perth,5,Western Australia,WA,17.3984,29,0,574,481,900,0.5,1749,2.0,0,0,,,,,,,0,,,,0,0
505031107,Tapping - Ashby - Sinagra,50503,Wanneroo,505,Perth - North West,5GPER,Greater Perth,5,Western Australia,WA,47.8116,37,2000,880,410,2408,0.8,2128,2.9,4067,4571,0.889739663093415,0.18318170641750675,0.23432505532333414,0.5325792967789525,0.29677895254487335,0.14457831325301204,4571,0.25486764384161015,0.5410194705753665,0.1774228833953183,1,1
505031255,Alkimos - Eglinton,50503,Wanneroo,505,Perth - North West,5GPER,Greater Perth,5,Western Australia,WA,32.6641,30,1950,983,350,2216,0.8,2031,2.8,4185,4764,0.878463476070529,0.12879330943847073,0.17968936678614097,0.5101553166069295,0.23034647550776582,0.0908004778972521,4764,0.07472712006717044,0.646095717884131,0.26469353484466834,1,1
505031256,Carabooda - Pinjar,50503,Wanneroo,505,Perth - North West,5GPER,Greater Perth,5,Western Australia,WA,371.0902,45,2470,787,300,2259,0.8,2120,2.9,198,222,0.8918918918918919,0.16161616161616163,0.2474747474747475,0.5252525252525253,0.2878787878787879,0.13131313131313133,222,0.2927927927927928,0.35135135135135137,0.24774774774774774,0,0
505031257,Two Rocks,50503,Wanneroo,505,Perth - North West,5GPER,Greater Perth,5,Western Australia,WA,55.0875,39,1800,716,330,1862,0.7,1526,2.7,1110,1350,0.8222222222222222,0.29009009009009007,0.35135135135135137,0.37747747747747745,0.1864864864864865,0.0945945945945946,1350,0.27037037037037037,0.5362962962962963,0.16444444444444445,1,1
505031258,Yanchep,50503,Wanneroo,505,Perth - North West,5GPER,Greater Perth,5,Western Australia,WA,19.0492,35,1842,762,340,1987,0.7,1697,2.8,3210,3737,0.858977789670859,0.2261682242990654,0.29501557632398756,0.4274143302180685,0.19657320872274142,0.08348909657320873,3737,0.19186513245919187,0.5640888413165641,0.217018999197217,1,1
505031303,Hocking - Pearsall,50503,Wanneroo,505,Perth - North West,5GPER,Greater Perth,5,Western Australia,WA,26.1656,36,1993,918,400,2322,0.7,2096,2.8,4117,4572,0.9004811898512686,0.15302404663589994,0.20451785280544085,0.5282973038620354,0.2679135292688851,0.1277629341753704,4572,0.24190726159230097,0.5621172353455818,0.17607174103237094,1,1
505031304,Landsdale,50503,Wanneroo,505,Perth - North West,5GPER,Greater Perth,5,Western Australia,WA,7.2318,33,2167,955,450,2511,0.8,2439,3.3,4218,4647,0.907682375726275,0.0990990990990991,0.13703176861071598,0.6325272641062115,0.352773826458037,0.162873399715505,4647,0.18850871530019367,0.680654185496019,0.11340649881644072,1,1
505031305,Madeley - Darch,50503,Wanneroo,505,Perth - North West,5GPER,Greater Perth,5,Western Australia,WA,13.1193,37,2000,854,450,2440,0.8,2261,3.0,4141,4527,0.9147338193063839,0.15455204056991065,0.1953634387829027,0.5694276744747645,0.3243177976334219,0.16614344361265396,4527,0.2717031146454606,0.5325822840733377,0.15396509829909433,1,1
505031306,Wanneroo - Sinagra,50503,Wanneroo,505,Perth - North West,5GPER,Greater Perth,5,Western Australia,WA,15.5086,38,1800,781,350,2065,0.7,1679,2.6,4872,5435,0.8964121435142595,0.2413793103448276,0.30767651888341546,0.42179802955665024,0.19807060755336617,0.08292282430213464,5435,0.2610855565777369,0.48058877644894205,0.21140754369825207,1,1
506011110,Armadale - Wungong - Brookdale,50601,Armadale,506,Perth - South East,5GPER,Greater Perth,5,Western Australia,WA,25.3931,33,1517,670,280,1600,0.7,1306,2.5,7850,8651,0.9074095480291295,0.30394904458598726,0.3835668789808917,0.28254777070063697,0.10012738853503185,0.0375796178343949,8651,0.18448734250375678,0.452433244711594,0.322390475089585,1,1
506011111,Ashendon - Lesley,50601,Armadale,506,Perth - South East,5GPER,Greater Perth,5,Western Australia,WA,326.2898,46,0,0,927,0,0.2,0,1.0,0,0,,,,,,,0,,,,0,0
506011112,Camillo - Champion Lakes,50601,Armadale,506,Perth - South East,5GPER,Greater Perth,5,Western Australia,WA,8.1254,38,1408,647,295,1592,0.8,1372,2.6,1951,2110,0.9246445497630332,0.25986673500768837,0.34033828805740646,0.3147104049205536,0.1168631471040492,0.04818042029728344,2110,0.266824644549763,0.44597156398104265,0.24976303317535545,1,1
506011114,Kelmscott,50601,Armadale,506,Perth - South East,5GPER,Greater Perth,5,Western Australia,WA,15.0443,40,1500,681,290,1700,0.7,1354,2.4,3704,4102,0.9029741589468552,0.28995680345572356,0.37607991360691145,0.3220842332613391,0.15361771058315335,0.06290496760259179,4102,0.30351048269137004,0.4022428083861531,0.2691370063383715,1,1
506011115,Mount Nasura - Mount Richon - Bedfordale,50601,Armadale,506,Perth - South East,5GPER,Greater Perth,5,Western Australia,WA,61.0961,45,2000,807,330,2209,0.7,1920,2.7,2704,2972,0.9098250336473755,0.21412721893491124,0.2744082840236686,0.47892011834319526,0.28624260355029585,0.15421597633136094,2972,0.39804845222072677,0.49764468371467024,0.08176312247644683,1,1
506011116,Roleystone,50601,Armadale,506,Perth - South East,5GPER,Greater Perth,5,Western Australia,WA,74.8096,44,2056,870,350,2419,0.7,2185,2.7,2341,2585,0.9056092843326886,0.17599316531396839,0.22597180692011962,0.5446390431439556,0.33447244767193507,0.17513882956001708,2585,0.38143133462282397,0.5315280464216634,0.06885880077369438,1,1
506011117,Seville Grove,50601,Armadale,506,Perth - South East,5GPER,Greater Perth,5,Western Australia,WA,4.5652,31,1600,775,330,1885,0.8,1739,3.0,3252,3591,0.9055973266499582,0.16758917589175892,0.22570725707257072,0.4132841328413284,0.15190651906519065,0.04920049200492005,3591,0.1517683096630465,0.5992759676970203,0.23085491506544137,1,1
506011307,Harrisdale,50601,Armadale,506,Perth - South East,5GPER,Greater Perth,5,Western Australia,WA,5.7747,33,2000,1068,420,2491,0.8,2412,3.2,3240,3588,0.903010033444816,0.07901234567901234,0.11265432098765432,0.6404320987654321,0.3429012345679012,0.1537037037037037,3588,0.11538461538461539,0.6722408026755853,0.20066889632107024,1,1
506011308,Piara Waters - Forrestdale,50601,Armadale,506,Perth - South East,5GPER,Greater Perth,5,Western Australia,WA,38.4276,31,2028,1105,420,2522,0.8,2441,3.2,4482,4946,0.9061868176304084,0.0642570281124498,0.0961624274877287,0.6575189647478804,0.34872824631860777,0.14859437751004015,4946,0.09745248685806712,0.7266477961989486,0.16093813182369593,1,1
506021118,Belmont - Ascot - Redcliffe,50602,Belmont - Victoria Park,506,Perth - South East,5GPER,Greater Perth,5,Western Australia,WA,10.8529,38,1754,879,350,2144,0.8,1666,2.3,5366,5881,0.9124298588675396,0.24207976146105106,0.30581438688035784,0.41949310473350726,0.22102124487513977,0.11181513231457324,5881,0.24230573031797314,0.32681516748852235,0.4036728447542935,1,1
506021119,East Victoria Park - Carlisle,50602,Belmont - Victoria Park,506,Perth - South East,5GPER,Greater Perth,5,Western Australia,WA,6.2709,35,2000,1014,350,2560,0.8,1974,2.3,6483,7003,0.9257461088105098,0.21517815826006478,0.26407527379299706,0.49498688878605585,0.29076045040876136,0.1574888169057535,7003,0.21747822361844923,0.34071112380408397,0.41596458660574037,1,1
506021120,Kewdale Commercial,50602,Belmont - Victoria Park,506,Perth - South East,5GPER,Greater Perth,5,Western Australia,WA,4.8502,43,0,3250,0,0,0.0,0,0.0,0,0,,,,,,,0,,,,0,0
506021121,Perth Airport,50602,Belmont - Victoria Park,506,Perth - South East,5GPER,Greater Perth,5,Western Australia,WA,20.3221,38,0,0,0,0,0.0,0,0.0,0,0,,,,,,,0,,,,0,0
506021123,Victoria Park - Lathlain - Burswood,50602,Belmont - Victoria Park,506,Perth - South East,5GPER,Greater Perth,5,Western Australia,WA,7.5754,36,2000,1057,350,2464,0.8,1896,2.1,6431,6920,0.929335260115607,0.19701446120354532,0.25532576582180067,0.47519825843570207,0.2756958482351112,0.16233867205722283,6920,0.2241329479768786,0.27167630057803466,0.482514450867052,1,1
506021309,Cloverdale,50602,Belmont - Victoria Park,506,Perth - South East,5GPER,Greater Perth,5,Western Australia,WA,3.9696,34,1700,812,340,1897,0.8,1520,2.4,3107,3402,0.913286302175191,0.2539427100096556,0.3247505632442871,0.3752816221435468,0.16832957837141937,0.07048599935629224,3402,0.21634332745443857,0.31216931216931215,0.43180482069370957,1,1
506021310,Kewdale,50602,Belmont - Victoria Park,506,Perth - South East,5GPER,Greater Perth,5,Western Australia,WA,2.928,36,1733,797,350,1954,0.8,1597,2.5,2637,2861,0.9217056973086334,0.23435722411831628,0.29806598407281,0.384907091391733,0.18240424725066362,0.0769814182783466,2861,0.29325410695560994,0.31562390772457183,0.36770360013981124,1,1
506021311,Rivervale,50602,Belmont - Victoria Park,506,Perth - South East,5GPER,Greater Perth,5,Western Australia,WA,3.3407,34,1760,1015,350,2246,0.9,1723,2.1,4502,4873,0.9238662015185717,0.21590404264771212,0.2741003998223012,0.43225233229675697,0.21701466015104398,0.10528653931585961,4873,0.15862918120254463,0.287707777549764,0.5308844654217115,1,1
506031124,Bentley - Wilson - St James,50603,Canning,506,Perth - South East,5GPER,Greater Perth,5,Western Australia,WA,11.1482,33,1733,711,330,1963,0.8,1482,2.4,7022,7694,0.912659214972706,0.2943605810310453,0.35844488749643977,0.3812304186841356,0.19154087154656793,0.09569923098832242,7694,0.19950610865609567,0.24720561476475175,0.4772550038991422,1,1
506031125,Canning Vale - West,50603,Canning,506,Perth - South East,5GPER,Greater Perth,5,Western Australia,WA,8.7354,41,2000,813,450,2425,0.8,2326,3.1,2883,3216,0.8964552238805971,0.13770378078390566,0.18522372528616024,0.5782171349288935,0.3593479014915019,0.20152618799861255,3216,0.3802860696517413,0.4639303482587065,0.13557213930348258,1,1
506031126,Canning Vale Commercial,50603,Canning,506,Perth - South East,5GPER,Greater Perth,5,Western Australia,WA,6.6779,60,0,349,208,0,1.0,225,1.5,0,6,0.0,,,,,,6,0.0,0.0,0.0,0,0
506031127,Cannington - Queens Park,50603,Canning,506,Perth - South East,5GPER,Greater Perth,5,Western Australia,WA,9.5148,31,1647,787,350,1888,0.9,1695,2.7,6554,7219,0.9078819781133121,0.21208422337503816,0.27616722612145256,0.40982606042111686,0.17927982911199267,0.07216966737870004,7219,0.18132705360853305,0.324560188391744,0.4593433993627926,1,1
506031128,Parkwood - Ferndale - Lynwood,50603,Canning,506,Perth - South East,5GPER,Greater Perth,5,Western Australia,WA,8.6347,40,1625,738,340,1899,0.7,1546,2.5,5015,5415,0.9261311172668514,0.25623130608175476,0.32362911266201394,0.3892323030907278,0.18424725822532403,0.0785643070787637,5415,0.36657433056325023,0.38374884579870727,0.22770083102493074,1,1
506031129,Riverton - Shelley - Rossmoyne,50603,Canning,506,Perth - South East,5GPER,Greater Perth,5,Western Australia,WA,6.4203,42,2167,791,400,2443,0.8,2051,2.8,4672,5007,0.933093668863591,0.20569349315068494,0.258347602739726,0.5107020547945206,0.336472602739726,0.2112585616438356,5007,0.4030357499500699,0.3249450768923507,0.2238865588176553,1,1
506031130,Welshpool,50603,Canning,506,Perth - South East,5GPER,Greater Perth,5,Western Australia,WA,8.314,53,1000,724,265,7000,0.9,575,1.5,0,6,0.0,,,,,,6,0.0,0.5,0.0,0,0
506031131,Willetton,50603,Canning,506,Perth - South East,5GPER,Greater Perth,5,Western Australia,WA,8.743,40,2100,755,400,2379,0.8,2178,3.1,5607,6159,0.9103750608865075,0.17388978063135366,0.22240057071517746,0.5427144640627787,0.3265560906010344,0.17478152309612985,6159,0.3925962006819289,0.39243383666179577,0.19710992044163014,1,1
506041132,Beckenham - Kenwick - Langford,50604,Gosnells,506,Perth - South East,5GPER,Greater Perth,5,Western Australia,WA,18.9584,35,1591,710,320,1756,0.8,1494,2.7,6513,7118,0.9150042146670413,0.24151696606786427,0.31183786273606634,0.3611239060340857,0.14939352065100567,0.06433287271610624,7118,0.24431019949423996,0.397724079797696,0.330429896038213,1,1
506041133,Canning Vale - East,50604,Gosnells,506,Perth - South East,5GPER,Greater Perth,5,Western Australia,WA,9.9338,36,1957,837,420,2356,0.8,2259,3.1,6564,7231,0.9077582630341585,0.13574040219378428,0.182205971968312,0.5729737964655698,0.3246496039000609,0.16971358927483243,7231,0.2649702669063753,0.5047711243258194,0.19706817867514867,1,1
506041134,Gosnells,50604,Gosnells,506,Perth - South East,5GPER,Greater Perth,5,Western Australia,WA,15.5131,38,1500,635,290,1550,0.8,1254,2.5,7223,7877,0.9169734670559858,0.32078083898657067,0.4041257095389727,0.27703170427800083,0.09732798006368545,0.03558078360791915,7877,0.25771232702805635,0.3850450679192586,0.3135711565316745,1,1
506041135,Huntingdale - Southern River,50604,Gosnells,506,Perth - South East,5GPER,Greater Perth,5,Western Australia,WA,18.009,34,1950,842,380,2256,0.8,2115,3.1,6201,6856,0.904463243873979,0.15465247540719237,0.19900016126431222,0.5345911949685535,0.2796323173681664,0.12933397839058217,6856,0.21557759626604434,0.5857642940490082,0.17867561260210035,1,1
506041136,Maddington - Orange Grove - Martin,50604,Gosnells,506,Perth - South East,5GPER,Greater Perth,5,Western Australia,WA,53.2923,36,1560,669,300,1689,0.8,1407,2.7,4694,5193,0.9039091084151742,0.27226246271836385,0.3512995313165744,0.33553472518108224,0.14209629314017896,0.059011504047720494,5193,0.24956672443674177,0.4467552474484883,0.260157904871943,1,1
506041137,Thornlie,50604,Gosnells,506,Perth - South East,5GPER,Greater Perth,5,Western Australia,WA,11.591,38,1625,682,330,1825,0.8,1571,2.7,7718,8401,0.9187001547434829,0.23879243327286861,0.3119979269240736,0.3848147188390775,0.1720653018916818,0.06905934179839336,8401,0.3326984882752053,0.4259016783716224,0.21128437090822522,1,1
506051138,Forrestfield - Wattle Grove,50605,Kalamunda,506,Perth - South East,5GPER,Greater Perth,5,Western Australia,WA,26.8976,36,1800,855,360,2141,0.7,1839,2.7,6309,7003,0.9008996144509496,0.20034870819464257,0.2559835156126169,0.4601363132033603,0.2211126961483595,0.09526073862735775,7003,0.2581750678280737,0.502927316864201,0.2009138940454091,1,1
506051139,High Wycombe,50605,Kalamunda,506,Perth - South East,5GPER,Greater Perth,5,Western Australia,WA,8.6968,38,1733,839,380,2112,0.7,1758,2.5,4120,4571,0.9013345001093852,0.21723300970873785,0.27985436893203886,0.441747572815534,0.2080097087378641,0.08762135922330097,4571,0.2931524830452855,0.45744913585648656,0.2187705097352877,1,1
506051140,Kalamunda - Maida Vale - Gooseberry Hill,50605,Kalamunda,506,Perth - South East,5GPER,Greater Perth,5,Western Australia,WA,28.1238,47,2034,827,375,2302,0.7,1864,2.5,5213,5750,0.906608695652174,0.2169576059850374,0.27604066756186457,0.47285632073662,0.29503165164013045,0.17206982543640897,5750,0.46452173913043476,0.3918260869565217,0.12417391304347826,1,1
506051141,Lesmurdie - Bickley - Carmel,50605,Kalamunda,506,Perth - South East,5GPER,Greater Perth,5,Western Australia,WA,220.0819,44,2100,806,350,2400,0.7,2070,2.8,3559,3927,0.9062897886427298,0.1989322843495364,0.2528800224782242,0.5158752458555774,0.323686428772127,0.1795448159595392,3927,0.4255156608097785,0.439266615737204,0.10644257703081232,1,1
506061142,Byford,50606,Serpentine - Jarrahdale,506,Perth - South East,5GPER,Greater Perth,5,Western Australia,WA,29.3986,31,1914,949,380,2217,0.8,2086,3.0,5733,6498,0.8822714681440443,0.1271585557299843,0.17216117216117216,0.5302633874062446,0.23983952555381127,0.10326181754753183,6498,0.15297014465989536,0.6840566328100954,0.14650661742074483,1,1
506061143,Mundijong,50606,Serpentine - Jarrahdale,506,Perth - South East,5GPER,Greater Perth,5,Western Australia,WA,286.7456,39,2167,867,375,2338,0.8,2218,3.0,1986,2274,0.8733509234828496,0.15709969788519637,0.1973816717019134,0.5523665659617322,0.3252769385699899,0.18680765357502518,2274,0.297273526824978,0.5809146877748461,0.08751099384344767,1,1
506061144,Serpentine - Jarrahdale,50606,Serpentine - Jarrahdale,506,Perth - South East,5GPER,Greater Perth,5,Western Australia,WA,588.6193,45,2167,784,325,2232,0.8,1956,2.7,1238,1463,0.8462064251537936,0.2148626817447496,0.2802907915993538,0.4886914378029079,0.2802907915993538,0.14458804523424879,1463,0.36021872863978127,0.4935064935064935,0.09227614490772386,1,1
506071145,Como,50607,South Perth,506,Perth - South East,5GPER,Greater Perth,5,Western Australia,WA,6.3895,38,2048,1010,352,2556,0.7,1804,2.1,6041,6474,0.9331170837194933,0.2289356066876345,0.28687303426585004,0.45770567786790267,0.2734646581691773,0.17315014070518125,6474,0.27710843373493976,0.28143342601173926,0.40654927401915353,1,1
506071146,Manning - Waterford,50607,South Perth,506,Perth - South East,5GPER,Greater Perth,5,Western Australia,WA,6.161,40,2500,805,341,2720,0.7,2146,2.6,3638,3968,0.9168346774193549,0.2240241891148983,0.2724024189114898,0.528587135788895,0.37108301264431004,0.2523364485981308,3968,0.36819556451612906,0.32963709677419356,0.25025201612903225,1,1
506071147,South Perth - Kensington,50607,South Perth,506,Perth - South East,5GPER,Greater Perth,5,Western Australia,WA,7.7563,40,2388,1131,375,3007,0.8,2113,2.2,6757,7254,0.9314860766473669,0.18706526565043657,0.23072369394701792,0.5249371022643184,0.35814710670415867,0.2524789107592127,7254,0.3203749655362559,0.26027019575406674,0.38751033912324234,1,1
507011148,Banjup,50701,Cockburn,507,Perth - South West,5GPER,Greater Perth,5,Western Australia,WA,29.7061,34,2000,1035,420,2677,0.8,2456,3.0,6434,7077,0.9091422919316094,0.10584395399440473,0.1482747901771837,0.6314889648741063,0.3807895554864781,0.18417780540876594,7077,0.19782393669634027,0.5801893457679808,0.20743252790730535,1,1
507011150,Bibra Industrial,50701,Cockburn,507,Perth - South West,5GPER,Greater Perth,5,Western Australia,WA,6.5456,63,2817,1374,940,2750,1.3,2125,1.4,0,9,0.0,,,,,,9,0.0,0.3333333333333333,0.0,0,0
507011151,Bibra Lake,50701,Cockburn,507,Perth - South West,5GPER,Greater Perth,5,Western Australia,WA,4.1706,0,0,0,0,0,0.0,0,0.0,0,0,,,,,,,0,,,,0,0
507011152,Coogee,50701,Cockburn,507,Perth - South West,5GPER,Greater Perth,5,Western Australia,WA,10.4233,42,2167,896,400,2510,0.7,2138,2.6,3245,3540,0.9166666666666666,0.21047765793528506,0.2545454545454545,0.5337442218798151,0.3189522342064715,0.18089368258859784,3540,0.4059322033898305,0.43813559322033896,0.1367231638418079,1,1
507011153,Coolbellup,50701,Cockburn,507,Perth - South West,5GPER,Greater Perth,5,Western Australia,WA,4.5202,39,1733,795,310,2123,0.7,1578,2.3,3200,3481,0.9192760700948004,0.26375,0.33125,0.3953125,0.191875,0.08375,3481,0.26228095374892274,0.40821602987647226,0.30824475725366274,1,1
507011154,Hamilton Hill,50701,Cockburn,507,Perth - South West,5GPER,Greater Perth,5,Western Australia,WA,6.6153,39,1733,765,320,1864,0.7,1396,2.2,4359,4808,0.9066139767054908,0.3032805689378298,0.3808212892865336,0.3526038082128929,0.1553108511126405,0.06836430373938977,4808,0.27745424292845255,0.3386023294509151,0.36044093178036607,1,1
507011155,Henderson,50701,Cockburn,507,Perth - South West,5GPER,Greater Perth,5,Western Australia,WA,8.7396,53,2500,1875,0,4250,1.2,450,1.3,0,0,,,,,,,0,,,,0,0
507011158,North Coogee,50701,Cockburn,507,Perth - South West,5GPER,Greater Perth,5,Western Australia,WA,2.774,46,2817,1238,460,3265,0.8,2566,2.3,1386,1481,0.9358541525995948,0.12987012987012986,0.1681096681096681,0.6154401154401155,0.45165945165945165,0.30663780663780665,1481,0.3261309925725861,0.400405131667792,0.25523295070898044,1,1
507011159,South Lake - Cockburn Central,50701,Cockburn,507,Perth - South West,5GPER,Greater Perth,5,Western Australia,WA,8.896,37,1680,838,360,2089,0.7,1715,2.4,4229,4583,0.9227580187650011,0.22582170725939937,0.27807992433199336,0.4258689997635375,0.20761409316623317,0.08796405769685504,4583,0.28300240017455813,0.41413921012437266,0.2768928649356317,1,1
507011160,Spearwood,50701,Cockburn,507,Perth - South West,5GPER,Greater Perth,5,Western Australia,WA,6.5192,41,1733,763,350,1937,0.7,1473,2.3,4221,4591,0.9194075364844261,0.2767116796967543,0.3451788675669273,0.36886993603411516,0.18668561952144042,0.08742004264392324,4591,0.34611195817904594,0.34371596602047483,0.28425179699411895,1,1
507011161,Success - Hammond Park,50701,Cockburn,507,Perth - South West,5GPER,Greater Perth,5,Western Australia,WA,8.861,33,1993,1064,400,2502,0.8,2273,2.8,5452,6014,0.9065513801130695,0.12032281731474688,0.16379310344827586,0.582905355832722,0.3219002201027146,0.15113719735876743,6014,0.14349850349185234,0.5600266045892917,0.273029597605587,1,1
507011163,Yangebup,50701,Cockburn,507,Perth - South West,5GPER,Greater Perth,5,Western Australia,WA,6.0198,37,1733,879,350,2233,0.7,1915,2.6,2552,2787,0.9156799425905993,0.1974921630094044,0.25509404388714735,0.48040752351097177,0.22609717868338558,0.10109717868338558,2787,0.2604951560818084,0.5199138858988159,0.20200932902762828,1,1
507011259,Beeliar - Wattleup,50701,Cockburn,507,Perth - South West,5GPER,Greater Perth,5,Western Australia,WA,28.7159,34,2000,1001,385,2400,0.8,2178,2.8,3207,3519,0.9113384484228474,0.13907078266292486,0.18521983161833488,0.5522294979731837,0.2980979108200811,0.14530714062987216,3519,0.1918158567774936,0.5544188689968741,0.23785166240409208,1,1
507011260,Jandakot,50701,Cockburn,507,Perth - South West,5GPER,Greater Perth,5,Western Australia,WA,15.7037,45,2167,910,443,2493,0.7,2323,2.8,762,849,0.8975265017667845,0.15748031496062992,0.1968503937007874,0.5708661417322834,0.37270341207349084,0.22440944881889763,849,0.4004711425206125,0.4558303886925795,0.12014134275618374,1,0
507021164,East Fremantle,50702,Fremantle,507,Perth - South West,5GPER,Greater Perth,5,Western Australia,WA,3.1384,44,2600,1075,420,3178,0.8,2288,2.5,2701,2913,0.9272227943700653,0.18992965568308035,0.22880414661236578,0.5564605701592003,0.40429470566456865,0.28952239911144023,2913,0.40885684860968075,0.349124613800206,0.2238242361826296,1,1
507021165,Fremantle,50702,Fremantle,507,Perth - South West,5GPER,Greater Perth,5,Western Australia,WA,29.5403,43,2167,1059,385,2822,0.8,1952,2.1,6506,7087,0.9180189078594609,0.22963418383031048,0.28220104518905625,0.4903166308023363,0.3230863818014141,0.2113433753458346,7087,0.3059122336672781,0.2953294765062791,0.3709609143502187,1,1
507021166,Fremantle - South,50702,Fremantle,507,Perth - South West,5GPER,Greater Perth,5,Western Australia,WA,7.3037,42,2071,874,350,2387,0.8,1811,2.3,5597,6112,0.9157395287958116,0.2606753618009648,0.3174915133107022,0.46113989637305697,0.28640343040914773,0.16383777023405396,6112,0.349967277486911,0.35831151832460734,0.25736256544502617,1,1
507021167,O'Connor (WA),50702,Fremantle,507,Perth - South West,5GPER,Greater Perth,5,Western Australia,WA,1.6691,50,0,1062,381,0,1.1,1062,1.2,4,9,0.4444444444444444,0.0,0.0,0.0,0.0,0.0,9,0.0,0.0,0.3333333333333333,0,0
507031169,Wellard (West) - Bertram,50703,Kwinana,507,Perth - South West,5GPER,Greater Perth,5,Western Australia,WA,12.448,31,1800,942,350,2207,0.8,2068,3.0,5120,5798,0.8830631252155916,0.126953125,0.1720703125,0.522265625,0.241015625,0.0927734375,5798,0.08796136598827181,0.6126250431183167,0.2806140048292515,1,1
507031170,Calista,50703,Kwinana,507,Perth - South West,5GPER,Greater Perth,5,Western Australia,WA,15.1365,39,1300,594,275,1521,0.7,1213,2.4,2603,2874,0.9057063326374392,0.34152900499423744,0.4279677295428352,0.26162120630042257,0.09757971571263926,0.03495966192854399,2874,0.2174669450243563,0.430062630480167,0.3176757132915797,1,1
507031172,Hope Valley - Postans,50703,Kwinana,507,Perth - South West,5GPER,Greater Perth,5,Western Australia,WA,24.7949,52,833,880,350,1875,0.7,1749,2.8,5,12,0.4166666666666667,0.0,0.0,1.0,0.0,0.0,12,0.0,0.5,0.25,0,0
507031173,Kwinana Industrial,50703,Kwinana,507,Perth - South West,5GPER,Greater Perth,5,Western Australia,WA,16.7145,56,1334,450,300,900,0.8,1124,1.7,8,14,0.5714285714285714,0.625,0.625,0.375,0.375,0.0,14,0.0,0.21428571428571427,0.5714285714285714,0,0
507031174,Parmelia - Orelia,50703,Kwinana,507,Perth - South West,5GPER,Greater Perth,5,Western Australia,WA,7.8295,37,1333,632,270,1543,0.7,1293,2.5,3898,4305,0.905458768873403,0.29810159055926116,0.3896870189840944,0.28604412519240635,0.11005643919958953,0.03386351975371986,4305,0.22578397212543555,0.4418118466898955,0.3059233449477352,1,1
507031261,Casuarina - Wandi,50703,Kwinana,507,Perth - South West,5GPER,Greater Perth,5,Western Australia,WA,43.0889,32,2000,1046,400,2417,0.8,2286,2.9,2383,2660,0.8958646616541354,0.0960973562736047,0.14183801930339907,0.5862358371800251,0.3029794376835921,0.1376416281997482,2660,0.16954887218045112,0.6413533834586466,0.17330827067669172,1,1
507041175,Applecross - Ardross,50704,Melville,507,Perth - South West,5GPER,Greater Perth,5,Western Australia,WA,5.4274,43,2700,1110,475,3168,0.7,2435,2.6,4120,4423,0.9314944607732308,0.16189320388349515,0.2058252427184466,0.5813106796116505,0.4317961165048544,0.3186893203883495,4423,0.43409450599140853,0.29550079131810986,0.24643906850553923,1,1
507041176,Bateman,50704,Melville,507,Perth - South West,5GPER,Greater Perth,5,Western Australia,WA,1.9561,41,2200,852,420,2630,0.8,2284,2.9,1191,1276,0.9333855799373041,0.1746431570109152,0.2225020990764064,0.5566750629722922,0.380352644836272,0.24181360201511334,1276,0.4286833855799373,0.3510971786833856,0.2061128526645768,1,1
507041177,Bicton - Palmyra,50704,Melville,507,Perth - South West,5GPER,Greater Perth,5,Western Australia,WA,6.322,41,2115,994,350,2677,0.7,1842,2.3,5689,6123,0.929119712559203,0.24433116540692565,0.29741606609245913,0.4698541044120232,0.29442784320618737,0.17296537177008262,6123,0.3493385595296423,0.37840927649844847,0.24318144700310304,1,1
507041178,Booragoon,50704,Melville,507,Perth - South West,5GPER,Greater Perth,5,Western Australia,WA,6.7888,42,2600,954,420,2793,0.7,2148,2.5,5484,5922,0.9260385005065856,0.19930707512764406,0.24835886214442013,0.5320933625091174,0.36542669584245074,0.2563822027716995,5922,0.4132049983113813,0.32066869300911854,0.23741979061127996,1,1
507041179,Bull Creek,50704,Melville,507,Perth - South West,5GPER,Greater Perth,5,Western Australia,WA,4.1624,44,2167,756,420,2378,0.8,1880,2.7,2643,2874,0.9196242171189979,0.2395005675368899,0.29814604615966706,0.4786227771471812,0.30798335225122964,0.1853953840332955,2874,0.4046624913013222,0.3034098816979819,0.17710508002783576,1,1
507041180,Leeming,50704,Melville,507,Perth - South West,5GPER,Greater Perth,5,Western Australia,WA,6.6994,42,2167,907,440,2603,0.7,2330,2.8,3539,3817,0.9271679329316217,0.1523029104266742,0.20316473580107375,0.5750211924272394,0.3752472449844589,0.21588019214467363,3817,0.4624050301283731,0.4047681425203039,0.11920356300759759,1,1
507041181,Melville,50704,Melville,507,Perth - South West,5GPER,Greater Perth,5,Western Australia,WA,7.8838,42,2420,995,420,3027,0.7,2292,2.6,5945,6404,0.9283260462211118,0.1969722455845248,0.24188393608074013,0.5564339781328848,0.3942809083263246,0.2694701429772918,6404,0.4156777014366021,0.39366021236727045,0.16880074953154278,1,1
507041182,Murdoch - Kardinya,50704,Melville,507,Perth - South West,5GPER,Greater Perth,5,Western Australia,WA,8.6462,42,2015,740,400,2191,0.7,1824,2.5,4160,4511,0.9221902017291066,0.22788461538461538,0.2915865384615385,0.46033653846153844,0.275,0.159375,4511,0.4262912879627577,0.304367102637996,0.1999556639326092,1,1
507041183,Willagee,50704,Melville,507,Perth - South West,5GPER,Greater Perth,5,Western Australia,WA,2.0887,37,1967,829,283,2393,0.8,1660,2.3,1948,2125,0.9167058823529411,0.3044147843942505,0.3629363449691992,0.4419917864476386,0.2510266940451745,0.10831622176591375,2125,0.19294117647058823,0.408,0.35011764705882353,1,1
507041184,Winthrop,50704,Melville,507,Perth - South West,5GPER,Greater Perth,5,Western Australia,WA,3.4789,45,2317,762,545,2405,0.7,2324,3.0,1798,1966,0.9145473041709054,0.1707452725250278,0.22191323692992213,0.5745272525027809,0.39988876529477196,0.26529477196885426,1966,0.5437436419125127,0.3326551373346897,0.10478128179043744,1,1
507051186,Cooloongup,50705,Rockingham,507,Perth - South West,5GPER,Greater Perth,5,Western Australia,WA,4.9901,42,1300,596,300,1480,0.7,1229,2.4,2924,3278,0.8920073215375229,0.32147742818057456,0.4018467852257182,0.2725718194254446,0.09952120383036936,0.036593707250342,3278,0.3209273947528981,0.4002440512507627,0.25198291641244663,1,1
507051187,Port Kennedy,50705,Rockingham,507,Perth - South West,5GPER,Greater Perth,5,Western Australia,WA,21.2107,36,1700,755,350,2112,0.7,1921,2.8,3906,4488,0.8703208556149733,0.1935483870967742,0.2560163850486431,0.48182283666154635,0.2393753200204813,0.10547875064004096,4488,0.21479500891265596,0.5187165775401069,0.22415329768270945,1,1
507051188,Rockingham,50705,Rockingham,507,Perth - South West,5GPER,Greater Perth,5,Western Australia,WA,35.722,47,1517,692,300,1645,0.7,1147,2.0,6443,7091,0.9086165561979974,0.35914946453515445,0.44901443426975013,0.27720006208288067,0.13083967096073257,0.060065187024677946,7091,0.3445212240868707,0.25539416161331263,0.36412353687773236,1,1
507051189,Rockingham Lakes,50705,Rockingham,507,Perth - South West,5GPER,Greater Perth,5,Western Australia,WA,21.0334,77,0,274,0,450,1.0,450,2.0,0,0,,,,,,,0,,,,0,0
507051190,Safety Bay - Shoalwater,50705,Rockingham,507,Perth - South West,5GPER,Greater Perth,5,Western Australia,WA,7.1927,46,1674,695,300,1846,0.7,1355,2.3,4412,4891,0.9020650173788591,0.31278331822302813,0.38757932910244786,0.3442883046237534,0.1815503173164098,0.08612873980054397,4891,0.3880597014925373,0.3428746677571049,0.24759762829687182,1,1
507051191,Singleton - Golden Bay - Secret Harbour,50705,Rockingham,507,Perth - South West,5GPER,Greater Perth,5,Western Australia,WA,14.5709,33,1950,938,365,2470,0.8,2267,3.0,6185,7160,0.8638268156424581,0.13936944219886824,0.18561034761519807,0.5784963621665319,0.3316087308003234,0.16410670978173,7160,0.18016759776536312,0.5979050279329609,0.20754189944134077,1,1
507051192,Waikiki,50705,Rockingham,507,Perth - South West,5GPER,Greater Perth,5,Western Australia,WA,5.7834,39,1600,740,320,1936,0.7,1612,2.6,4023,4543,0.8855381906229364,0.24260502112851107,0.31021625652498136,0.4054188416604524,0.19463087248322147,0.08973402933134476,4543,0.2890160686770856,0.4615892581994277,0.2291437376183139,1,1
507051193,Warnbro,50705,Rockingham,507,Perth - South West,5GPER,Greater Perth,5,Western Australia,WA,5.6428,38,1517,685,320,1784,0.7,1502,2.6,3520,3916,0.898876404494382,0.25681818181818183,0.33636363636363636,0.36761363636363636,0.16363636363636364,0.06818181818181818,3916,0.258682328907048,0.45658835546475995,0.26327885597548517,1,1
507051312,Baldivis - North,50705,Rockingham,507,Perth - South West,5GPER,Greater Perth,5,Western Australia,WA,57.3058,31,1842,948,350,2192,0.8,1957,2.8,3442,3962,0.8687531549722363,0.15601394538059268,0.20395119116792562,0.4872167344567112,0.23242300987797793,0.10168506682161534,3962,0.15901060070671377,0.5865724381625441,0.23397274103987886,1,1
507051313,Baldivis - South,50705,Rockingham,507,Perth - South West,5GPER,Greater Perth,5,Western Australia,WA,30.0095,32,1915,938,370,2337,0.8,2161,3.0,7328,8441,0.8681435848833077,0.15215611353711792,0.20182860262008734,0.5481713973799127,0.29667030567685587,0.13155021834061134,8441,0.1588674327686293,0.5960194289776093,0.21656201871816136,1,1
507051314,Karnup,50705,Rockingham,507,Perth - South West,5GPER,Greater Perth,5,Western Australia,WA,54.2294,30,1857,895,370,2192,0.8,2122,3.0,563,665,0.8466165413533835,0.10479573712255773,0.16163410301953818,0.5346358792184724,0.24156305506216696,0.11190053285968028,665,0.17593984962406015,0.6120300751879699,0.19699248120300752,1,0
509011225,Albany,50901,Albany,509,Western Australia - Wheat Belt,5RWAU,Rest of WA,5,Western Australia,WA,30.6575,49,1439,708,300,1743,0.7,1246,2.1,5715,6152,0.9289661898569571,0.33280839895013126,0.4138232720909886,0.30288713910761156,0.13560804899387577,0.06334208223972003,6152,0.3694733420026008,0.252925877763329,0.3270481144343303,1,1
509011226,Albany Surrounds,50901,Albany,509,Western Australia - Wheat Belt,5RWAU,Rest of WA,5,Western Australia,WA,4009.0591,45,1800,738,250,1899,0.8,1552,2.5,1133,1275,0.8886274509803922,0.2559576345984113,0.31685789938217124,0.3918799646954987,0.20123565754633715,0.09443954104148279,1275,0.45254901960784316,0.31529411764705884,0.14901960784313725,1,1
509011227,Bayonet Head - Lower King,50901,Albany,509,Western Australia - Wheat Belt,5RWAU,Rest of WA,5,Western Australia,WA,24.871,44,1550,714,340,1709,0.7,1390,2.5,1787,1940,0.9211340206185566,0.28147733631785116,0.3603805260212647,0.34918858421936205,0.14717403469501958,0.06771124790151091,1940,0.411340206185567,0.3865979381443299,0.18298969072164947,1,1
509011228,Denmark,50901,Albany,509,Western Australia - Wheat Belt,5RWAU,Rest of WA,5,Western Australia,WA,1859.8487,50,1517,630,300,1491,0.7,1134,2.3,2094,2362,0.88653683319221,0.35004775549188155,0.44317096466093603,0.2717287488061127,0.12989493791786055,0.06399235912129896,2362,0.4678238780694327,0.27307366638442,0.20491109229466553,1,1
509011229,Gnowangerup,50901,Albany,509,Western Australia - Wheat Belt,5RWAU,Rest of WA,5,Western Australia,WA,15012.8153,39,867,931,180,1980,0.8,1484,2.5,907,1033,0.8780251694094869,0.23042998897464168,0.29768467475192945,0.37816979051819183,0.185226019845645,0.09592061742006615,1033,0.41045498547918685,0.20619554695062922,0.23426911907066797,1,0
509011230,Katanning,50901,Albany,509,Western Australia - Wheat Belt,5RWAU,Rest of WA,5,Western Australia,WA,2647.0202,40,1076,714,200,1649,0.8,1347,2.5,1451,1614,0.8990086741016109,0.2949689869055824,0.3873190902825637,0.31150930392832527,0.1206064782908339,0.052377670572019294,1614,0.3500619578686493,0.3017348203221809,0.2843866171003718,1,1
509011231,Kojonup,50901,Albany,509,Western Australia - Wheat Belt,5RWAU,Rest of WA,5,Western Australia,WA,8554.5095,44,1000,829,179,1890,0.7,1385,2.4,1345,1520,0.8848684210526315,0.2758364312267658,0.3576208178438662,0.3464684014869889,0.17472118959107807,0.09368029739776952,1520,0.4506578947368421,0.19473684210526315,0.22960526315789473,1,1
509011232,Little Grove - Elleker,50901,Albany,509,Western Australia - Wheat Belt,5RWAU,Rest of WA,5,Western Australia,WA,142.6706,48,1700,721,275,1825,0.8,1495,2.4,1163,1289,0.9022498060512025,0.26139294926913154,0.33963886500429924,0.35339638865004297,0.16595012897678418,0.06706792777300086,1289,0.4910783553141971,0.33281613653995346,0.14197051978277736,1,1
509011233,McKail - Willyung,50901,Albany,509,Western Australia - Wheat Belt,5RWAU,Rest of WA,5,Western Australia,WA,101.1998,39,1560,697,295,1725,0.8,1387,2.6,3669,4071,0.9012527634487841,0.2910874897792314,0.3682202234941401,0.3327882256745707,0.13355137639683837,0.050422458435541016,4071,0.3102431834929993,0.40260378285433557,0.2581675264062884,1,1
509011234,Plantagenet,50901,Albany,509,Western Australia - Wheat Belt,5RWAU,Rest of WA,5,Western Australia,WA,4383.8752,48,1278,626,225,1491,0.8,1181,2.3,1768,2001,0.8835582208895553,0.3506787330316742,0.44004524886877827,0.29355203619909503,0.12669683257918551,0.0667420814479638,2001,0.4472763618190905,0.2933533233383308,0.19090454772613694,1,1
509011235,Stirling Range National Park,50901,Albany,509,Western Australia - Wheat Belt,5RWAU,Rest of WA,5,Western Australia,WA,1121.6226,0,0,0,0,0,0.0,0,0.0,0,0,,,,,,,0,,,,0,0
509021236,Chittering,50902,Wheat Belt - North,509,Western Australia - Wheat Belt,5RWAU,Rest of WA,5,Western Australia,WA,1219.9032,44,2100,798,320,2258,0.8,2044,2.8,1653,1926,0.8582554517133957,0.1820931639443436,0.2516636418632789,0.5105868118572293,0.3024803387779794,0.1482153660012099,1926,0.3177570093457944,0.5628245067497404,0.08203530633437175,1,1
509021237,Cunderdin,50902,Wheat Belt - North,509,Western Australia - Wheat Belt,5RWAU,Rest of WA,5,Western Australia,WA,6896.4975,47,1000,638,169,1758,0.7,1248,2.3,1164,1335,0.8719101123595505,0.3316151202749141,0.4183848797250859,0.2972508591065292,0.11597938144329897,0.05670103092783505,1335,0.4666666666666667,0.22696629213483147,0.21198501872659176,1,1
509021238,Dowerin,50902,Wheat Belt - North,509,Western Australia - Wheat Belt,5RWAU,Rest of WA,5,Western Australia,WA,11490.3834,47,867,738,163,1699,0.7,1202,2.2,1391,1557,0.8933847141939627,0.35514018691588783,0.43206326383896476,0.2918763479511143,0.12580877066858376,0.06757728253055356,1557,0.4765574823378292,0.20873474630700065,0.22607578676942838,1,1
509021239,Gingin - Dandaragan,50902,Wheat Belt - North,509,Western Australia - Wheat Belt,5RWAU,Rest of WA,5,Western Australia,WA,9919.9306,50,1644,684,295,1654,0.7,1321,2.3,2814,3282,0.8574040219378428,0.3297796730632552,0.4090262970859986,0.31840796019900497,0.1474769012082445,0.06823027718550106,3282,0.44271785496648386,0.3068251066422913,0.18312004875076174,1,1
509021240,Merredin,50902,Wheat Belt - North,509,Western Australia - Wheat Belt,5RWAU,Rest of WA,5,Western Australia,WA,9827.5053,43,927,796,200,1855,0.7,1387,2.3,1553,1747,0.8889524899828277,0.2865421764327109,0.3573728267868641,0.33676754668383774,0.15067611075338055,0.07018673535093367,1747,0.4127074985689754,0.2604464796794505,0.25987406983400113,1,1
509021241,Moora,50902,Wheat Belt - North,509,Western Australia - Wheat Belt,5RWAU,Rest of WA,5,Western Australia,WA,13538.3952,43,1000,892,214,2051,0.7,1583,2.4,1369,1546,0.8855109961190168,0.2425127830533236,0.3140978816654492,0.40321402483564645,0.19941563184806427,0.09203798392987582,1546,0.4269081500646831,0.23997412677878396,0.2335058214747736,1,1
509021242,Mukinbudin,50902,Wheat Belt - North,509,Western Australia - Wheat Belt,5RWAU,Rest of WA,5,Western Australia,WA,50176.9809,47,719,853,133,1671,0.7,1286,2.1,958,1092,0.8772893772893773,0.31210855949895616,0.3893528183716075,0.3173277661795407,0.14822546972860126,0.06889352818371608,1092,0.4826007326007326,0.15567765567765568,0.2326007326007326,1,0
509021243,Northam,50902,Wheat Belt - North,509,Western Australia - Wheat Belt,5RWAU,Rest of WA,5,Western Australia,WA,1431.2215,43,1393,660,250,1631,0.7,1316,2.4,3619,4070,0.8891891891891892,0.31638574191765684,0.39320254213871236,0.32578060237634704,0.14755457308648798,0.0668693009118541,4070,0.3609336609336609,0.36584766584766587,0.23194103194103194,1,1
509021244,Toodyay,50902,Wheat Belt - North,509,Western Australia - Wheat Belt,5RWAU,Rest of WA,5,Western Australia,WA,1691.6485,54,1564,624,285,1579,0.7,1272,2.3,1542,1749,0.8816466552315609,0.3151750972762646,0.4066147859922179,0.31971465629053175,0.1517509727626459,0.0622568093385214,1749,0.4276729559748428,0.39622641509433965,0.11377930245854774,1,1
509021245,York - Beverley,50902,Wheat Belt - North,509,Western Australia - Wheat Belt,5RWAU,Rest of WA,5,Western Australia,WA,4502.1111,56,1300,592,250,1483,0.7,1102,2.2,1880,2094,0.897803247373448,0.3776595744680851,0.4675531914893617,0.2712765957446808,0.1148936170212766,0.05797872340425532,2094,0.501432664756447,0.28605539637058264,0.14851957975167143,1,1
509031246,Brookton,50903,Wheat Belt - South,509,Western Australia - Wheat Belt,5RWAU,Rest of WA,5,Western Australia,WA,7480.8608,50,1083,693,200,1678,0.7,1258,2.3,1176,1345,0.8743494423791821,0.3324829931972789,0.413265306122449,0.3129251700680272,0.14795918367346939,0.06887755102040816,1345,0.48698884758364314,0.22304832713754646,0.20520446096654274,1,1
509031247,Kulin,50903,Wheat Belt - South,509,Western Australia - Wheat Belt,5RWAU,Rest of WA,5,Western Australia,WA,28626.1667,44,743,897,160,1947,0.7,1480,2.4,1293,1503,0.8602794411177644,0.24052590873936583,0.3248259860788863,0.3565351894818252,0.16550657385924208,0.07888631090487239,1503,0.49434464404524286,0.18163672654690619,0.19760479041916168,1,1
509031248,Murray,50903,Wheat Belt - South,509,Western Australia - Wheat Belt,5RWAU,Rest of WA,5,Western Australia,WA,2746.4237,45,1733,774,280,2074,0.7,1644,2.5,727,837,0.8685782556750299,0.27785419532324623,0.33700137551581844,0.41127922971114167,0.21182943603851445,0.11004126547455295,837,0.3751493428912784,0.32974910394265233,0.25448028673835127,1,0
509031249,Narrogin,50903,Wheat Belt - South,509,Western Australia - Wheat Belt,5RWAU,Rest of WA,5,Western Australia,WA,509.3037,43,1170,726,240,1802,0.7,1294,2.2,1494,1678,0.8903456495828367,0.3099062918340027,0.3908969210174029,0.31994645247657294,0.1499330655957162,0.06492637215528782,1678,0.3557806912991657,0.28486293206197855,0.3081048867699642,1,1
509031250,Wagin,50903,Wheat Belt - South,509,Western Australia - Wheat Belt,5RWAU,Rest of WA,5,Western Australia,WA,9400.051,48,1083,779,190,1814,0.7,1355,2.3,1624,1849,0.8783126014061655,0.30049261083743845,0.37007389162561577,0.3288177339901478,0.15517241379310345,0.07635467980295567,1849,0.4770146024878313,0.24770146024878312,0.18442401297998917,1,1
510011262,Broome,51001,Kimberley,510,Western Australia - Outback (North),5RWAU,Rest of WA,5,Western Australia,WA,50.0425,34,2167,1164,330,2623,0.9,2222,2.7,3860,4532,0.851721094439541,0.17150259067357512,0.21139896373056996,0.5632124352331607,0.32512953367875647,0.16036269430051814,4532,0.14916151809355693,0.28596646072374227,0.5072815533980582,1,1
510011263,Derby - West Kimberley,51001,Kimberley,510,Western Australia - Outback (North),5RWAU,Rest of WA,5,Western Australia,WA,110798.9156,32,1629,461,100,1036,1.0,1327,2.8,1608,1836,0.8758169934640523,0.31218905472636815,0.38681592039800994,0.2966417910447761,0.13930348258706468,0.05845771144278607,1836,0.09531590413943355,0.07298474945533769,0.7233115468409586,1,1
510011264,Halls Creek,51001,Kimberley,510,Western Australia - Outback (North),5RWAU,Rest of WA,5,Western Australia,WA,135345.3368,29,1600,362,90,785,1.3,1096,3.3,773,909,0.8503850385038504,0.35834411384217335,0.4553686934023286,0.2186287192755498,0.07373868046571798,0.028460543337645538,909,0.0704070407040704,0.013201320132013201,0.7293729372937293,1,0
510011265,Kununurra,51001,Kimberley,510,Western Australia - Outback (North),5RWAU,Rest of WA,5,Western Australia,WA,117707.2878,33,2000,1016,230,2082,1.0,1858,2.7,1812,2122,0.8539114043355325,0.1986754966887417,0.25275938189845476,0.4624724061810154,0.23951434878587197,0.11589403973509933,2122,0.147502356267672,0.14278982092365694,0.6008482563619227,1,1
510011266,Roebuck,51001,Kimberley,510,Western Australia - Outback (North),5RWAU,Rest of WA,5,Western Australia,WA,55343.5055,31,2167,471,100,1017,1.2,1140,3.0,557,640,0.8703125,0.362657091561939,0.43447037701974867,0.26570915619389585,0.13464991023339318,0.05565529622980251,640,0.15,0.08125,0.6125,1,0
510021267,East Pilbara,51002,East Pilbara,510,Western Australia - Outback (North),5RWAU,Rest of WA,5,Western Australia,WA,390578.4788,36,2435,1801,70,752,1.3,1159,3.3,392,437,0.897025171624714,0.336734693877551,0.43112244897959184,0.26785714285714285,0.15306122448979592,0.09183673469387756,437,0.11212814645308924,0.08924485125858124,0.6155606407322655,0,0
510021268,Newman,51002,East Pilbara,510,Western Australia - Outback (North),5RWAU,Rest of WA,5,Western Australia,WA,17.0749,31,1032,1624,110,3359,0.9,2995,2.7,1156,1305,0.885823754789272,0.031141868512110725,0.045847750865051905,0.7508650519031141,0.5017301038062284,0.2820069204152249,1305,0.059770114942528735,0.05517241379310345,0.7647509578544062,1,1
510021269,Port Hedland,51002,East Pilbara,510,Western Australia - Outback (North),5RWAU,Rest of WA,5,Western Australia,WA,94.1758,34,1833,1841,210,3940,0.9,3402,2.5,1248,1389,0.8984881209503239,0.055288461538461536,0.06650641025641026,0.8052884615384616,0.6073717948717948,0.3942307692307692,1389,0.08207343412526998,0.12958963282937366,0.6702663786897048,1,1
510021270,South Hedland,51002,East Pilbara,510,Western Australia - Outback (North),5RWAU,Rest of WA,5,Western Australia,WA,22.2565,32,1387,1415,240,3024,0.9,2586,2.7,2972,3377,0.8800710689961504,0.0958950201884253,0.12079407806191117,0.6779946164199192,0.430349932705249,0.23586810228802155,3377,0.06899615042937518,0.18892508143322476,0.6733787385253184,1,1
510031271,Ashburton (WA),51003,West Pilbara,510,Western Australia - Outback (North),5RWAU,Rest of WA,5,Western Australia,WA,100827.0317,34,1613,1865,48,3310,0.9,2937,2.7,1393,1581,0.8810879190385832,0.07753050969131371,0.09404163675520459,0.7659727207465901,0.49246231155778897,0.2605886575735822,1581,0.07400379506641366,0.031625553447185324,0.7596457938013915,1,1
510031272,Karratha,51003,West Pilbara,510,Western Australia - Outback (North),5RWAU,Rest of WA,5,Western Australia,WA,134.2041,32,1972,1570,320,3497,0.9,3194,2.8,4517,5062,0.8923350454365864,0.05003320788133717,0.06619437679876024,0.7684303741421298,0.5492583573168032,0.353110471551915,5062,0.06222836823389964,0.2538522323192414,0.5995653891742394,1,1
510031273,Roebourne,51003,West Pilbara,510,Western Australia - Outback (North),5RWAU,Rest of WA,5,Western Australia,WA,15104.8531,34,2167,1425,150,3285,0.9,2983,2.9,1121,1244,0.9011254019292605,0.11953612845673506,0.15611061552185548,0.6788581623550402,0.49687778768956287,0.32292595896520965,1244,0.1045016077170418,0.18569131832797428,0.637459807073955,1,1
511011274,Esperance,51101,Esperance,511,Western Australia - Outback (South),5RWAU,Rest of WA,5,Western Australia,WA,479.8669,42,1600,785,270,2017,0.7,1492,2.4,3862,4379,0.8819365151861156,0.2796478508544795,0.3448990160538581,0.38373899533920247,0.18384256861729673,0.08441222164681512,4379,0.34071705868919844,0.31947933318109156,0.3000685087919616,1,1
511011275,Esperance Surrounds,51101,Esperance,511,Western Australia - Outback (South),5RWAU,Rest of WA,5,Western Australia,WA,55180.793,41,1040,960,233,2004,0.7,1653,2.4,1211,1398,0.8662374821173104,0.23864574731626756,0.3014037985136251,0.4071015689512799,0.20478943022295623,0.10074318744838975,1398,0.39842632331902716,0.15450643776824036,0.21888412017167383,1,1
511021276,Carnarvon,51102,Gascoyne,511,Western Australia - Outback (South),5RWAU,Rest of WA,5,Western Australia,WA,78.2669,41,1300,782,215,1898,0.8,1416,2.3,1475,1662,0.8874849578820698,0.29559322033898305,0.3728813559322034,0.3586440677966102,0.17355932203389832,0.08067796610169492,1662,0.3038507821901324,0.2226233453670277,0.4193742478941035,1,1
511021277,Exmouth,51102,Gascoyne,511,Western Australia - Outback (South),5RWAU,Rest of WA,5,Western Australia,WA,134986.3501,37,1950,905,263,2107,0.9,1727,2.4,1359,1629,0.8342541436464088,0.23178807947019867,0.30022075055187636,0.43414275202354674,0.21118469462840322,0.09860191317144959,1629,0.2627378759975445,0.2480049109883364,0.39103744628606507,1,1
511031278,Boulder,51103,Goldfields,511,Western Australia - Outback (South),5RWAU,Rest of WA,5,Western Australia,WA,13.0881,35,1309,1014,300,2375,0.8,2001,2.5,2101,2329,0.9021039072563332,0.18372203712517848,0.23607805806758686,0.4973821989528796,0.2555925749643027,0.1185149928605426,2329,0.21726062687848863,0.41305281236582225,0.3293258909403177,1,1
511031279,Kalgoorlie,51103,Goldfields,511,Western Australia - Outback (South),5RWAU,Rest of WA,5,Western Australia,WA,23.4948,34,1700,1208,300,2924,0.8,2374,2.6,4043,4538,0.8909211106214191,0.13851100667820926,0.17536482809794707,0.6109324758842444,0.3786791986148899,0.2090032154340836,4538,0.17144116350815336,0.4076685764654033,0.38056412516527105,1,1
511031280,Kalgoorlie - North,51103,Goldfields,511,Western Australia - Outback (South),5RWAU,Rest of WA,5,Western Australia,WA,31.0652,33,1730,1369,330,3029,0.8,2514,2.6,2810,3104,0.9052835051546392,0.12135231316725979,0.15587188612099645,0.6491103202846975,0.4096085409252669,0.2288256227758007,3104,0.17268041237113402,0.41881443298969073,0.37725515463917525,1,1
511031281,Kalgoorlie Airport,51103,Goldfields,511,Western Australia - Outback (South),5RWAU,Rest of WA,5,Western Australia,WA,7.4496,0,0,0,0,0,0.0,0,0.0,0,0,,,,,,,0,,,,0,0
511031282,Kambalda - Coolgardie - Norseman,51103,Goldfields,511,Western Australia - Outback (South),5RWAU,Rest of WA,5,Western Australia,WA,218581.6465,39,944,893,200,2199,0.7,1627,2.2,1214,1401,0.8665239114917915,0.30807248764415157,0.371499176276771,0.4242174629324547,0.2298187808896211,0.12932454695222406,1401,0.30692362598144185,0.2833690221270521,0.3361884368308351,1,1
511031283,Leinster - Leonora,51103,Goldfields,511,Western Australia - Outback (South),5RWAU,Rest of WA,5,Western Australia,WA,495840.4144,35,634,900,70,1205,1.0,1405,2.8,779,905,0.8607734806629834,0.28498074454428757,0.3581514762516046,0.3247753530166881,0.15917843388960207,0.07060333761232349,905,0.11712707182320442,0.04640883977900553,0.6066298342541436,1,0
511031284,Trafalgar (WA),51103,Goldfields,511,Western Australia - Outback (South),5RWAU,Rest of WA,5,Western Australia,WA,27.6123,0,0,0,0,0,0.0,0,0.0,0,0,,,,,,,0,,,,0,0
511041285,Geraldton,51104,Mid West,511,Western Australia - Outback (South),5RWAU,Rest of WA,5,Western Australia,WA,21.8752,46,1300,666,230,1638,0.7,1143,2.1,4466,4890,0.9132924335378323,0.3638602776533811,0.44670846394984326,0.2781012091356919,0.12561576354679804,0.06224809673085535,4890,0.3310838445807771,0.23865030674846627,0.38588957055214723,1,1
511041286,Geraldton - East,51104,Mid West,511,Western Australia - Outback (South),5RWAU,Rest of WA,5,Western Australia,WA,80.9732,37,1517,721,225,1897,0.8,1553,2.7,2196,2523,0.8703923900118906,0.2609289617486339,0.3465391621129326,0.3911657559198543,0.20127504553734063,0.08469945355191257,2523,0.3166864843440349,0.4359889021006738,0.21125644074514466,1,1
511041287,Geraldton - North,51104,Mid West,511,Western Australia - Outback (South),5RWAU,Rest of WA,5,Western Australia,WA,143.0266,36,1733,871,310,2199,0.7,1915,2.7,2478,2904,0.8533057851239669,0.21670702179176757,0.27280064568200163,0.4830508474576271,0.23527037933817596,0.10048426150121065,2904,0.30509641873278237,0.4201101928374656,0.24965564738292012,1,1
511041288,Geraldton - South,51104,Mid West,511,Western Australia - Outback (South),5RWAU,Rest of WA,5,Western Australia,WA,26.2854,38,1661,947,300,2274,0.7,1982,2.6,3310,3710,0.8921832884097035,0.1906344410876133,0.24501510574018126,0.49667673716012084,0.25196374622356493,0.10996978851963746,3710,0.29245283018867924,0.39838274932614554,0.27547169811320754,1,1
511041289,Irwin,51104,Mid West,511,Western Australia - Outback (South),5RWAU,Rest of WA,5,Western Australia,WA,2369.3298,53,1537,626,250,1598,0.7,1168,2.2,1228,1437,0.8545581071677105,0.36726384364820847,0.4495114006514658,0.30537459283387625,0.1498371335504886,0.06921824104234528,1437,0.4523312456506611,0.24704244954766874,0.24008350730688935,1,1
511041290,Meekatharra,51104,Mid West,511,Western Australia - Outback (South),5RWAU,Rest of WA,5,Western Australia,WA,414527.0473,38,650,1024,120,1351,0.8,1202,2.2,579,685,0.8452554744525548,0.3696027633851468,0.4265975820379965,0.25906735751295334,0.10189982728842832,0.04145077720207254,685,0.29781021897810217,0.07007299270072993,0.4058394160583942,1,0
511041291,Morawa,51104,Mid West,511,Western Australia - Outback (South),5RWAU,Rest of WA,5,Western Australia,WA,23464.3302,47,800,768,175,1684,0.7,1310,2.2,1199,1339,0.8954443614637789,0.30525437864887406,0.390325271059216,0.31359466221851545,0.14261884904086738,0.07422852376980818,1339,0.48469006721433905,0.19044062733383121,0.2083644510828977,1,1
511041292,Northampton - Mullewa - Greenough,51104,Mid West,511,Western Australia - Outback (South),5RWAU,Rest of WA,5,Western Australia,WA,26161.8873,50,1400,664,225,1639,0.8,1276,2.3,1768,2020,0.8752475247524752,0.32918552036199095,0.4089366515837104,0.3093891402714932,0.14536199095022626,0.06165158371040724,2020,0.47475247524752473,0.24801980198019802,0.1797029702970297,1,1
597979799,Migratory - Offshore - Shipping (WA),59797,Migratory - Offshore - Shipping (WA),597,Migratory - Offshore - Shipping (WA),59799,Migratory - Offshore - Shipping (WA),5,Western Australia,WA,nan,40,1733,2123,0,1375,0.7,2250,1.7,0,3,0.0,,,,,,3,0.0,0.0,0.0,0,0
599999499,No usual address (WA),59999,No usual address (WA),599,No usual address (WA),59499,No usual address (WA),5,Western Australia,WA,nan,0,0,0,0,0,0.0,0,0.0,0,0,,,,,,,0,,,,0,0
601011001,Bridgewater - Gagebrook,60101,Brighton,601,Hobart,6GHOB,Greater Hobart,6,Tasmania,TAS,55.7463,31,1083,519,250,1135,0.9,971,2.6,2628,2896,0.9074585635359116,0.417427701674277,0.512937595129376,0.1704718417047184,0.05555555555555555,0.0243531202435312,2896,0.17852209944751382,0.2316988950276243,0.555939226519337,1,1
601011002,Brighton - Pontville,60101,Brighton,601,Hobart,6GHOB,Greater Hobart,6,Tasmania,TAS,88.7598,35,1508,833,350,1887,0.8,1630,2.7,2197,2359,0.9313268334039847,0.20436959490213927,0.2753755120619026,0.39144287664997723,0.1574874829312699,0.06281292671825216,2359,0.2708774904620602,0.5273420941076727,0.18524798643493007,1,1
601011003,Old Beach - Otago,60101,Brighton,601,Hobart,6GHOB,Greater Hobart,6,Tasmania,TAS,31.5716,41,1517,883,400,2125,0.8,1875,2.6,1736,1839,0.9439912996193583,0.17338709677419356,0.24078341013824886,0.4671658986175115,0.20391705069124424,0.0858294930875576,1839,0.3735725938009788,0.49972811310494836,0.11038607939097335,1,1
601021004,Bellerive - Rosny,60102,Hobart - North East,601,Hobart,6GHOB,Greater Hobart,6,Tasmania,TAS,4.7182,44,1600,837,360,2027,0.8,1512,2.2,2626,2767,0.9490422840621612,0.2692307692307692,0.32977913175932977,0.37242955064737243,0.1984006092916984,0.09900990099009901,2767,0.4322370798698952,0.2663534513913986,0.27936393205637877,1,1
601021005,Cambridge,60102,Hobart - North East,601,Hobart,6GHOB,Greater Hobart,6,Tasmania,TAS,101.7067,43,1800,983,400,2445,0.8,2191,2.8,2793,3021,0.9245283018867925,0.1561045470819907,0.19906910132474043,0.5506623702112424,0.3225921947726459,0.16684568564267813,3021,0.407149950347567,0.4779874213836478,0.07613373055279708,1,1
601021006,Geilston Bay - Risdon,60102,Hobart - North East,601,Hobart,6GHOB,Greater Hobart,6,Tasmania,TAS,8.7147,41,1625,886,380,2164,0.8,1742,2.4,1318,1402,0.9400855920114123,0.2116843702579666,0.2738998482549317,0.4377845220030349,0.21471927162367224,0.08421851289833081,1402,0.37375178316690444,0.43509272467902993,0.17261055634807418,1,1
601021007,Howrah - Tranmere,60102,Hobart - North East,601,Hobart,6GHOB,Greater Hobart,6,Tasmania,TAS,9.4115,43,1733,890,420,2194,0.7,1787,2.5,4321,4598,0.9397564158329709,0.19486230039342745,0.2647535292756306,0.4529044202730849,0.25040499884286044,0.11964822957648692,4598,0.4391039582427142,0.3740756850804698,0.17159634623749456,1,1
601021008,Lindisfarne - Rose Bay,60102,Hobart - North East,601,Hobart,6GHOB,Greater Hobart,6,Tasmania,TAS,7.9977,47,1620,832,400,2004,0.8,1588,2.3,2916,3100,0.9406451612903226,0.2366255144032922,0.3151577503429355,0.39163237311385457,0.20473251028806586,0.0953360768175583,3100,0.4003225806451613,0.31,0.22258064516129034,1,1
601021009,Mornington - Warrane,60102,Hobart - North East,601,Hobart,6GHOB,Greater Hobart,6,Tasmania,TAS,8.2145,36,1300,636,310,1539,0.8,1258,2.3,1875,1998,0.9384384384384384,0.3237333333333333,0.41013333333333335,0.2736,0.09493333333333333,0.0304,1998,0.23623623623623624,0.3153153153153153,0.4134134134134134,1,1
601021010,Risdon Vale,60102,Hobart - North East,601,Hobart,6GHOB,Greater Hobart,6,Tasmania,TAS,35.4878,35,1083,589,320,1318,0.8,1104,2.4,1080,1140,0.9473684210526315,0.34629629629629627,0.45740740740740743,0.2037037037037037,0.053703703703703705,0.025,1140,0.28771929824561404,0.36929824561403507,0.30701754385964913,1,1
601021011,Rokeby,60102,Hobart - North East,601,Hobart,6GHOB,Greater Hobart,6,Tasmania,TAS,15.4232,31,1387,728,325,1542,0.8,1321,2.5,2799,2991,0.9358074222668004,0.28188638799571275,0.37263308324401573,0.29546266523758485,0.09289031797070382,0.029296177206145052,2991,0.18756268806419257,0.3921765295887663,0.3998662654630558,1,1
601021012,South Arm,60102,Hobart - North East,601,Hobart,6GHOB,Greater Hobart,6,Tasmania,TAS,74.2681,45,1600,916,370,2195,0.8,1934,2.6,1553,1666,0.9321728691476591,0.17707662588538314,0.2343850611719253,0.48100450740502254,0.2446877012234385,0.11139729555698648,1666,0.429171668667467,0.4657863145258103,0.0894357743097239,1,1
601031013,Austins Ferry - Granton,60103,Hobart - North West,601,Hobart,6GHOB,Greater Hobart,6,Tasmania,TAS,27.3675,40,1523,807,350,2037,0.8,1817,2.7,1459,1572,0.928117048346056,0.1864290610006854,0.26182316655243315,0.44482522275531183,0.18985606579849212,0.06922549691569568,1572,0.3422391857506361,0.49300254452926207,0.15076335877862596,1,1
601031014,Berriedale - Chigwell,60103,Hobart - North West,601,Hobart,6GHOB,Greater Hobart,6,Tasmania,TAS,34.0496,38,1300,695,310,1571,0.8,1296,2.4,2086,2239,0.9316659222867352,0.2938638542665388,0.3782358581016299,0.2909875359539789,0.1112176414189837,0.042665388302972194,2239,0.3054935238945958,0.36623492630638677,0.3032603841000447,1,1
601031015,Claremont (Tas.),60103,Hobart - North West,601,Hobart,6GHOB,Greater Hobart,6,Tasmania,TAS,17.9226,38,1300,675,320,1591,0.8,1241,2.3,3172,3403,0.9321187187775493,0.32471626733921816,0.408890290037831,0.292875157629256,0.11002522068095838,0.04066834804539723,3403,0.2803408756979136,0.31913017925359977,0.34910373200117545,1,1
601031016,Derwent Park - Lutana,60103,Hobart - North West,601,Hobart,6GHOB,Greater Hobart,6,Tasmania,TAS,4.9191,35,1300,680,325,1517,0.9,1301,2.4,1680,1811,0.9276642738818333,0.30892857142857144,0.3964285714285714,0.29285714285714287,0.10714285714285714,0.04702380952380952,1811,0.27498619547211484,0.2965212589729431,0.4030922142462728,1,1
601031017,Glenorchy,60103,Hobart - North West,601,Hobart,6GHOB,Greater Hobart,6,Tasmania,TAS,10.4597,35,1300,618,320,1439,0.9,1151,2.3,4603,4943,0.9312158608132713,0.35542037801433846,0.44340647403867045,0.2609167933956116,0.09928307625461655,0.03888768194655659,4943,0.25874974711713533,0.26805583653651627,0.4361723649605503,1,1
601031018,Montrose - Rosetta,60103,Hobart - North West,601,Hobart,6GHOB,Greater Hobart,6,Tasmania,TAS,5.7328,41,1448,734,350,1761,0.8,1434,2.4,1889,2037,0.9273441335297006,0.25886712546320806,0.33298041291688724,0.3393329804129169,0.14452091053467442,0.05029115934356802,2037,0.3559155621011291,0.33431516936671574,0.28424153166421207,1,1
601031019,Moonah,60103,Hobart - North West,601,Hobart,6GHOB,Greater Hobart,6,Tasmania,TAS,2.794,35,1387,733,330,1769,0.9,1418,2.4,2159,2289,0.9432066404543469,0.2908754052802223,0.3668364983788791,0.34043538675312646,0.14080592867068087,0.05094951366373321,2289,0.27217125382262997,0.308431629532547,0.3905635648754915,1,1
601031020,New Norfolk,60103,Hobart - North West,601,Hobart,6GHOB,Greater Hobart,6,Tasmania,TAS,63.2641,40,1200,601,290,1464,0.8,1178,2.4,2565,2807,0.9137869611685073,0.3477582846003899,0.43391812865497076,0.2510721247563353,0.08654970760233918,0.030799220272904482,2807,0.32276451727823297,0.3762023512646954,0.2728892055575347,1,1
601031021,West Moonah,60103,Hobart - North West,601,Hobart,6GHOB,Greater Hobart,6,Tasmania,TAS,1.7875,34,1430,726,340,1715,0.9,1494,2.6,1554,1679,0.9255509231685527,0.2471042471042471,0.323037323037323,0.35714285714285715,0.15508365508365507,0.05662805662805663,1679,0.27754615842763547,0.2912447885646218,0.4103633114949375,1,1
601041022,Kingston - Huntingfield,60104,Hobart - South and West,601,Hobart,6GHOB,Greater Hobart,6,Tasmania,TAS,61.8202,36,1626,757,380,1908,0.8,1544,2.5,4870,5182,0.9397915862601313,0.24969199178644763,0.32217659137577004,0.3809034907597536,0.1728952772073922,0.07494866529774127,5182,0.32940949440370515,0.3598996526437669,0.28077962176765725,1,1
601041023,Kingston Beach - Blackmans Bay,60104,Hobart - South and West,601,Hobart,6GHOB,Greater Hobart,6,Tasmania,TAS,22.2736,43,1685,882,400,2147,0.8,1778,2.5,3945,4224,0.9339488636363636,0.19315589353612167,0.2585551330798479,0.4423320659062104,0.2458808618504436,0.12648922686945502,4224,0.4356060606060606,0.3425662878787879,0.2050189393939394,1,1
601041024,Margate - Snug,60104,Hobart - South and West,601,Hobart,6GHOB,Greater Hobart,6,Tasmania,TAS,146.2328,39,1625,813,370,2122,0.9,1853,2.8,2748,2940,0.9346938775510204,0.18995633187772926,0.25436681222707425,0.4632459970887918,0.2183406113537118,0.0920669577874818,2940,0.3704081632653061,0.45510204081632655,0.14387755102040817,1,1
601041025,Mount Wellington,60104,Hobart - South and West,601,Hobart,6GHOB,Greater Hobart,6,Tasmania,TAS,90.163,0,0,0,0,0,0.0,0,0.0,0,0,,,,,,,0,,,,0,0
601041026,Taroona - Bonnet Hill,60104,Hobart - South and West,601,Hobart,6GHOB,Greater Hobart,6,Tasmania,TAS,8.0166,47,1785,875,425,2402,0.8,1910,2.5,1292,1369,0.943754565376187,0.21052631578947367,0.2453560371517028,0.4775541795665635,0.28560371517027866,0.15789473684210525,1369,0.49452154857560265,0.3294375456537619,0.13805697589481372,1,1
601051027,Hobart,60105,Hobart Inner,601,Hobart,6GHOB,Greater Hobart,6,Tasmania,TAS,6.6174,34,1800,845,415,2222,0.9,1741,2.1,3361,3548,0.9472942502818489,0.22820589110383815,0.2906872954477834,0.4346920559357334,0.24248735495388277,0.1380541505504314,3548,0.25591882750845546,0.16770011273957158,0.5456595264937993,1,1
601051028,Lenah Valley - Mount Stuart,60105,Hobart Inner,601,Hobart,6GHOB,Greater Hobart,6,Tasmania,TAS,9.799,38,1664,942,370,2356,0.8,1916,2.5,3346,3572,0.9367301231802911,0.20173341303048417,0.26060968320382544,0.48206814106395696,0.2800358637178721,0.13209802749551702,3572,0.36478163493840987,0.3572228443449048,0.261478163493841,1,1
601051029,Mount Nelson - Dynnyrne,60105,Hobart Inner,601,Hobart,6GHOB,Greater Hobart,6,Tasmania,TAS,7.9217,37,1820,806,360,2316,0.8,1873,2.5,1695,1813,0.9349145063430778,0.19233038348082596,0.24542772861356932,0.4648967551622419,0.2926253687315634,0.1728613569321534,1813,0.3739658025372311,0.32763375620518476,0.277992277992278,1,1
601051030,New Town,60105,Hobart Inner,601,Hobart,6GHOB,Greater Hobart,6,Tasmania,TAS,3.8167,38,1772,800,340,2089,0.9,1621,2.3,2472,2608,0.9478527607361963,0.24959546925566342,0.3074433656957929,0.404126213592233,0.22289644012944984,0.12135922330097088,2608,0.3090490797546012,0.2641871165644172,0.40337423312883436,1,1
601051031,Sandy Bay,60105,Hobart Inner,601,Hobart,6GHOB,Greater Hobart,6,Tasmania,TAS,6.9463,39,2167,887,419,2417,0.8,1913,2.4,4444,4747,0.9361702127659575,0.19734473447344736,0.25292529252925294,0.4815481548154815,0.29815481548154815,0.20364536453645365,4747,0.40994312197177163,0.20960606698967768,0.33768696018538025,1,1
601051032,South Hobart - Fern Tree,60105,Hobart Inner,601,Hobart,6GHOB,Greater Hobart,6,Tasmania,TAS,23.4873,39,1625,902,380,2294,0.9,1827,2.4,2446,2599,0.9411312043093497,0.19255928045789045,0.2583810302534751,0.45584627964022895,0.26287816843826656,0.13246116107931316,2599,0.3555213543670643,0.3216621777606772,0.28203155059638324,1,1
601051033,West Hobart,60105,Hobart Inner,601,Hobart,6GHOB,Greater Hobart,6,Tasmania,TAS,3.623,38,1950,995,400,2493,0.9,1994,2.3,2453,2616,0.9376911314984709,0.19282511210762332,0.2490827558092132,0.49898083978801466,0.2984101100693029,0.16836526701997553,2616,0.34021406727828746,0.29090214067278286,0.345565749235474,1,1
601061034,Dodges Ferry - Lewisham,60106,Sorell - Dodges Ferry,601,Hobart,6GHOB,Greater Hobart,6,Tasmania,TAS,318.3924,43,1300,721,330,1694,0.8,1373,2.4,3048,3300,0.9236363636363636,0.28510498687664043,0.3631889763779528,0.3166010498687664,0.12270341207349081,0.045275590551181105,3300,0.38151515151515153,0.44363636363636366,0.1384848484848485,1,1
601061035,Sorell - Richmond,60106,Sorell - Dodges Ferry,601,Hobart,6GHOB,Greater Hobart,6,Tasmania,TAS,375.9341,42,1506,738,355,1764,0.8,1439,2.4,3660,3900,0.9384615384615385,0.26557377049180325,0.3445355191256831,0.34590163934426227,0.13934426229508196,0.05327868852459016,3900,0.3535897435897436,0.4058974358974359,0.21615384615384614,1,1
602011036,Invermay,60201,Launceston,602,Launceston and North East,6RTAS,Rest of Tas.,6,Tasmania,TAS,4.0281,33,1092,626,285,1491,0.9,1128,2.2,1231,1342,0.9172876304023845,0.34930950446791226,0.4427294882209586,0.255889520714866,0.08285946385052803,0.022745735174654752,1342,0.23546944858420268,0.22950819672131148,0.5089418777943369,1,1
602011037,Kings Meadows - Punchbowl,60201,Launceston,602,Launceston and North East,6RTAS,Rest of Tas.,6,Tasmania,TAS,5.7589,38,1300,719,306,1703,0.8,1298,2.3,1888,2027,0.9314257523433646,0.3024364406779661,0.3781779661016949,0.3103813559322034,0.13029661016949154,0.05190677966101695,2027,0.28663048840651206,0.33695115934879133,0.3359644795263937,1,1
602011038,Launceston,60201,Launceston,602,Launceston and North East,6RTAS,Rest of Tas.,6,Tasmania,TAS,5.2803,41,1571,894,320,2186,0.8,1581,2.1,2168,2290,0.9467248908296944,0.23477859778597787,0.3039667896678967,0.3966789667896679,0.21863468634686348,0.139760147601476,2290,0.33362445414847164,0.21179039301310043,0.437117903930131,1,1
602011039,Legana,60201,Launceston,602,Launceston and North East,6RTAS,Rest of Tas.,6,Tasmania,TAS,33.697,41,1517,773,350,1955,0.8,1636,2.6,1647,1753,0.939532230462065,0.2374013357619915,0.29993928354584093,0.4019429265330905,0.1809350333940498,0.07285974499089254,1753,0.40387906446092414,0.41985168282943525,0.15345122646891043,1,1
602011040,Mowbray,60201,Launceston,602,Launceston and North East,6RTAS,Rest of Tas.,6,Tasmania,TAS,9.2817,32,1050,583,290,1355,0.9,1138,2.5,1412,1545,0.913915857605178,0.33923512747875356,0.4475920679886686,0.21671388101983002,0.06657223796033994,0.021954674220963172,1545,0.2401294498381877,0.22071197411003235,0.4809061488673139,1,1
602011041,Newnham - Mayfield,60201,Launceston,602,Launceston and North East,6RTAS,Rest of Tas.,6,Tasmania,TAS,23.5924,34,1170,575,250,1332,0.8,1112,2.5,3294,3545,0.9291960507757405,0.35397692774741957,0.4493017607771706,0.22556162720097148,0.07802064359441409,0.02580449301760777,3545,0.25867418899858957,0.2846262341325811,0.42482369534555714,1,1
602011042,Newstead,60201,Launceston,602,Launceston and North East,6RTAS,Rest of Tas.,6,Tasmania,TAS,3.6874,43,1408,783,310,2117,0.8,1452,2.3,2046,2194,0.9325432999088423,0.28347996089931576,0.36314760508308896,0.37438905180840665,0.2126099706744868,0.10948191593352884,2194,0.36964448495897906,0.2866909753874202,0.2739288969917958,1,1
602011043,Norwood (Tas.),60201,Launceston,602,Launceston and North East,6RTAS,Rest of Tas.,6,Tasmania,TAS,3.9851,47,1372,699,320,1883,0.7,1463,2.3,1490,1563,0.9532949456174025,0.28859060402684567,0.35906040268456374,0.35704697986577183,0.16644295302013423,0.07315436241610739,1563,0.42226487523992323,0.3346129238643634,0.1765834932821497,1,1
602011044,Prospect Vale - Blackstone,60201,Launceston,602,Launceston and North East,6RTAS,Rest of Tas.,6,Tasmania,TAS,17.7443,46,1500,738,300,1869,0.7,1377,2.3,2671,2824,0.9458215297450425,0.30138524897042307,0.37102208910520407,0.3515537251965556,0.16697865967802322,0.07076001497566455,2824,0.4097025495750708,0.3410056657223796,0.23087818696883852,1,1
602011045,Ravenswood,60201,Launceston,602,Launceston and North East,6RTAS,Rest of Tas.,6,Tasmania,TAS,10.0147,36,867,496,225,1104,0.8,858,2.3,1398,1532,0.912532637075718,0.46924177396280403,0.580829756795422,0.12804005722460657,0.0357653791130186,0.011444921316165951,1532,0.2160574412532637,0.260443864229765,0.5013054830287206,1,1
602011046,Riverside,60201,Launceston,602,Launceston and North East,6RTAS,Rest of Tas.,6,Tasmania,TAS,48.3143,40,1430,776,300,1947,0.8,1522,2.5,2642,2803,0.9425615412058509,0.24110522331566994,0.32361847085541257,0.3853141559424678,0.19152157456472368,0.08856926570779712,2803,0.3803068141277203,0.3521227256510881,0.24759186585800927,1,1
602011047,South Launceston,60201,Launceston,602,Launceston and North East,6RTAS,Rest of Tas.,6,Tasmania,TAS,2.7762,36,1290,766,300,1879,0.9,1373,2.2,1894,2015,0.9399503722084367,0.2808870116156283,0.36219640971488914,0.3310454065469905,0.14361140443505807,0.06282998944033791,2015,0.22779156327543423,0.29081885856079404,0.43622828784119105,1,1
602011048,Summerhill - Prospect,60201,Launceston,602,Launceston and North East,6RTAS,Rest of Tas.,6,Tasmania,TAS,8.8067,40,1300,747,290,1773,0.8,1294,2.3,1933,2057,0.9397180359747205,0.2876357992757372,0.3817899637868598,0.3093636833936886,0.11898603207449561,0.05276771857216762,2057,0.32231404958677684,0.36558094312105005,0.2805055906660185,1,1
602011049,Trevallyn,60201,Launceston,602,Launceston and North East,6RTAS,Rest of Tas.,6,Tasmania,TAS,9.7181,40,1387,845,300,2111,0.8,1614,2.4,1789,1922,0.9308012486992716,0.22750139742873113,0.29625489100055896,0.4058133035215204,0.2062604807154835,0.0955841252096143,1922,0.3668054110301769,0.3553590010405827,0.2559833506763788,1,1
602011050,Waverley - St Leonards,60201,Launceston,602,Launceston and North East,6RTAS,Rest of Tas.,6,Tasmania,TAS,55.1274,37,1161,671,250,1621,0.8,1308,2.4,1421,1503,0.9454424484364604,0.2927515833919775,0.38353272343420125,0.2976776917663617,0.10978184377199156,0.034482758620689655,1503,0.2967398536260812,0.39520958083832336,0.28409846972721225,1,1
602011051,West Launceston,60201,Launceston,602,Launceston and North East,6RTAS,Rest of Tas.,6,Tasmania,TAS,3.9642,42,1304,792,300,2035,0.8,1469,2.3,1657,1775,0.9335211267605634,0.24502112251056127,0.3277006638503319,0.3747736873868437,0.18587809293904647,0.08147254073627037,1775,0.36338028169014086,0.316056338028169,0.3036619718309859,1,1
602011052,Youngtown - Relbia,60201,Launceston,602,Launceston and North East,6RTAS,Rest of Tas.,6,Tasmania,TAS,14.9319,42,1313,747,295,1842,0.7,1432,2.4,1861,1977,0.9413252402630248,0.25900053734551315,0.33745298226759807,0.35894680279419666,0.17033852767329394,0.0784524449220849,1977,0.37076378351036926,0.39049064238745573,0.18158826504805262,1,1
602021053,Beauty Point - Beaconsfield,60202,Meander Valley - West Tamar,602,Launceston and North East,6RTAS,Rest of Tas.,6,Tasmania,TAS,259.1745,55,1083,497,250,1222,0.8,944,2.1,1595,1738,0.9177215189873418,0.4250783699059561,0.5310344827586206,0.17680250783699059,0.0652037617554859,0.025078369905956112,1738,0.4907940161104718,0.2894131185270426,0.16570771001150747,1,1
602021054,Deloraine,60202,Meander Valley - West Tamar,602,Launceston and North East,6RTAS,Rest of Tas.,6,Tasmania,TAS,2521.1544,48,1192,576,245,1426,0.8,1093,2.3,2193,2397,0.9148936170212766,0.37847697218422255,0.46739626082991337,0.24806201550387597,0.09302325581395349,0.045599635202918376,2397,0.47726324572382145,0.2649144764288694,0.21026282853566958,1,1
602021055,Grindelwald - Lanena,60202,Meander Valley - West Tamar,602,Launceston and North East,6RTAS,Rest of Tas.,6,Tasmania,TAS,344.8496,50,1310,643,293,1656,0.8,1371,2.4,2149,2342,0.9175918018787361,0.28431828757561656,0.37505816658911123,0.329455560725919,0.13680781758957655,0.05444392740809679,2342,0.477796754910333,0.38770281810418444,0.10119555935098207,1,1
602021056,Hadspen - Carrick,60202,Meander Valley - West Tamar,602,Launceston and North East,6RTAS,Rest of Tas.,6,Tasmania,TAS,174.702,39,1408,786,265,1966,0.8,1581,2.6,1277,1373,0.9300801165331392,0.245105716523101,0.3249804228660924,0.38292873923257637,0.16601409553641347,0.06264682850430697,1373,0.3605243991260015,0.4471959213401311,0.16897305171158047,1,1
602021057,Westbury,60202,Meander Valley - West Tamar,602,Launceston and North East,6RTAS,Rest of Tas.,6,Tasmania,TAS,679.0802,47,1243,617,250,1493,0.8,1211,2.4,1612,1714,0.94049008168028,0.3176178660049628,0.41811414392059554,0.27791563275434245,0.10732009925558313,0.03598014888337469,1714,0.44457409568261375,0.33605600933488916,0.18144690781796965,1,1
602031058,Dilston - Lilydale,60203,North East,602,Launceston and North East,6RTAS,Rest of Tas.,6,Tasmania,TAS,1274.0719,46,1365,730,260,1835,0.8,1580,2.6,1435,1562,0.9186939820742638,0.22229965156794426,0.30662020905923343,0.3902439024390244,0.17282229965156795,0.08710801393728224,1562,0.470550576184379,0.41293213828425096,0.08258642765685019,1,1
602031059,George Town,60203,North East,602,Launceston and North East,6RTAS,Rest of Tas.,6,Tasmania,TAS,747.1679,48,1083,520,220,1276,0.7,1002,2.2,2720,2934,0.9270620313565099,0.40404411764705883,0.5003676470588235,0.21838235294117647,0.08161764705882353,0.02977941176470588,2934,0.41513292433537835,0.27334696659850033,0.27062031356509886,1,1
602031060,Longford,60203,North East,602,Launceston and North East,6RTAS,Rest of Tas.,6,Tasmania,TAS,222.5429,47,1300,665,260,1528,0.8,1217,2.3,1686,1794,0.939799331103679,0.3262158956109134,0.4193357058125741,0.2734282325029656,0.10676156583629894,0.045670225385527875,1794,0.38684503901895206,0.3193979933110368,0.24749163879598662,1,1
602031061,Northern Midlands,60203,North East,602,Launceston and North East,6RTAS,Rest of Tas.,6,Tasmania,TAS,4763.6291,47,1023,611,200,1425,0.7,1046,2.2,1365,1499,0.9106070713809206,0.37435897435897436,0.4835164835164835,0.22490842490842491,0.08571428571428572,0.03956043956043956,1499,0.4229486324216144,0.2555036691127418,0.2228152101400934,1,1
602031062,Perth - Evandale,60203,North East,602,Launceston and North East,6RTAS,Rest of Tas.,6,Tasmania,TAS,226.7698,45,1324,742,280,1793,0.8,1457,2.4,2014,2166,0.9298245614035088,0.2701092353525323,0.35054617676266137,0.3545183714001986,0.141012909632572,0.05263157894736842,2166,0.4025854108956602,0.4118190212373038,0.1611265004616805,1,1
602031064,St Helens - Scamander,60203,North East,602,Launceston and North East,6RTAS,Rest of Tas.,6,Tasmania,TAS,3299.1468,56,1083,485,240,1130,0.8,835,2.0,2756,2992,0.9211229946524064,0.48294629898403485,0.5878084179970973,0.15275761973875182,0.05587808417997097,0.023947750362844702,2992,0.5424465240641712,0.2232620320855615,0.1948529411764706,1,1
602031099,Flinders and Cape Barren Islands,60203,North East,602,Launceston and North East,6RTAS,Rest of Tas.,6,Tasmania,TAS,1996.6244,57,867,678,139,1542,0.7,1057,2.0,381,416,0.9158653846153846,0.4146981627296588,0.47506561679790027,0.2755905511811024,0.11548556430446194,0.049868766404199474,416,0.4855769230769231,0.1466346153846154,0.25,0,0
602031100,Scottsdale - Bridport,60203,North East,602,Launceston and North East,6RTAS,Rest of Tas.,6,Tasmania,TAS,3205.7138,48,1083,582,220,1359,0.7,1040,2.2,2538,2765,0.9179023508137433,0.3912529550827423,0.4846335697399527,0.21710007880220647,0.08707643814026793,0.03664302600472813,2765,0.4433996383363472,0.291500904159132,0.19855334538878844,1,1
603011065,Central Highlands,60301,Central Highlands (Tas.),603,South East,6RTAS,Rest of Tas.,6,Tasmania,TAS,7185.4625,50,894,567,200,1403,0.8,1017,2.1,892,973,0.9167523124357657,0.4282511210762332,0.5033632286995515,0.2006726457399103,0.07847533632286996,0.04147982062780269,973,0.48612538540596095,0.25590955806783144,0.17060637204522097,1,0
603011066,Derwent Valley,60301,Central Highlands (Tas.),603,South East,6RTAS,Rest of Tas.,6,Tasmania,TAS,1289.9537,44,1239,641,258,1639,0.8,1333,2.6,1071,1195,0.896234309623431,0.2754435107376284,0.3772175536881419,0.3183940242763772,0.11764705882352941,0.04388422035480859,1195,0.4192468619246862,0.4560669456066946,0.09205020920502092,1,1
603011067,Southern Midlands,60301,Central Highlands (Tas.),603,South East,6RTAS,Rest of Tas.,6,Tasmania,TAS,2600.2609,44,1300,661,250,1601,0.8,1330,2.5,2265,2473,0.9158916295996765,0.2997792494481236,0.38763796909492276,0.317439293598234,0.12759381898454747,0.054304635761589407,2473,0.3906186817630408,0.4322684997978164,0.1322280630812778,1,1
603011068,Wilderness - East,60301,Central Highlands (Tas.),603,South East,6RTAS,Rest of Tas.,6,Tasmania,TAS,7351.056,49,0,1499,0,0,0.3,1125,1.0,0,3,0.0,,,,,,3,0.0,0.0,0.0,0,0
603021069,Bruny Island - Kettering,60302,Huon - Bruny Island,603,South East,6RTAS,Rest of Tas.,6,Tasmania,TAS,443.4641,54,1450,647,300,1556,0.8,1296,2.2,1242,1366,0.9092240117130308,0.3132045088566828,0.3896940418679549,0.2898550724637681,0.1280193236714976,0.0571658615136876,1366,0.5446559297218155,0.30453879941434847,0.10468521229868229,1,1
603021070,Cygnet,60302,Huon - Bruny Island,603,South East,6RTAS,Rest of Tas.,6,Tasmania,TAS,239.4535,49,1300,551,290,1331,0.8,1077,2.3,1782,1914,0.9310344827586207,0.36195286195286197,0.4668911335578002,0.22895622895622897,0.10101010101010101,0.04264870931537598,1914,0.4895506792058516,0.32027168234064785,0.15412748171368862,1,1
603021071,Geeveston - Dover,60302,Huon - Bruny Island,603,South East,6RTAS,Rest of Tas.,6,Tasmania,TAS,827.8139,50,1083,543,280,1375,0.8,1059,2.2,1522,1651,0.9218655360387644,0.38501971090670173,0.47700394218134035,0.21747700394218134,0.08409986859395532,0.03745072273324573,1651,0.48455481526347666,0.33858267716535434,0.13143549364021806,1,1
603021072,Huonville - Franklin,60302,Huon - Bruny Island,603,South East,6RTAS,Rest of Tas.,6,Tasmania,TAS,681.95,42,1430,681,295,1724,0.9,1429,2.6,3125,3400,0.9191176470588235,0.26912,0.34976,0.34272,0.13376,0.04992,3400,0.3861764705882353,0.4152941176470588,0.16970588235294118,1,1
603031073,Forestier - Tasman,60303,South East Coast,603,South East,6RTAS,Rest of Tas.,6,Tasmania,TAS,660.3947,57,1083,509,250,1174,0.8,863,2.0,1021,1144,0.8924825174825175,0.47502448579823703,0.5710088148873653,0.14789422135161606,0.05190989226248776,0.02056807051909892,1144,0.5655594405594405,0.2403846153846154,0.14423076923076922,1,1
603031074,Triabunna - Bicheno,60303,South East Coast,603,South East,6RTAS,Rest of Tas.,6,Tasmania,TAS,2542.2432,57,1105,595,250,1290,0.8,1005,2.1,1886,2082,0.9058597502401537,0.3928950159066808,0.4984093319194062,0.20837751855779427,0.07370095440084835,0.03340402969247084,2082,0.5259365994236311,0.22382324687800192,0.202209414024976,1,1
604011075,Acton - Upper Burnie,60401,Burnie - Ulverstone,604,West and North West,6RTAS,Rest of Tas.,6,Tasmania,TAS,2.1455,38,989,593,238,1395,0.7,966,2.1,1320,1445,0.9134948096885813,0.4166666666666667,0.5128787878787879,0.19545454545454546,0.056818181818181816,0.014393939393939395,1445,0.2906574394463668,0.28581314878892733,0.39100346020761245,1,1
604011076,Burnie - Ulverstone Surrounds,60401,Burnie - Ulverstone,604,West and North West,6RTAS,Rest of Tas.,6,Tasmania,TAS,1364.2465,45,1300,689,225,1730,0.8,1443,2.5,1800,1981,0.9086320040383644,0.27111111111111114,0.34833333333333333,0.3466666666666667,0.15388888888888888,0.06555555555555556,1981,0.4336193841494195,0.4114083796062595,0.10651186269560828,1,1
604011077,Burnie - Wivenhoe,60401,Burnie - Ulverstone,604,West and North West,6RTAS,Rest of Tas.,6,Tasmania,TAS,11.447,40,961,629,240,1423,0.7,1089,2.1,1531,1655,0.9250755287009064,0.3690398432397126,0.4565643370346179,0.23383409536250815,0.08556499020248204,0.035924232527759635,1655,0.3093655589123867,0.28338368580060425,0.3861027190332326,1,1
604011078,Parklands - Camdale,60401,Burnie - Ulverstone,604,West and North West,6RTAS,Rest of Tas.,6,Tasmania,TAS,19.5336,41,1300,683,236,1762,0.8,1321,2.4,2412,2627,0.9181575942139323,0.31840796019900497,0.39925373134328357,0.33043117744610284,0.1517412935323383,0.07338308457711443,2627,0.33231823372668445,0.3022459078797107,0.34716406547392464,1,1
604011079,Penguin - Sulphur Creek,60401,Burnie - Ulverstone,604,West and North West,6RTAS,Rest of Tas.,6,Tasmania,TAS,64.157,47,1300,673,260,1735,0.8,1346,2.3,1958,2154,0.9090064995357474,0.304902962206333,0.38100102145045966,0.32073544433094997,0.1511746680286006,0.0669050051072523,2154,0.40714948932219125,0.3649025069637883,0.1903435468895079,1,1
604011080,Romaine - Havenview,60401,Burnie - Ulverstone,604,West and North West,6RTAS,Rest of Tas.,6,Tasmania,TAS,11.8537,39,1211,700,260,1629,0.7,1334,2.4,1317,1417,0.9294283697953423,0.2771450265755505,0.3659832953682612,0.3014426727410782,0.11617312072892938,0.039483675018982534,1417,0.35991531404375443,0.3676781933662668,0.2582921665490473,1,1
604011081,Somerset,60401,Burnie - Ulverstone,604,West and North West,6RTAS,Rest of Tas.,6,Tasmania,TAS,26.8891,48,1192,602,240,1463,0.8,1100,2.2,1579,1709,0.9239321240491516,0.37175427485750473,0.4648511716276124,0.2545915136162128,0.1013299556681444,0.03799873337555415,1709,0.39906377998829723,0.2978349912229374,0.2732592159157402,1,1
604011082,Ulverstone,60401,Burnie - Ulverstone,604,West and North West,6RTAS,Rest of Tas.,6,Tasmania,TAS,27.4924,49,1123,608,250,1450,0.7,1039,2.2,2850,3096,0.9205426356589147,0.40912280701754383,0.4863157894736842,0.2336842105263158,0.08842105263157894,0.031228070175438598,3096,0.4357235142118863,0.2761627906976744,0.25193798449612403,1,1
604011083,West Ulverstone,60401,Burnie - Ulverstone,604,West and North West,6RTAS,Rest of Tas.,6,Tasmania,TAS,18.0639,48,1213,541,240,1355,0.8,1059,2.3,1613,1770,0.9112994350282486,0.38871667699938006,0.47985120892746436,0.24364538127712337,0.09857408555486671,0.04339739615623062,1770,0.4129943502824859,0.3022598870056497,0.2536723163841808,1,1
604011084,Wynyard,60401,Burnie - Ulverstone,604,West and North West,6RTAS,Rest of Tas.,6,Tasmania,TAS,58.6445,49,1235,599,224,1497,0.7,1048,2.2,2504,2705,0.9256931608133087,0.4057507987220447,0.4860223642172524,0.2563897763578275,0.10383386581469649,0.04233226837060703,2705,0.4121996303142329,0.28761552680221814,0.27726432532347506,1,1
604021085,Devonport,60402,Devonport,604,West and North West,6RTAS,Rest of Tas.,6,Tasmania,TAS,10.2768,43,1192,619,250,1455,0.8,1093,2.2,5737,6175,0.9290688259109312,0.36970542095171693,0.4666201847655569,0.24228690953459997,0.08889663587240718,0.03608157573644762,6175,0.33004048582995954,0.28,0.357085020242915,1,1
604021086,East Devonport,60402,Devonport,604,West and North West,6RTAS,Rest of Tas.,6,Tasmania,TAS,13.2324,44,1083,535,236,1281,0.8,950,2.2,1900,2074,0.9161041465766635,0.4236842105263158,0.5242105263157895,0.18210526315789474,0.061052631578947365,0.025789473684210525,2074,0.3524590163934426,0.23481195756991322,0.3780135004821601,1,1
604021087,Latrobe,60402,Devonport,604,West and North West,6RTAS,Rest of Tas.,6,Tasmania,TAS,215.3338,44,1300,634,250,1485,0.8,1192,2.3,1984,2145,0.924941724941725,0.3341733870967742,0.4334677419354839,0.28377016129032256,0.10181451612903226,0.04536290322580645,2145,0.36317016317016315,0.3351981351981352,0.26666666666666666,1,1
604021088,Miandetta - Don,60402,Devonport,604,West and North West,6RTAS,Rest of Tas.,6,Tasmania,TAS,23.0743,41,1305,760,290,1803,0.8,1561,2.6,1281,1371,0.9343544857768052,0.23809523809523808,0.3231850117096019,0.3762685402029664,0.18266978922716628,0.07181889149102264,1371,0.39095550692924874,0.4077315827862874,0.1925601750547046,1,1
604021089,Port Sorell,60402,Devonport,604,West and North West,6RTAS,Rest of Tas.,6,Tasmania,TAS,362.9642,52,1430,648,280,1559,0.7,1279,2.3,2355,2567,0.917413322945072,0.31719745222929935,0.39957537154989387,0.289171974522293,0.13205944798301486,0.05435244161358811,2567,0.4904557849629918,0.2933385274639657,0.18932606155044798,1,1
604021090,Quoiba - Spreyton,60402,Devonport,604,West and North West,6RTAS,Rest of Tas.,6,Tasmania,TAS,28.585,43,1300,763,275,1784,0.8,1531,2.5,1140,1215,0.9382716049382716,0.24298245614035088,0.3157894736842105,0.36578947368421055,0.1631578947368421,0.05087719298245614,1215,0.4090534979423868,0.44526748971193414,0.1390946502057613,1,1
604021091,Sheffield - Railton,60402,Devonport,604,West and North West,6RTAS,Rest of Tas.,6,Tasmania,TAS,1156.4977,49,1253,604,230,1474,0.8,1209,2.4,2248,2456,0.9153094462540716,0.3238434163701068,0.42126334519572955,0.26201067615658363,0.10587188612099645,0.0400355871886121,2456,0.4747557003257329,0.36400651465798045,0.1270358306188925,1,1
604021092,Turners Beach - Forth,60402,Devonport,604,West and North West,6RTAS,Rest of Tas.,6,Tasmania,TAS,84.3944,47,1400,763,270,1918,0.8,1588,2.5,1230,1320,0.9318181818181818,0.24065040650406505,0.32439024390243903,0.38943089430894307,0.18048780487804877,0.07723577235772358,1320,0.45681818181818185,0.38106060606060604,0.1393939393939394,1,1
604031093,King Island,60403,West Coast,604,West and North West,6RTAS,Rest of Tas.,6,Tasmania,TAS,1095.7407,45,1083,845,190,1719,0.7,1330,2.1,598,652,0.9171779141104295,0.2909698996655518,0.3729096989966555,0.3210702341137124,0.13043478260869565,0.061872909698996656,652,0.4340490797546012,0.24079754601226994,0.2469325153374233,1,0
604031094,North West,60403,West Coast,604,West and North West,6RTAS,Rest of Tas.,6,Tasmania,TAS,4765.8968,41,1147,690,200,1676,0.8,1356,2.5,1395,1505,0.9269102990033222,0.2960573476702509,0.37706093189964157,0.3161290322580645,0.11182795698924732,0.04659498207885305,1505,0.39335548172757473,0.32624584717607974,0.16611295681063123,1,1
604031095,Smithton,60403,West Coast,604,West and North West,6RTAS,Rest of Tas.,6,Tasmania,TAS,91.3095,42,1083,652,222,1554,0.8,1189,2.3,1388,1521,0.9125575279421433,0.33213256484149856,0.4243515850144092,0.265850144092219,0.09221902017291066,0.04178674351585014,1521,0.3556870479947403,0.32215647600262987,0.2695595003287311,1,1
604031096,Waratah,60403,West Coast,604,West and North West,6RTAS,Rest of Tas.,6,Tasmania,TAS,3489.4721,46,1170,621,250,1595,0.8,1329,2.5,1296,1429,0.906927921623513,0.2993827160493827,0.3773148148148148,0.30709876543209874,0.12422839506172839,0.05632716049382716,1429,0.4450664800559832,0.38838348495451364,0.13296011196641008,1,1
604031097,West Coast (Tas.),60403,West Coast,604,West and North West,6RTAS,Rest of Tas.,6,Tasmania,TAS,3931.6265,47,650,548,160,1406,0.7,958,2.0,1679,1875,0.8954666666666666,0.43478260869565216,0.5157832042882668,0.23049434187016082,0.09469922572960095,0.039904705181655745,1875,0.45226666666666665,0.23253333333333334,0.2528,1,1
604031098,Wilderness - West,60403,West Coast,604,West and North West,6RTAS,Rest of Tas.,6,Tasmania,TAS,5651.9123,69,0,450,0,0,0.0,0,0.0,0,0,,,,,,,0,,,,0,0
697979799,Migratory - Offshore - Shipping (Tas.),69797,Migratory - Offshore - Shipping (Tas.),697,Migratory - Offshore - Shipping (Tas.),69799,Migratory - Offshore - Shipping (Tas.),6,Tasmania,TAS,nan,43,0,2249,0,0,0.0,0,0.0,0,0,,,,,,,0,,,,0,0
699999499,No usual address (Tas.),69999,No usual address (Tas.),699,No usual address (Tas.),69499,No usual address (Tas.),6,Tasmania,TAS,nan,0,0,0,0,0,0.0,0,0.0,0,0,,,,,,,0,,,,0,0
701011001,Darwin Airport,70101,Darwin City,701,Darwin,7GDAR,Greater Darwin,7,Northern Territory,NT,14.3244,35,0,1166,0,0,0.0,0,0.0,0,0,,,,,,,0,,,,0,0
701011002,Darwin City,70101,Darwin City,701,Darwin,7GDAR,Greater Darwin,7,Northern Territory,NT,3.1731,33,1781,1236,450,2403,1.0,2151,2.0,2740,2984,0.9182305630026809,0.09160583941605839,0.12883211678832115,0.5576642335766423,0.2945255474452555,0.16532846715328467,2984,0.07372654155495978,0.14711796246648792,0.7533512064343163,1,1
701011003,East Point,70101,Darwin City,701,Darwin,7GDAR,Greater Darwin,7,Northern Territory,NT,2.377,61,0,450,0,0,1.0,450,1.0,0,0,,,,,,,0,,,,0,0
701011004,Fannie Bay - The Gardens,70101,Darwin City,701,Darwin,7GDAR,Greater Darwin,7,Northern Territory,NT,3.9165,38,2000,1310,390,2738,0.8,2197,2.2,1332,1445,0.9217993079584775,0.1539039039039039,0.1966966966966967,0.56006006006006,0.3400900900900901,0.2147147147147147,1445,0.213840830449827,0.2193771626297578,0.5155709342560554,1,1
701011005,Larrakeyah,70101,Darwin City,701,Darwin,7GDAR,Greater Darwin,7,Northern Territory,NT,1.9452,33,1800,1297,395,2695,0.9,2372,2.3,1278,1439,0.8881167477414872,0.09076682316118936,0.12050078247261346,0.6408450704225352,0.3685446009389671,0.20657276995305165,1439,0.1535788742182071,0.16678248783877692,0.6483669214732453,1,1
701011006,Ludmilla - The Narrows,70101,Darwin City,701,Darwin,7GDAR,Greater Darwin,7,Northern Territory,NT,5.35,34,2167,966,260,2306,0.9,1988,2.6,788,911,0.8649835345773875,0.217005076142132,0.2626903553299492,0.49746192893401014,0.28426395939086296,0.15862944162436549,911,0.17453347969264543,0.2810098792535675,0.5170142700329309,1,0
701011007,Parap,70101,Darwin City,701,Darwin,7GDAR,Greater Darwin,7,Northern Territory,NT,1.1022,36,2232,1281,415,2697,0.9,2231,2.3,1029,1122,0.9171122994652406,0.15257531584062195,0.1827016520894072,0.577259475218659,0.3362487852283771,0.20796890184645286,1122,0.12834224598930483,0.232620320855615,0.6140819964349377,1,1
701011008,Stuart Park,70101,Darwin City,701,Darwin,7GDAR,Greater Darwin,7,Northern Territory,NT,1.6531,34,1980,1237,400,2682,0.9,2278,2.3,1427,1607,0.8879900435594275,0.08759635599159075,0.13104414856341975,0.590749824807288,0.3293622985283812,0.17939733707077785,1607,0.1449906658369633,0.26073428749222155,0.568139390168015,1,1
701011009,Woolner - Bayview - Winnellie,70101,Darwin City,701,Darwin,7GDAR,Greater Darwin,7,Northern Territory,NT,6.7936,35,2248,1453,490,3185,0.8,2826,2.5,954,1058,0.9017013232514177,0.07337526205450734,0.10167714884696016,0.7127882599580713,0.4643605870020964,0.26834381551362685,1058,0.1767485822306238,0.2684310018903592,0.5113421550094518,1,0
701021010,Alawa,70102,Darwin Suburbs,701,Darwin,7GDAR,Greater Darwin,7,Northern Territory,NT,1.2399,35,1777,915,340,2186,0.9,2083,2.8,607,679,0.8939617083946981,0.19110378912685339,0.2471169686985173,0.5172981878088962,0.2800658978583196,0.1400329489291598,679,0.22827687776141384,0.3696612665684831,0.36082474226804123,1,0
701021011,Anula,70102,Darwin Suburbs,701,Darwin,7GDAR,Greater Darwin,7,Northern Territory,NT,1.3178,37,2000,1034,400,2492,0.9,2269,2.9,685,760,0.9013157894736842,0.12554744525547445,0.18394160583941604,0.5693430656934306,0.34744525547445254,0.16642335766423358,760,0.24736842105263157,0.46710526315789475,0.26973684210526316,1,0
701021012,Berrimah,70102,Darwin Suburbs,701,Darwin,7GDAR,Greater Darwin,7,Northern Territory,NT,30.2554,33,2600,1015,370,2468,1.1,2250,2.9,377,421,0.8954869358669834,0.14058355437665782,0.17771883289124668,0.5755968169761273,0.3156498673740053,0.18037135278514588,421,0.16864608076009502,0.39429928741092635,0.34679334916864607,0,0
701021013,Brinkin - Nakara,70102,Darwin Suburbs,701,Darwin,7GDAR,Greater Darwin,7,Northern Territory,NT,2.6861,33,1900,957,393,2527,0.9,2372,2.9,895,975,0.9179487179487179,0.10391061452513967,0.1463687150837989,0.6022346368715084,0.36983240223463687,0.2201117318435754,975,0.30666666666666664,0.28205128205128205,0.38769230769230767,1,0
701021014,Buffalo Creek,70102,Darwin Suburbs,701,Darwin,7GDAR,Greater Darwin,7,Northern Territory,NT,23.9106,0,0,0,0,0,0.0,0,0.0,0,0,,,,,,,0,,,,0,0
701021015,Charles Darwin,70102,Darwin Suburbs,701,Darwin,7GDAR,Greater Darwin,7,Northern Territory,NT,17.4936,17,0,399,0,0,0.0,0,0.0,0,0,,,,,,,0,,,,0,0
701021016,Coconut Grove,70102,Darwin Suburbs,701,Darwin,7GDAR,Greater Darwin,7,Northern Territory,NT,1.4242,35,1600,913,300,2040,1.0,1549,2.2,1119,1215,0.9209876543209876,0.2868632707774799,0.3386952636282395,0.3958891867739053,0.1903485254691689,0.09115281501340483,1215,0.1448559670781893,0.21810699588477367,0.6065843621399177,1,1
701021017,East Arm,70102,Darwin Suburbs,701,Darwin,7GDAR,Greater Darwin,7,Northern Territory,NT,27.9612,45,0,1145,635,1824,1.0,1574,2.0,0,7,0.0,,,,,,7,0.0,0.0,1.0,0,0
701021018,Jingili,70102,Darwin Suburbs,701,Darwin,7GDAR,Greater Darwin,7,Northern Territory,NT,1.3163,36,2015,1042,400,2474,0.8,2371,3.0,532,589,0.9032258064516129,0.13533834586466165,0.18796992481203006,0.5827067669172933,0.37593984962406013,0.2199248120300752,589,0.27843803056027167,0.4601018675721562,0.2529711375212224,1,0
701021019,Karama,70102,Darwin Suburbs,701,Darwin,7GDAR,Greater Darwin,7,Northern Territory,NT,2.0655,35,1950,838,293,2021,1.0,1783,2.9,1389,1554,0.8938223938223938,0.2224622030237581,0.2865370770338373,0.4377249820014399,0.22390208783297336,0.1007919366450684,1554,0.1866151866151866,0.4015444015444015,0.37516087516087515,1,1
701021020,Leanyer,70102,Darwin Suburbs,701,Darwin,7GDAR,Greater Darwin,7,Northern Territory,NT,2.5017,37,2000,1101,400,2469,0.9,2223,2.7,1433,1574,0.9104193138500636,0.14445219818562458,0.18422889043963714,0.5722260990928123,0.32030704815073274,0.15631542219120725,1574,0.2503176620076239,0.39898348157560354,0.3246505717916137,1,1
701021021,Lyons (NT),70102,Darwin Suburbs,701,Darwin,7GDAR,Greater Darwin,7,Northern Territory,NT,7.0409,30,2600,1356,280,2981,0.9,2965,3.3,1453,1718,0.8457508731082655,0.053682037164487266,0.06469373709566414,0.7983482450103234,0.49346180316586374,0.28217481073640743,1718,0.08381839348079162,0.3928987194412107,0.5017462165308498,1,1
701021022,Malak - Marrara,70102,Darwin Suburbs,701,Darwin,7GDAR,Greater Darwin,7,Northern Territory,NT,4.8314,38,2000,938,350,2180,0.9,1774,2.6,1419,1554,0.9131274131274131,0.22973925299506695,0.2868217054263566,0.45172656800563776,0.262861169837914,0.12825933756166313,1554,0.2503217503217503,0.3359073359073359,0.38481338481338484,1,1
701021023,Millner,70102,Darwin Suburbs,701,Darwin,7GDAR,Greater Darwin,7,Northern Territory,NT,1.4677,36,1733,957,340,2055,0.9,1817,2.4,856,969,0.8833849329205367,0.18691588785046728,0.2488317757009346,0.4439252336448598,0.21144859813084113,0.08411214953271028,969,0.20949432404540763,0.27966976264189886,0.47058823529411764,1,0
701021024,Moil,70102,Darwin Suburbs,701,Darwin,7GDAR,Greater Darwin,7,Northern Territory,NT,1.0424,37,1950,939,310,2197,0.9,2033,2.9,595,645,0.9224806201550387,0.1495798319327731,0.21176470588235294,0.507563025210084,0.2722689075630252,0.13949579831932774,645,0.24496124031007752,0.39069767441860465,0.3333333333333333,1,0
701021025,Nightcliff,70102,Darwin Suburbs,701,Darwin,7GDAR,Greater Darwin,7,Northern Territory,NT,1.4512,34,1972,1203,350,2430,1.0,2051,2.4,1377,1522,0.90473061760841,0.13507625272331156,0.1859114015976761,0.5156136528685549,0.3021060275962237,0.19607843137254902,1522,0.19448094612352168,0.24507227332457293,0.5440210249671484,1,1
701021026,Rapid Creek,70102,Darwin Suburbs,701,Darwin,7GDAR,Greater Darwin,7,Northern Territory,NT,1.9176,35,1956,1229,350,2629,0.9,2208,2.4,1197,1309,0.9144385026737968,0.14035087719298245,0.19381787802840433,0.5622389306599833,0.3258145363408521,0.19799498746867167,1309,0.186401833460657,0.23758594346829642,0.5530939648586708,1,1
701021027,Tiwi,70102,Darwin Suburbs,701,Darwin,7GDAR,Greater Darwin,7,Northern Territory,NT,3.1187,40,2000,948,375,2371,0.9,2022,2.6,733,797,0.9196988707653702,0.19236016371077763,0.2592087312414734,0.4979536152796726,0.28240109140518416,0.13506139154160982,797,0.24466750313676286,0.3437892095357591,0.35257214554579674,1,0
701021028,Wagaman,70102,Darwin Suburbs,701,Darwin,7GDAR,Greater Darwin,7,Northern Territory,NT,0.8378,35,1820,864,340,2115,1.0,2083,3.0,563,642,0.8769470404984424,0.18650088809946713,0.22202486678507993,0.5186500888099467,0.2664298401420959,0.12433392539964476,642,0.21651090342679127,0.3364485981308411,0.40186915887850466,1,0
701021029,Wanguri,70102,Darwin Suburbs,701,Darwin,7GDAR,Greater Darwin,7,Northern Territory,NT,0.8855,39,2167,977,410,2637,0.9,2439,3.0,499,567,0.8800705467372134,0.1623246492985972,0.218436873747495,0.591182364729459,0.3807615230460922,0.21643286573146292,567,0.26455026455026454,0.3985890652557319,0.30511463844797176,0,0
701021030,Wulagi,70102,Darwin Suburbs,701,Darwin,7GDAR,Greater Darwin,7,Northern Territory,NT,1.2629,36,2000,1052,425,2446,0.9,2331,2.9,681,768,0.88671875,0.11160058737151249,0.14977973568281938,0.6226138032305433,0.342143906020558,0.17327459618208516,768,0.22786458333333334,0.4700520833333333,0.2747395833333333,1,0
701031031,Howard Springs,70103,Litchfield,701,Darwin,7GDAR,Greater Darwin,7,Northern Territory,NT,118.021,36,2383,1185,350,2709,1.0,2442,2.8,944,1104,0.855072463768116,0.13347457627118645,0.17902542372881355,0.6069915254237288,0.3983050847457627,0.2319915254237288,1104,0.33967391304347827,0.43478260869565216,0.18568840579710144,1,0
701031032,Humpty Doo,70103,Litchfield,701,Darwin,7GDAR,Greater Darwin,7,Northern Territory,NT,157.4161,39,2347,1145,400,2816,1.0,2569,3.0,2239,2623,0.8536027449485322,0.11924966502903082,0.16301920500223313,0.6310853059401519,0.4198302813756141,0.23715944618133095,2623,0.2348455966450629,0.5817765916889058,0.14182234083110942,1,1
701031033,Koolpinyah,70103,Litchfield,701,Darwin,7GDAR,Greater Darwin,7,Northern Territory,NT,1199.6495,65,0,450,130,725,1.5,1062,1.7,5,11,0.45454545454545453,0.0,0.0,0.0,0.0,0.0,11,0.5454545454545454,0.0,0.0,0,0
701031034,Virginia,70103,Litchfield,701,Darwin,7GDAR,Greater Darwin,7,Northern Territory,NT,54.7364,41,2383,1096,370,2623,0.9,2153,2.7,966,1098,0.8797814207650273,0.14078674948240166,0.19254658385093168,0.5320910973084886,0.34057971014492755,0.19358178053830227,1098,0.29143897996357016,0.3770491803278688,0.27413479052823314,1,0
701031035,Weddell,70103,Litchfield,701,Darwin,7GDAR,Greater Darwin,7,Northern Territory,NT,1408.6881,40,2167,977,323,2378,1.0,1969,2.7,1123,1311,0.8565980167810832,0.19145146927871773,0.25289403383793413,0.4915405164737311,0.2894033837934105,0.13357079252003562,1311,0.28680396643783374,0.4950419527078566,0.16247139588100687,1,1
701041036,Bakewell,70104,Palmerston,701,Darwin,7GDAR,Greater Darwin,7,Northern Territory,NT,1.3185,32,1742,1104,380,2205,0.9,1955,2.5,1039,1140,0.9114035087719298,0.1289701636188643,0.1751684311838306,0.480269489894129,0.19345524542829645,0.08084696823869104,1140,0.10526315789473684,0.41578947368421054,0.45614035087719296,1,1
701041037,Driver,70104,Palmerston,701,Darwin,7GDAR,Greater Darwin,7,Northern Territory,NT,1.7157,33,1950,1011,350,2183,0.9,1984,2.7,841,940,0.8946808510638298,0.1545778834720571,0.1938168846611177,0.4934601664684899,0.25802615933412604,0.11533888228299644,940,0.13085106382978723,0.3840425531914894,0.46063829787234045,1,0
701041038,Durack - Marlow Lagoon,70104,Palmerston,701,Darwin,7GDAR,Greater Darwin,7,Northern Territory,NT,11.7191,32,2167,1304,500,2814,0.8,2572,2.9,1318,1496,0.8810160427807486,0.06676783004552352,0.0834597875569044,0.6836115326251897,0.3960546282245827,0.2094081942336874,1496,0.13435828877005349,0.43783422459893045,0.3997326203208556,1,1
701041039,Gray,70104,Palmerston,701,Darwin,7GDAR,Greater Darwin,7,Northern Territory,NT,1.5029,34,1725,877,300,1960,0.9,1479,2.4,1031,1136,0.9075704225352113,0.2812803103782735,0.34626576139670223,0.3685741998060136,0.15809893307468478,0.06886517943743937,1136,0.11971830985915492,0.3459507042253521,0.5017605633802817,1,1
701041040,Moulden,70104,Palmerston,701,Darwin,7GDAR,Greater Darwin,7,Northern Territory,NT,1.7504,33,1632,851,295,1919,0.9,1515,2.7,834,950,0.8778947368421053,0.2673860911270983,0.3225419664268585,0.3800959232613909,0.1774580335731415,0.08393285371702638,950,0.11263157894736842,0.4168421052631579,0.4442105263157895,1,0
701041041,Palmerston - North,70104,Palmerston,701,Darwin,7GDAR,Greater Darwin,7,Northern Territory,NT,4.7651,32,2000,1182,460,2664,0.8,2445,2.9,1297,1432,0.9057262569832403,0.09483423284502698,0.12104857363145721,0.6368542791056284,0.3554356206630686,0.15651503469545103,1432,0.11312849162011174,0.4245810055865922,0.43645251396648044,1,1
701041042,Palmerston - South,70104,Palmerston,701,Darwin,7GDAR,Greater Darwin,7,Northern Territory,NT,24.9843,28,2300,1288,450,2735,0.9,2527,3.0,1815,2057,0.8823529411764706,0.06776859504132231,0.09366391184573003,0.6776859504132231,0.3674931129476584,0.15537190082644628,2057,0.025279533300923675,0.5741370928536704,0.385512882839086,1,1
701041043,Rosebery - Bellamack,70104,Palmerston,701,Darwin,7GDAR,Greater Darwin,7,Northern Territory,NT,3.1751,29,2167,1194,400,2615,0.9,2376,2.9,1806,2059,0.8771248178727538,0.09579180509413067,0.13344407530454042,0.6256921373200443,0.33942414174972313,0.1672203765227021,2059,0.06847984458474989,0.3564837299660029,0.5424963574550753,1,1
701041044,Woodroffe,70104,Palmerston,701,Darwin,7GDAR,Greater Darwin,7,Northern Territory,NT,1.5977,33,1800,1012,360,2276,0.9,1891,2.6,976,1100,0.8872727272727273,0.21004098360655737,0.2612704918032787,0.48360655737704916,0.26434426229508196,0.13114754098360656,1100,0.12636363636363637,0.43272727272727274,0.4127272727272727,1,0
702011045,Charles,70201,Alice Springs,702,Northern Territory - Outback,7RNTE,Rest of NT,7,Northern Territory,NT,16.693,35,0,1073,350,2371,0.9,2026,2.6,1280,1434,0.8926080892608089,0.18046875,0.2390625,0.50703125,0.2921875,0.13828125,1434,0.16387726638772665,0.35704323570432356,0.41701534170153415,1,1
702011046,East Side,70201,Alice Springs,702,Northern Territory - Outback,7RNTE,Rest of NT,7,Northern Territory,NT,25.7669,33,1733,1118,360,2398,0.9,2042,2.6,1733,1938,0.8942208462332302,0.1465666474321985,0.1996537795729948,0.5083669936526255,0.293133294864397,0.1413733410271206,1938,0.14912280701754385,0.35500515995872034,0.4411764705882353,1,1
702011047,Flynn (NT),70201,Alice Springs,702,Northern Territory - Outback,7RNTE,Rest of NT,7,Northern Territory,NT,17.0626,33,0,1078,400,2344,1.0,2147,2.8,1365,1521,0.8974358974358975,0.147985347985348,0.19706959706959706,0.5443223443223443,0.2827838827838828,0.13772893772893774,1521,0.14135437212360288,0.4128862590401052,0.42077580539119,1,1
702011048,Larapinta,70201,Alice Springs,702,Northern Territory - Outback,7RNTE,Rest of NT,7,Northern Territory,NT,58.5557,34,1800,1190,400,2595,0.9,2267,2.7,1551,1715,0.9043731778425655,0.14893617021276595,0.17988394584139264,0.5802707930367504,0.3372018052869117,0.17923920051579625,1715,0.13994169096209913,0.40583090379008746,0.40641399416909624,1,1
702011049,Mount Johns,70201,Alice Springs,702,Northern Territory - Outback,7RNTE,Rest of NT,7,Northern Territory,NT,18.9529,35,1733,1306,400,2793,1.0,2288,2.4,1316,1449,0.9082125603864735,0.10030395136778116,0.1413373860182371,0.5858662613981763,0.33890577507598785,0.20440729483282674,1449,0.13526570048309178,0.2836438923395445,0.5086266390614217,1,1
702011050,Petermann - Simpson,70201,Alice Springs,702,Northern Territory - Outback,7RNTE,Rest of NT,7,Northern Territory,NT,175248.1135,31,758,807,123,1603,1.3,1248,2.2,572,643,0.8895800933125972,0.1993006993006993,0.32867132867132864,0.270979020979021,0.09615384615384616,0.03496503496503497,643,0.05132192846034215,0.012441679626749611,0.7853810264385692,1,0
702011051,Ross,70201,Alice Springs,702,Northern Territory - Outback,7RNTE,Rest of NT,7,Northern Territory,NT,190.6821,42,0,948,280,2401,1.0,1953,2.5,771,841,0.9167657550535078,0.20492866407263294,0.26848249027237353,0.48638132295719844,0.2905317769130999,0.1621271076523995,841,0.25802615933412604,0.32936979785969084,0.3626634958382878,1,0
702011052,Sandover - Plenty,70201,Alice Springs,702,Northern Territory - Outback,7RNTE,Rest of NT,7,Northern Territory,NT,129517.1822,30,0,356,60,798,1.5,1133,3.8,586,731,0.801641586867305,0.33447098976109213,0.4453924914675768,0.2030716723549488,0.06825938566552901,0.025597269624573378,731,0.08207934336525308,0.009575923392612859,0.6238030095759234,1,0
702011053,Tanami,70201,Alice Springs,702,Northern Territory - Outback,7RNTE,Rest of NT,7,Northern Territory,NT,192662.3199,29,0,269,0,707,1.5,1277,4.2,464,543,0.85451197053407,0.2974137931034483,0.3900862068965517,0.21767241379310345,0.05603448275862069,0.021551724137931036,543,0.014732965009208104,0.0,0.714548802946593,0,0
702011054,Yuendumu - Anmatjere,70201,Alice Springs,702,Northern Territory - Outback,7RNTE,Rest of NT,7,Northern Territory,NT,71845.0771,28,212,275,75,686,1.4,1091,3.9,356,402,0.8855721393034826,0.37640449438202245,0.4803370786516854,0.19382022471910113,0.06179775280898876,0.028089887640449437,402,0.03731343283582089,0.007462686567164179,0.7114427860696517,0,0
702021055,Barkly,70202,Barkly,702,Northern Territory - Outback,7RNTE,Rest of NT,7,Northern Territory,NT,303169.1199,26,109,416,70,846,1.3,1172,3.7,389,484,0.8037190082644629,0.2776349614395887,0.41645244215938304,0.23393316195372751,0.07455012853470437,0.012853470437017995,484,0.08884297520661157,0.02066115702479339,0.5661157024793388,0,0
702021056,Tennant Creek,70202,Barkly,702,Northern Territory - Outback,7RNTE,Rest of NT,7,Northern Territory,NT,42.0605,33,1114,671,180,1433,1.0,1677,2.7,836,943,0.8865323435843054,0.22966507177033493,0.28588516746411485,0.39712918660287083,0.1854066985645933,0.09090909090909091,943,0.1102863202545069,0.12301166489925769,0.5906680805938495,1,0
702031057,Alligator,70203,Daly - Tiwi - West Arnhem,702,Northern Territory - Outback,7RNTE,Rest of NT,7,Northern Territory,NT,33100.6653,47,1430,690,100,1461,1.0,1279,2.2,1286,1493,0.8613529805760214,0.3320373250388802,0.39968895800933124,0.30326594090202175,0.14152410575427682,0.06765163297045101,1493,0.33489618218352313,0.2277294038847957,0.30274614869390487,1,1
702031058,Daly,70203,Daly - Tiwi - West Arnhem,702,Northern Territory - Outback,7RNTE,Rest of NT,7,Northern Territory,NT,34828.0715,28,1181,308,80,831,1.4,1182,3.6,327,391,0.8363171355498721,0.3394495412844037,0.44036697247706424,0.29357798165137616,0.10703363914373089,0.04281345565749235,391,0.19948849104859334,0.07161125319693094,0.5498721227621484,0,0
702031059,Thamarrurr,70203,Daly - Tiwi - West Arnhem,702,Northern Territory - Outback,7RNTE,Rest of NT,7,Northern Territory,NT,3373.7078,26,0,190,50,455,1.8,787,4.8,300,371,0.8086253369272237,0.5066666666666667,0.5666666666666667,0.22666666666666666,0.1,0.03666666666666667,371,0.04851752021563342,0.0,0.8059299191374663,0,0
702031060,Tiwi Islands,70203,Daly - Tiwi - West Arnhem,702,Northern Territory - Outback,7RNTE,Rest of NT,7,Northern Territory,NT,7483.1661,30,845,240,80,551,1.3,757,3.4,542,604,0.8973509933774835,0.5313653136531366,0.6236162361623616,0.14391143911439114,0.05350553505535055,0.01845018450184502,604,0.041390728476821195,0.011589403973509934,0.8112582781456954,1,0
702031061,West Arnhem,70203,Daly - Tiwi - West Arnhem,702,Northern Territory - Outback,7RNTE,Rest of NT,7,Northern Territory,NT,33509.2426,27,303,260,80,705,1.9,1369,5.0,732,854,0.8571428571428571,0.22404371584699453,0.3087431693989071,0.2650273224043716,0.08743169398907104,0.031420765027322405,854,0.00702576112412178,0.0,0.7903981264637002,1,0
702041062,Anindilyakwa,70204,East Arnhem,702,Northern Territory - Outback,7RNTE,Rest of NT,7,Northern Territory,NT,2609.0396,30,1083,336,80,900,1.3,1598,3.7,516,591,0.8730964467005076,0.28875968992248063,0.35852713178294576,0.37790697674418605,0.23837209302325582,0.1298449612403101,591,0.011844331641285956,0.0,0.7681895093062606,1,0
702041063,East Arnhem,70204,East Arnhem,702,Northern Territory - Outback,7RNTE,Rest of NT,7,Northern Territory,NT,30989.9027,28,997,298,90,809,1.8,1552,5.1,930,1076,0.8643122676579925,0.2086021505376344,0.28279569892473116,0.34301075268817205,0.13010752688172042,0.034408602150537634,1076,0.03903345724907063,0.006505576208178439,0.7713754646840149,1,0
702041064,Nhulunbuy,70204,East Arnhem,702,Northern Territory - Outback,7RNTE,Rest of NT,7,Northern Territory,NT,7.647,33,1741,1506,110,3184,1.0,2799,2.8,733,840,0.8726190476190476,0.034106412005457026,0.058663028649386086,0.7298772169167803,0.4583901773533424,0.2305593451568895,840,0.036904761904761905,0.02619047619047619,0.6083333333333333,1,0
702051065,Elsey,70205,Katherine,702,Northern Territory - Outback,7RNTE,Rest of NT,7,Northern Territory,NT,92949.7346,29,1300,334,80,833,1.6,1389,3.8,416,458,0.9082969432314411,0.2403846153846154,0.3173076923076923,0.32211538461538464,0.10576923076923077,0.04807692307692308,458,0.1331877729257642,0.04148471615720524,0.6026200873362445,0,0
702051066,Gulf,70205,Katherine,702,Northern Territory - Outback,7RNTE,Rest of NT,7,Northern Territory,NT,92278.235,28,1117,276,75,728,1.7,1281,4.3,679,725,0.9365517241379311,0.3122238586156112,0.3961708394698085,0.24153166421207659,0.08100147275405008,0.022091310751104567,725,0.09793103448275862,0.005517241379310344,0.7172413793103448,1,0
702051067,Katherine,70205,Katherine,702,Northern Territory - Outback,7RNTE,Rest of NT,7,Northern Territory,NT,7416.9497,33,1625,1069,295,2349,1.0,2111,2.7,2503,2862,0.8745632424877708,0.16660007990411507,0.2165401518178186,0.5341590091889732,0.289252896524171,0.12824610467439074,2862,0.15618448637316562,0.2445842068483578,0.5286512928022362,1,1
702051068,Victoria River,70205,Katherine,702,Northern Territory - Outback,7RNTE,Rest of NT,7,Northern Territory,NT,133608.8415,25,1409,311,75,637,1.5,1095,4.1,416,473,0.879492600422833,0.3485576923076923,0.46875,0.23317307692307693,0.07211538461538461,0.04326923076923077,473,0.08456659619450317,0.016913319238900635,0.718816067653277,0,0
797979799,Migratory - Offshore - Shipping (NT),79797,Migratory - Offshore - Shipping (NT),797,Migratory - Offshore - Shipping (NT),79799,Migratory - Offshore - Shipping (NT),7,Northern Territory,NT,nan,40,0,1478,0,0,0.7,4150,2.3,0,3,0.0,,,,,,3,0.0,0.0,0.0,0,0
799999499,No usual address (NT),79999,No usual address (NT),799,No usual address (NT),79499,No usual address (NT),7,Northern Territory,NT,nan,0,0,0,0,0,0.0,0,0.0,0,0,,,,,,,0,,,,0,0
801011001,Aranda,80101,Belconnen,801,Australian Capital Territory,8ACTE,Australian Capital Territory,8,Australian Capital Territory,ACT,1.5631,42,2500,1372,530,3533,0.8,3161,2.8,841,897,0.9375696767001115,0.06658739595719382,0.10225921521997622,0.7051129607609988,0.525564803804994,0.37098692033293695,897,0.43032329988851725,0.38127090301003347,0.15607580824972128,1,0
801011002,Belconnen,80101,Belconnen,801,Australian Capital Territory,8ACTE,Australian Capital Territory,8,Australian Capital Territory,ACT,4.4261,30,1517,1009,430,2034,1.1,1776,1.9,3882,4042,0.9604156358238496,0.16769706336939721,0.2174137042761463,0.4175682637815559,0.17336424523441524,0.0762493560020608,4042,0.11331024245423058,0.21152894606630382,0.636318654131618,1,1
801011003,Bruce,80101,Belconnen,801,Australian Capital Territory,8ACTE,Australian Capital Territory,8,Australian Capital Territory,ACT,5.7975,29,1733,1027,430,2693,0.9,2266,2.3,2540,2679,0.9481149682717432,0.08937007874015748,0.12244094488188977,0.5822834645669291,0.34606299212598424,0.1862204724409449,2679,0.19335572974990667,0.272863008585293,0.49645390070921985,1,1
801011004,Charnwood,80101,Belconnen,801,Australian Capital Territory,8ACTE,Australian Capital Territory,8,Australian Capital Territory,ACT,1.8559,35,1755,948,380,2218,0.8,1818,2.5,1098,1167,0.9408740359897172,0.20947176684881602,0.2659380692167577,0.4517304189435337,0.20218579234972678,0.07650273224043716,1167,0.22279348757497858,0.45158526135389887,0.31276778063410454,1,1
801011005,Cook,80101,Belconnen,801,Australian Capital Territory,8ACTE,Australian Capital Territory,8,Australian Capital Territory,ACT,1.5831,42,2167,1288,440,3054,0.7,2269,2.3,1173,1237,0.9482619240097009,0.12958226768968456,0.17647058823529413,0.578005115089514,0.37084398976982097,0.22762148337595908,1237,0.4033953112368634,0.34357316087308004,0.23767178658043653,1,1
801011006,Dunlop,80101,Belconnen,801,Australian Capital Territory,8ACTE,Australian Capital Territory,8,Australian Capital Territory,ACT,3.6054,36,2000,1176,465,2766,0.8,2503,2.9,2305,2424,0.9509075907590759,0.08329718004338395,0.1227765726681128,0.6477223427331887,0.3852494577006508,0.2004338394793926,2424,0.20297029702970298,0.6064356435643564,0.18316831683168316,1,1
801011007,Evatt,80101,Belconnen,801,Australian Capital Territory,8ACTE,Australian Capital Territory,8,Australian Capital Territory,ACT,3.0603,37,2000,1149,466,2729,0.8,2428,2.7,1857,1964,0.9455193482688391,0.10823909531502424,0.14970382337102853,0.6063543349488422,0.38018309100700054,0.20678513731825526,1964,0.32942973523421587,0.43533604887983707,0.21843177189409368,1,1
801011008,Florey,80101,Belconnen,801,Australian Capital Territory,8ACTE,Australian Capital Territory,8,Australian Capital Territory,ACT,2.7554,39,1950,1023,415,2453,0.8,2082,2.5,1719,1835,0.9367847411444141,0.18382780686445607,0.2385107620709715,0.5212332751599767,0.30948225712623617,0.1762652705061082,1835,0.3242506811989101,0.3128065395095368,0.34005449591280656,1,1
801011009,Flynn (ACT),80101,Belconnen,801,Australian Capital Territory,8ACTE,Australian Capital Territory,8,Australian Capital Territory,ACT,2.0955,37,2167,1173,481,2997,0.8,2728,2.9,1153,1214,0.9497528830313015,0.10841283607979185,0.13876843018213356,0.6461405030355594,0.4518647007805724,0.26019080659150046,1214,0.34102141680395387,0.4901153212520593,0.15650741350906094,1,1
801011010,Fraser,80101,Belconnen,801,Australian Capital Territory,8ACTE,Australian Capital Territory,8,Australian Capital Territory,ACT,2.4751,41,2167,1164,450,2872,0.8,2618,2.9,691,730,0.9465753424657535,0.12011577424023155,0.15918958031837915,0.6353111432706223,0.4356005788712012,0.2619392185238784,730,0.40684931506849314,0.4821917808219178,0.10410958904109589,1,0
801011011,Giralang,80101,Belconnen,801,Australian Capital Territory,8ACTE,Australian Capital Territory,8,Australian Capital Territory,ACT,2.4467,38,2167,1143,460,2816,0.8,2447,2.7,1149,1196,0.9607023411371237,0.11575282854656223,0.15230635335073978,0.6040034812880766,0.38903394255874674,0.2349869451697128,1196,0.3745819397993311,0.40217391304347827,0.1931438127090301,1,1
801011012,Gooromon,80101,Belconnen,801,Australian Capital Territory,8ACTE,Australian Capital Territory,8,Australian Capital Territory,ACT,9.9448,30,0,3250,0,7000,0.8,7000,4.0,0,0,,,,,,,0,,,,0,0
801011013,Hawker,80101,Belconnen,801,Australian Capital Territory,8ACTE,Australian Capital Territory,8,Australian Capital Territory,ACT,1.9562,42,2000,1169,375,2826,0.7,2251,2.5,1156,1181,0.97883149872989,0.1453287197231834,0.1980968858131488,0.5605536332179931,0.3538062283737024,0.2430795847750865,1181,0.4462320067739204,0.3099068585944115,0.2286198137171888,1,1
801011014,Higgins,80101,Belconnen,801,Australian Capital Territory,8ACTE,Australian Capital Territory,8,Australian Capital Territory,ACT,1.6743,38,2000,1053,400,2614,0.8,2248,2.6,1192,1236,0.9644012944983819,0.1568791946308725,0.2156040268456376,0.5620805369127517,0.3288590604026846,0.15771812080536912,1236,0.30258899676375406,0.4425566343042071,0.22572815533980584,1,1
801011015,Holt,80101,Belconnen,801,Australian Capital Territory,8ACTE,Australian Capital Territory,8,Australian Capital Territory,ACT,3.2957,36,1950,1041,396,2441,0.8,1983,2.4,2200,2289,0.9611183923110529,0.20318181818181819,0.25181818181818183,0.49318181818181817,0.26227272727272727,0.12,2289,0.2686762778505898,0.4272608125819135,0.2704237658366099,1,1
801011016,Kaleen,80101,Belconnen,801,Australian Capital Territory,8ACTE,Australian Capital Territory,8,Australian Capital Territory,ACT,6.0268,39,2167,1050,460,2695,0.8,2336,2.7,2525,2677,0.9432200224131491,0.14138613861386137,0.18099009900990098,0.5778217821782178,0.3782178217821782,0.22415841584158416,2677,0.39484497571908855,0.3384385506163616,0.24542398206948077,1,1
801011017,Latham,80101,Belconnen,801,Australian Capital Territory,8ACTE,Australian Capital Territory,8,Australian Capital Territory,ACT,2.7312,38,2000,1089,400,2495,0.8,2125,2.6,1326,1401,0.9464668094218416,0.15610859728506787,0.20889894419306185,0.5339366515837104,0.31070889894419307,0.15987933634992457,1401,0.31905781584582443,0.44682369735902927,0.20842255531763026,1,1
801011018,Lawson,80101,Belconnen,801,Australian Capital Territory,8ACTE,Australian Capital Territory,8,Australian Capital Territory,ACT,3.0845,28,2000,1190,548,2753,0.9,2492,2.6,905,990,0.9141414141414141,0.05856353591160221,0.07845303867403315,0.6828729281767956,0.40331491712707185,0.20994475138121546,990,0.07878787878787878,0.44646464646464645,0.4575757575757576,1,0
801011019,Macgregor (ACT),80101,Belconnen,801,Australian Capital Territory,8ACTE,Australian Capital Territory,8,Australian Capital Territory,ACT,4.2749,34,2000,1172,464,2625,0.8,2344,2.7,2392,2502,0.95603517186251,0.09657190635451506,0.1341973244147157,0.6099498327759197,0.33235785953177255,0.15342809364548496,2502,0.2070343725019984,0.5759392486011191,0.20343725019984013,1,1
801011020,Macquarie,80101,Belconnen,801,Australian Capital Territory,8ACTE,Australian Capital Territory,8,Australian Capital Territory,ACT,1.7004,37,2000,1078,400,2530,0.8,1947,2.3,1210,1260,0.9603174603174603,0.18429752066115704,0.23305785123966943,0.49173553719008267,0.2909090909090909,0.17355371900826447,1260,0.319047619047619,0.2865079365079365,0.37142857142857144,1,1
801011021,McKellar,80101,Belconnen,801,Australian Capital Territory,8ACTE,Australian Capital Territory,8,Australian Capital Territory,ACT,1.414,43,2167,1160,438,3051,0.7,2687,2.7,913,963,0.9480789200415368,0.1456736035049288,0.1796276013143483,0.6308871851040526,0.4534501642935378,0.26944140197152244,963,0.4226375908618899,0.37487019730010385,0.18795430944963656,1,0
801011022,Melba,80101,Belconnen,801,Australian Capital Territory,8ACTE,Australian Capital Territory,8,Australian Capital Territory,ACT,2.3073,38,2100,1118,400,2767,0.8,2326,2.7,1128,1198,0.9415692821368948,0.14095744680851063,0.19326241134751773,0.574468085106383,0.38120567375886527,0.22695035460992907,1198,0.34641068447412354,0.4340567612687813,0.20617696160267113,1,1
801011023,Page,80101,Belconnen,801,Australian Capital Territory,8ACTE,Australian Capital Territory,8,Australian Capital Territory,ACT,1.3225,40,2000,932,438,2308,0.8,1773,2.3,1121,1180,0.95,0.215878679750223,0.28902765388046386,0.4487065120428189,0.2542372881355932,0.1239964317573595,1180,0.3423728813559322,0.2584745762711864,0.3220338983050847,1,1
801011024,Scullin,80101,Belconnen,801,Australian Capital Territory,8ACTE,Australian Capital Territory,8,Australian Capital Territory,ACT,1.426,35,1950,1041,390,2425,0.8,2025,2.6,1087,1147,0.9476896251089799,0.16835326586936522,0.21803127874885003,0.5133394664213431,0.30542778288868444,0.13615455381784727,1147,0.27114210985178727,0.3966870095902354,0.32519616390584133,1,1
801011025,Spence,80101,Belconnen,801,Australian Capital Territory,8ACTE,Australian Capital Territory,8,Australian Capital Territory,ACT,1.5224,38,2120,1125,375,2747,0.8,2358,2.7,894,926,0.9654427645788337,0.15436241610738255,0.19463087248322147,0.5816554809843401,0.36017897091722595,0.20022371364653244,926,0.3282937365010799,0.4524838012958963,0.19870410367170627,1,0
801011026,Weetangera,80101,Belconnen,801,Australian Capital Territory,8ACTE,Australian Capital Territory,8,Australian Capital Territory,ACT,1.5832,41,2500,1332,490,3730,0.8,3349,2.9,894,930,0.9612903225806452,0.06375838926174497,0.0894854586129754,0.7125279642058165,0.5458612975391499,0.41946308724832215,930,0.46559139784946235,0.3763440860215054,0.14623655913978495,1,0
801011111,Molonglo Corridor,80101,Belconnen,801,Australian Capital Territory,8ACTE,Australian Capital Territory,8,Australian Capital Territory,ACT,24.9139,19,0,900,375,4750,0.9,4750,4.3,0,5,0.0,,,,,,5,0.0,0.0,0.0,0,0
801011142,Macnamara,80101,Belconnen,801,Australian Capital Territory,8ACTE,Australian Capital Territory,8,Australian Capital Territory,ACT,4.2096,0,0,0,0,0,0.0,0,0.0,0,0,,,,,,,0,,,,0,0
801011143,Strathnairn,80101,Belconnen,801,Australian Capital Territory,8ACTE,Australian Capital Territory,8,Australian Capital Territory,ACT,4.1957,30,2191,1236,515,2727,0.8,2629,2.9,227,239,0.9497907949790795,0.013215859030837005,0.013215859030837005,0.6916299559471366,0.40969162995594716,0.15418502202643172,239,0.0794979079497908,0.8535564853556485,0.058577405857740586,0,0
801011144,West Belconnen,80101,Belconnen,801,Australian Capital Territory,8ACTE,Australian Capital Territory,8,Australian Capital Territory,ACT,3.0161,37,0,1325,150,4499,1.0,3750,3.7,0,3,0.0,,,,,,3,0.0,0.0,0.0,0,0
801031031,Hume,80103,Canberra East,801,Australian Capital Territory,8ACTE,Australian Capital Territory,8,Australian Capital Territory,ACT,8.5646,34,0,725,110,2250,1.0,1187,2.0,0,7,0.0,,,,,,7,0.5714285714285714,0.0,0.0,0,0
801031032,Kowen,80103,Canberra East,801,Australian Capital Territory,8ACTE,Australian Capital Territory,8,Australian Capital Territory,ACT,76.9339,36,2600,900,340,3749,1.0,3749,4.0,8,5,1.6,0.0,0.0,0.5,0.5,0.5,5,0.0,0.0,0.0,0,0
801031113,Canberra East,80103,Canberra East,801,Australian Capital Territory,8ACTE,Australian Capital Territory,8,Australian Capital Territory,ACT,31.069,47,1546,746,263,1640,0.9,1003,1.8,384,404,0.9504950495049505,0.4270833333333333,0.4973958333333333,0.22395833333333334,0.10677083333333333,0.041666666666666664,404,0.48514851485148514,0.11138613861386139,0.3589108910891089,0,0
801031114,Canberra Airport,80103,Canberra East,801,Australian Capital Territory,8ACTE,Australian Capital Territory,8,Australian Capital Territory,ACT,5.5374,39,1300,1215,420,2625,0.8,2218,2.3,34,44,0.7727272727272727,0.08823529411764706,0.08823529411764706,0.6470588235294118,0.2647058823529412,0.14705882352941177,44,0.06818181818181818,0.0,0.75,0,0
801031115,Majura,80103,Canberra East,801,Australian Capital Territory,8ACTE,Australian Capital Territory,8,Australian Capital Territory,ACT,89.6908,27,3033,1161,365,3187,1.0,3156,3.0,62,56,1.1071428571428572,0.06451612903225806,0.06451612903225806,0.6451612903225806,0.46774193548387094,0.25806451612903225,56,0.23214285714285715,0.23214285714285715,0.375,0,0
801041034,Amaroo,80104,Gungahlin,801,Australian Capital Territory,8ACTE,Australian Capital Territory,8,Australian Capital Territory,ACT,2.5872,35,2158,1207,460,3089,0.8,2769,2.9,1966,2039,0.9641981363413438,0.10274669379450661,0.13835198372329605,0.6663275686673449,0.4557477110885046,0.2538148524923703,2039,0.21775380088278568,0.491417361451692,0.2775870524767043,1,1
801041035,Bonner,80104,Gungahlin,801,Australian Capital Territory,8ACTE,Australian Capital Territory,8,Australian Capital Territory,ACT,2.7559,30,2167,1183,520,2848,0.9,2811,3.4,2005,2116,0.9475425330812854,0.058354114713216956,0.08728179551122195,0.7167082294264339,0.45785536159601,0.2483790523690773,2116,0.09310018903591682,0.5661625708884688,0.32608695652173914,1,1
801041036,Casey,80104,Gungahlin,801,Australian Capital Territory,8ACTE,Australian Capital Territory,8,Australian Capital Territory,ACT,2.6225,32,2167,1349,502,2967,0.9,2680,2.9,2082,2202,0.9455040871934605,0.06676272814601344,0.09077809798270893,0.6930835734870316,0.4346781940441883,0.23631123919308358,2202,0.11534968210717529,0.5758401453224341,0.29336966394187103,1,1
801041037,Crace,80104,Gungahlin,801,Australian Capital Territory,8ACTE,Australian Capital Territory,8,Australian Capital Territory,ACT,1.6518,34,2400,1395,460,3235,0.9,2811,2.8,1594,1686,0.9454329774614472,0.0740276035131744,0.10727728983688833,0.6744040150564617,0.46737766624843163,0.30175658720200754,1686,0.13345195729537365,0.47805456702253857,0.33807829181494664,1,1
801041038,Forde,80104,Gungahlin,801,Australian Capital Territory,8ACTE,Australian Capital Territory,8,Australian Capital Territory,ACT,1.9171,35,2481,1548,590,3730,0.8,3553,3.2,1314,1373,0.9570284049526584,0.0578386605783866,0.07229832572298325,0.7884322678843226,0.6156773211567732,0.4170471841704718,1373,0.16460305899490169,0.596504005826657,0.22796795338674436,1,1
801041039,Franklin,80104,Gungahlin,801,Australian Capital Territory,8ACTE,Australian Capital Territory,8,Australian Capital Territory,ACT,2.2966,30,1885,1121,460,2524,1.0,2383,2.8,2464,2609,0.9444231506324262,0.07467532467532467,0.10957792207792208,0.6298701298701299,0.3547077922077922,0.2012987012987013,2609,0.10233806055960137,0.4131851284016865,0.4591797623610579,1,1
801041040,Gungahlin,80104,Gungahlin,801,Australian Capital Territory,8ACTE,Australian Capital Territory,8,Australian Capital Territory,ACT,4.5642,31,1801,1049,450,2395,1.0,2208,2.6,3060,3219,0.9506057781919851,0.11568627450980393,0.16241830065359478,0.5630718954248366,0.3137254901960784,0.1803921568627451,3219,0.13202858030444237,0.32246039142590865,0.5250077663870767,1,1
801041043,Hall,80104,Gungahlin,801,Australian Capital Territory,8ACTE,Australian Capital Territory,8,Australian Capital Territory,ACT,2.8718,47,2950,1110,375,3208,0.8,2681,2.8,106,105,1.0095238095238095,0.19811320754716982,0.2358490566037736,0.6037735849056604,0.42452830188679247,0.2641509433962264,105,0.5047619047619047,0.2571428571428571,0.18095238095238095,0,0
801041044,Harrison,80104,Gungahlin,801,Australian Capital Territory,8ACTE,Australian Capital Territory,8,Australian Capital Territory,ACT,2.9168,31,2000,1207,450,2878,1.0,2636,2.9,2598,2768,0.9385838150289018,0.07544264819091609,0.10431100846805234,0.6716705157813703,0.4287913779830639,0.2559661277906082,2768,0.1069364161849711,0.4194364161849711,0.4541184971098266,1,1
801041045,Mitchell,80104,Gungahlin,801,Australian Capital Territory,8ACTE,Australian Capital Territory,8,Australian Capital Territory,ACT,7.3847,44,0,575,0,0,0.6,874,1.5,0,4,0.0,,,,,,4,0.0,0.0,0.0,0,0
801041046,Ngunnawal,80104,Gungahlin,801,Australian Capital Territory,8ACTE,Australian Capital Territory,8,Australian Capital Territory,ACT,4.1591,34,1950,1124,450,2479,0.8,2219,2.6,3848,4053,0.9494201825808043,0.13721413721413722,0.17983367983367984,0.5769230769230769,0.3087318087318087,0.1457900207900208,4053,0.20996792499383174,0.4924747100912904,0.26153466567974337,1,1
801041047,Nicholls,80104,Gungahlin,801,Australian Capital Territory,8ACTE,Australian Capital Territory,8,Australian Capital Territory,ACT,6.7016,44,2300,1251,502,3429,0.7,3134,2.9,2162,2276,0.9499121265377856,0.09250693802035152,0.1244218316373728,0.6854764107308048,0.5194264569842738,0.36262719703977797,2276,0.4099297012302285,0.4310193321616872,0.14630931458699473,1,1
801041048,Palmerston,80104,Gungahlin,801,Australian Capital Territory,8ACTE,Australian Capital Territory,8,Australian Capital Territory,ACT,1.9481,36,1940,1134,450,2686,0.8,2316,2.6,1950,2038,0.956820412168793,0.1476923076923077,0.19230769230769232,0.5866666666666667,0.3569230769230769,0.19179487179487179,2038,0.2831207065750736,0.41952894995093226,0.2826300294406281,1,1
801041116,Gungahlin - East,80104,Gungahlin,801,Australian Capital Territory,8ACTE,Australian Capital Territory,8,Australian Capital Territory,ACT,17.2009,0,0,0,0,0,0.0,0,0.0,0,0,,,,,,,0,,,,0,0
801041117,Gungahlin - West,80104,Gungahlin,801,Australian Capital Territory,8ACTE,Australian Capital Territory,8,Australian Capital Territory,ACT,13.7405,0,0,0,0,0,0.0,0,0.0,0,0,,,,,,,0,,,,0,0
801041118,Jacka,80104,Gungahlin,801,Australian Capital Territory,8ACTE,Australian Capital Territory,8,Australian Capital Territory,ACT,2.9098,30,1772,1161,450,2370,1.0,2160,2.9,207,237,0.8734177215189873,0.07729468599033816,0.10144927536231885,0.5893719806763285,0.27053140096618356,0.11594202898550725,237,0.046413502109704644,0.6075949367088608,0.34177215189873417,0,0
801041119,Kenny,80104,Gungahlin,801,Australian Capital Territory,8ACTE,Australian Capital Territory,8,Australian Capital Territory,ACT,6.1708,17,0,762,227,2499,1.2,1375,2.7,0,3,0.0,,,,,,3,0.0,0.0,1.0,0,0
801041120,Moncrieff,80104,Gungahlin,801,Australian Capital Territory,8ACTE,Australian Capital Territory,8,Australian Capital Territory,ACT,1.9172,30,2167,1222,470,2735,0.9,2699,3.2,1517,1604,0.9457605985037406,0.07317073170731707,0.0975609756097561,0.7027027027027027,0.4199077125906394,0.2003955174686882,1604,0.05673316708229426,0.6882793017456359,0.2387780548628429,1,1
801041121,Taylor,80104,Gungahlin,801,Australian Capital Territory,8ACTE,Australian Capital Territory,8,Australian Capital Territory,ACT,4.0821,30,2500,1113,282,2527,1.0,2655,3.4,601,629,0.9554848966613673,0.11980033277870217,0.1464226289517471,0.6655574043261231,0.40099833610648916,0.19800332778702162,629,0.03656597774244833,0.699523052464229,0.2480127186009539,1,0
801041122,Throsby,80104,Gungahlin,801,Australian Capital Territory,8ACTE,Australian Capital Territory,8,Australian Capital Territory,ACT,1.4792,31,2710,1342,375,3160,0.9,3181,3.3,672,713,0.9424964936886395,0.06101190476190476,0.0818452380952381,0.7782738095238095,0.5401785714285714,0.30357142857142855,713,0.07433380084151472,0.6942496493688639,0.2300140252454418,1,0
801051049,Acton,80105,North Canberra,801,Australian Capital Territory,8ACTE,Australian Capital Territory,8,Australian Capital Territory,ACT,2.7374,19,0,257,9,0,1.0,0,1.0,0,0,,,,,,,0,,,,0,0
801051050,Ainslie,80105,North Canberra,801,Australian Capital Territory,8ACTE,Australian Capital Territory,8,Australian Capital Territory,ACT,3.5405,42,2600,1236,367,3578,0.8,2434,2.5,1895,2018,0.9390485629335976,0.18575197889182057,0.22321899736147757,0.5836411609498681,0.43905013192612136,0.32928759894459103,2018,0.30773042616451934,0.2993062438057483,0.3270564915758176,1,1
801051051,Braddon,80105,North Canberra,801,Australian Capital Territory,8ACTE,Australian Capital Territory,8,Australian Capital Territory,ACT,1.4078,30,1803,1512,495,3029,1.1,2259,1.8,3229,3380,0.9553254437869823,0.11520594611334778,0.1415298854134407,0.6001858160421183,0.33106224837410964,0.19046144317126046,3380,0.11242603550295859,0.26893491124260355,0.6041420118343195,1,1
801051053,Civic,80105,North Canberra,801,Australian Capital Territory,8ACTE,Australian Capital Territory,8,Australian Capital Territory,ACT,1.4309,27,1950,1076,550,2895,1.1,2232,1.7,1710,1796,0.9521158129175946,0.11052631578947368,0.13976608187134504,0.5888888888888889,0.34269005847953216,0.2046783625730994,1796,0.15423162583518932,0.20879732739420936,0.6163697104677061,1,1
801051054,Dickson,80105,North Canberra,801,Australian Capital Territory,8ACTE,Australian Capital Territory,8,Australian Capital Territory,ACT,1.578,30,1904,1303,500,2895,1.0,2277,2.2,1365,1431,0.9538784067085954,0.1282051282051282,0.16776556776556775,0.5853479853479854,0.34285714285714286,0.20146520146520147,1431,0.1949685534591195,0.33193570929419985,0.4591194968553459,1,1
801051055,Downer,80105,North Canberra,801,Australian Capital Territory,8ACTE,Australian Capital Territory,8,Australian Capital Territory,ACT,1.6342,35,2167,1125,420,2882,0.9,2267,2.5,1546,1626,0.95079950799508,0.15847347994825356,0.2018111254851229,0.5653298835705045,0.37257438551099614,0.22897800776196636,1626,0.2687576875768758,0.3456334563345633,0.36100861008610086,1,1
801051056,Hackett,80105,North Canberra,801,Australian Capital Territory,8ACTE,Australian Capital Territory,8,Australian Capital Territory,ACT,1.9498,40,2500,1361,374,3555,0.8,2623,2.6,1122,1181,0.9500423370025403,0.12566844919786097,0.15508021390374332,0.6283422459893048,0.4679144385026738,0.31907308377896615,1181,0.37256562235393736,0.3793395427603726,0.23370025402201525,1,1
801051057,Lyneham,80105,North Canberra,801,Australian Capital Territory,8ACTE,Australian Capital Territory,8,Australian Capital Territory,ACT,5.4776,35,1800,1200,425,2731,0.9,2084,2.1,2386,2514,0.949085123309467,0.15800502933780386,0.2032690695725063,0.5247275775356245,0.3034367141659681,0.18021793797150043,2514,0.22991249005568815,0.25855210819411295,0.48289578361177404,1,1
801051058,O'Connor (ACT),80105,North Canberra,801,Australian Capital Territory,8ACTE,Australian Capital Territory,8,Australian Capital Territory,ACT,4.9286,35,2500,1261,451,3463,0.9,2518,2.5,2138,2253,0.9489569462938304,0.14733395696913001,0.17867165575304023,0.616931711880262,0.42890551917680075,0.3115060804490178,2253,0.3124722592099423,0.2898357745228584,0.37683089214380827,1,1
801051060,Turner,80105,North Canberra,801,Australian Capital Territory,8ACTE,Australian Capital Territory,8,Australian Capital Territory,ACT,1.5376,31,1901,1448,480,3199,1.0,2330,2.0,2055,2138,0.961178671655753,0.12068126520681265,0.1440389294403893,0.6184914841849148,0.3678832116788321,0.22384428223844283,2138,0.17212347988774557,0.2614593077642657,0.5430308699719364,1,1
801051061,Watson,80105,North Canberra,801,Australian Capital Territory,8ACTE,Australian Capital Territory,8,Australian Capital Territory,ACT,3.6744,34,2067,1354,437,3066,0.8,2414,2.4,2539,2658,0.95522949586155,0.11106734935013785,0.15045293422607325,0.6207168176447421,0.3922804253643167,0.2367073651043718,2658,0.22610985703536493,0.42437923250564336,0.33370955605718583,1,1
801051123,Black Mountain,80105,North Canberra,801,Australian Capital Territory,8ACTE,Australian Capital Territory,8,Australian Capital Territory,ACT,6.7267,0,0,0,0,0,0.0,0,0.0,0,0,,,,,,,0,,,,0,0
801051124,Campbell,80105,North Canberra,801,Australian Capital Territory,8ACTE,Australian Capital Territory,8,Australian Capital Territory,ACT,3.1593,38,2400,1592,550,3969,0.8,3048,2.3,1758,1838,0.956474428726877,0.08361774744027303,0.10409556313993173,0.699089874857793,0.5068259385665529,0.3651877133105802,1838,0.32317736670293795,0.31991294885745375,0.337867247007617,1,1
801051125,Duntroon,80105,North Canberra,801,Australian Capital Territory,8ACTE,Australian Capital Territory,8,Australian Capital Territory,ACT,2.4118,21,0,962,270,3250,0.8,3100,2.8,136,144,0.9444444444444444,0.0,0.0,0.7573529411764706,0.5,0.2647058823529412,144,0.0,0.0,0.9513888888888888,0,0
801051126,Parkes (ACT) - North,80105,North Canberra,801,Australian Capital Territory,8ACTE,Australian Capital Territory,8,Australian Capital Territory,ACT,1.0976,32,0,225,0,0,0.0,0,0.0,0,0,,,,,,,0,,,,0,0
801051127,Reid,80105,North Canberra,801,Australian Capital Territory,8ACTE,Australian Capital Territory,8,Australian Capital Territory,ACT,0.9367,40,2300,1335,430,3301,0.9,2272,2.0,649,697,0.9311334289813487,0.18489984591679506,0.2033898305084746,0.576271186440678,0.38058551617873654,0.2573189522342065,697,0.3012912482065997,0.21807747489239598,0.45911047345767575,1,0
801051128,Russell,80105,North Canberra,801,Australian Capital Territory,8ACTE,Australian Capital Territory,8,Australian Capital Territory,ACT,0.4939,0,0,0,0,0,0.0,0,0.0,0,0,,,,,,,0,,,,0,0
801061062,Deakin,80106,South Canberra,801,Australian Capital Territory,8ACTE,Australian Capital Territory,8,Australian Capital Territory,ACT,3.5714,45,3180,1577,560,4211,0.7,3117,2.4,1132,1209,0.9363110008271298,0.10777385159010601,0.13869257950530034,0.6890459363957597,0.5203180212014135,0.40724381625441697,1209,0.44168734491315137,0.2878411910669975,0.20678246484698098,1,1
801061063,Forrest,80106,South Canberra,801,Australian Capital Territory,8ACTE,Australian Capital Territory,8,Australian Capital Territory,ACT,1.5901,47,2520,1816,570,4532,0.8,3363,2.2,761,786,0.9681933842239185,0.07490144546649145,0.08935611038107753,0.7319316688567674,0.5427069645203679,0.4204993429697766,786,0.37659033078880405,0.2926208651399491,0.3053435114503817,1,0
801061064,Griffith (ACT),80106,South Canberra,801,Australian Capital Territory,8ACTE,Australian Capital Territory,8,Australian Capital Territory,ACT,2.7559,38,2118,1572,462,3649,0.9,2542,2.1,2208,2319,0.9521345407503234,0.08786231884057971,0.1068840579710145,0.6711956521739131,0.4388586956521739,0.3129528985507246,2319,0.2501078050884002,0.3221216041397154,0.4049159120310479,1,1
801061066,Lake Burley Griffin,80106,South Canberra,801,Australian Capital Territory,8ACTE,Australian Capital Territory,8,Australian Capital Territory,ACT,6.1594,0,0,0,0,0,0.0,0,0.0,0,0,,,,,,,0,,,,0,0
801061067,Narrabundah,80106,South Canberra,801,Australian Capital Territory,8ACTE,Australian Capital Territory,8,Australian Capital Territory,ACT,4.0907,40,2392,1250,440,3223,0.8,2353,2.4,2332,2446,0.9533932951757972,0.1732418524871355,0.21526586620926244,0.5810463121783876,0.4056603773584906,0.27958833619210977,2446,0.2632869991823385,0.32910874897792314,0.36222403924775143,1,1
801061068,Parkes (ACT) - South,80106,South Canberra,801,Australian Capital Territory,8ACTE,Australian Capital Territory,8,Australian Capital Territory,ACT,1.8118,82,0,824,178,0,1.0,1375,2.0,0,0,,,,,,,0,,,,0,0
801061069,Red Hill (ACT),80106,South Canberra,801,Australian Capital Territory,8ACTE,Australian Capital Territory,8,Australian Capital Territory,ACT,4.8606,42,3500,1469,500,4667,0.8,3938,2.8,943,1011,0.9327398615232443,0.07104984093319194,0.09544008483563096,0.7486744432661718,0.6076352067868505,0.5015906680805938,1011,0.3916913946587537,0.3580613254203759,0.2176063303659743,1,0
801061070,Yarralumla,80106,South Canberra,801,Australian Capital Territory,8ACTE,Australian Capital Territory,8,Australian Capital Territory,ACT,7.2105,50,3425,1591,547,4506,0.7,3327,2.4,1174,1233,0.9521492295214923,0.10051107325383304,0.12776831345826234,0.7086882453151618,0.555366269165247,0.43270868824531517,1233,0.47769667477696676,0.26520681265206814,0.22952149229521493,1,1
801061129,Barton,80106,South Canberra,801,Australian Capital Territory,8ACTE,Australian Capital Territory,8,Australian Capital Territory,ACT,1.1901,39,2015,1775,525,3524,1.0,2462,1.7,895,943,0.9490986214209968,0.03128491620111732,0.042458100558659215,0.7217877094972067,0.4301675977653631,0.2782122905027933,943,0.2301166489925769,0.2863202545068929,0.47613997879109227,1,0
801061130,Fyshwick,80106,South Canberra,801,Australian Capital Territory,8ACTE,Australian Capital Territory,8,Australian Capital Territory,ACT,9.7669,37,3033,599,323,2249,1.0,1374,1.8,3,11,0.2727272727272727,0.0,1.0,0.0,0.0,0.0,11,0.0,0.0,1.0,0,0
801061131,Kingston (ACT),80106,South Canberra,801,Australian Capital Territory,8ACTE,Australian Capital Territory,8,Australian Capital Territory,ACT,1.4039,35,1950,1777,510,3557,0.9,2469,1.8,3162,3293,0.9602186456119041,0.055977229601518026,0.07621758380771664,0.6932321315623023,0.43137254901960786,0.27703984819734345,3293,0.17461281506225326,0.30610385666565443,0.5080473732159125,1,1
801071071,Banks,80107,Tuggeranong,801,Australian Capital Territory,8ACTE,Australian Capital Territory,8,Australian Capital Territory,ACT,2.2533,35,2000,1168,424,2741,0.8,2419,2.8,1671,1772,0.9430022573363431,0.10771992818671454,0.13704368641532017,0.6080191502094554,0.36983842010771995,0.18970676241771395,1772,0.21218961625282168,0.5976297968397292,0.17720090293453725,1,1
801071072,Bonython,80107,Tuggeranong,801,Australian Capital Territory,8ACTE,Australian Capital Territory,8,Australian Capital Territory,ACT,2.9045,38,1950,1135,445,2562,0.8,2223,2.6,1343,1443,0.9306999306999307,0.1377513030528667,0.17498138495904692,0.5688756515264334,0.33358153387937456,0.1727475800446761,1443,0.30838530838530837,0.3970893970893971,0.2751212751212751,1,1
801071073,Calwell,80107,Tuggeranong,801,Australian Capital Territory,8ACTE,Australian Capital Territory,8,Australian Capital Territory,ACT,3.8922,37,2000,1192,448,2842,0.8,2460,2.7,1903,2018,0.9430128840436075,0.09038360483447189,0.12243825538623226,0.6368891224382554,0.395691014188124,0.2233315817130846,2018,0.29732408325074333,0.5376610505450942,0.1491575817641229,1,1
801071074,Chisholm,80107,Tuggeranong,801,Australian Capital Territory,8ACTE,Australian Capital Territory,8,Australian Capital Territory,ACT,3.1046,37,2000,1088,410,2570,0.8,2292,2.7,1758,1862,0.9441460794844253,0.1353811149032992,0.17064846416382254,0.5927189988623436,0.3390216154721274,0.16723549488054607,1862,0.2878625134264232,0.49785177228786254,0.19763694951664876,1,1
801071075,Conder,80107,Tuggeranong,801,Australian Capital Territory,8ACTE,Australian Capital Territory,8,Australian Capital Territory,ACT,4.5237,37,2148,1179,390,2907,0.8,2574,2.8,1655,1753,0.944095835710211,0.11661631419939578,0.15589123867069488,0.6422960725075528,0.42114803625377645,0.2350453172205438,1753,0.2567027952082145,0.5482030804335425,0.17683970336565888,1,1
801071076,Fadden,80107,Tuggeranong,801,Australian Capital Territory,8ACTE,Australian Capital Territory,8,Australian Capital Territory,ACT,3.1064,43,2383,1415,620,3557,0.7,3302,2.9,967,1039,0.9307025986525506,0.04963805584281282,0.08479834539813857,0.7414684591520165,0.5573940020682523,0.38055842812823165,1039,0.4494706448508181,0.4773820981713186,0.06641000962463908,1,0
801071077,Gilmore,80107,Tuggeranong,801,Australian Capital Territory,8ACTE,Australian Capital Territory,8,Australian Capital Territory,ACT,2.0454,37,2048,1164,430,2725,0.8,2416,2.8,902,948,0.9514767932489452,0.12195121951219512,0.15077605321507762,0.6186252771618626,0.37915742793791574,0.20288248337028825,948,0.29852320675105487,0.44936708860759494,0.22573839662447256,1,0
801071078,Gordon (ACT),80107,Tuggeranong,801,Australian Capital Territory,8ACTE,Australian Capital Territory,8,Australian Capital Territory,ACT,4.4416,38,1950,1157,420,2742,0.8,2321,2.7,2728,2874,0.9491997216423104,0.13563049853372433,0.17228739002932553,0.5850439882697948,0.36326979472140764,0.19464809384164222,2874,0.2720946416144746,0.5080027835768963,0.19276270006958943,1,1
801071079,Gowrie (ACT),80107,Tuggeranong,801,Australian Capital Territory,8ACTE,Australian Capital Territory,8,Australian Capital Territory,ACT,1.9317,38,2167,1207,440,2908,0.7,2674,2.8,1059,1106,0.9575045207956601,0.11425873465533522,0.1501416430594901,0.6402266288951841,0.43153918791312557,0.24929178470254956,1106,0.3471971066907776,0.48282097649186256,0.15551537070524413,1,1
801071080,Greenway,80107,Tuggeranong,801,Australian Capital Territory,8ACTE,Australian Capital Territory,8,Australian Capital Territory,ACT,5.3071,36,1625,1197,450,2341,0.9,1857,1.9,2001,2088,0.9583333333333334,0.1359320339830085,0.18940529735132433,0.45577211394302847,0.20789605197401298,0.10294852573713144,2088,0.22701149425287356,0.342911877394636,0.3879310344827586,1,1
801071081,Isabella Plains,80107,Tuggeranong,801,Australian Capital Territory,8ACTE,Australian Capital Territory,8,Australian Capital Territory,ACT,2.495,36,1880,1084,450,2502,0.8,2131,2.6,1493,1613,0.9256044637321761,0.15472203616878769,0.2016075016744809,0.5378432685867381,0.3141326188881447,0.14333556597454788,1613,0.28084314941103533,0.4810911345319281,0.19280843149411037,1,1
801071082,Kambah,80107,Tuggeranong,801,Australian Capital Territory,8ACTE,Australian Capital Territory,8,Australian Capital Territory,ACT,11.3361,41,2000,1070,400,2630,0.7,2207,2.6,5571,5852,0.9519822282980178,0.1541913480524143,0.20247711362412493,0.5530425417339795,0.3439238915814037,0.19027104649075569,5852,0.35628844839371154,0.40789473684210525,0.21086807928913193,1,1
801071083,Macarthur,80107,Tuggeranong,801,Australian Capital Territory,8ACTE,Australian Capital Territory,8,Australian Capital Territory,ACT,1.3014,39,2200,1334,520,3232,0.7,3037,2.9,442,488,0.9057377049180327,0.05203619909502263,0.07013574660633484,0.7217194570135747,0.5271493212669683,0.3167420814479638,488,0.42418032786885246,0.4651639344262295,0.09836065573770492,0,0
801071084,Monash,80107,Tuggeranong,801,Australian Capital Territory,8ACTE,Australian Capital Territory,8,Australian Capital Territory,ACT,3.4119,43,2058,1095,450,2682,0.7,2164,2.5,2020,2122,0.9519321394910462,0.16930693069306932,0.22772277227722773,0.5381188118811882,0.33613861386138616,0.18168316831683168,2122,0.3609802073515551,0.37794533459000945,0.19227144203581528,1,1
801071085,Mount Taylor,80107,Tuggeranong,801,Australian Capital Territory,8ACTE,Australian Capital Territory,8,Australian Capital Territory,ACT,10.9052,0,0,0,0,0,0.0,0,0.0,0,0,,,,,,,0,,,,0,0
801071086,Oxley (ACT),80107,Tuggeranong,801,Australian Capital Territory,8ACTE,Australian Capital Territory,8,Australian Capital Territory,ACT,1.0865,39,2150,1132,400,2754,0.8,2393,2.7,571,606,0.9422442244224423,0.12609457092819615,0.16112084063047286,0.5884413309982487,0.38353765323992994,0.2031523642732049,606,0.3333333333333333,0.42574257425742573,0.23102310231023102,1,0
801071087,Richardson,80107,Tuggeranong,801,Australian Capital Territory,8ACTE,Australian Capital Territory,8,Australian Capital Territory,ACT,2.2371,36,2000,1012,391,2327,0.8,2043,2.6,1056,1108,0.9530685920577617,0.15625,0.20833333333333334,0.5132575757575758,0.2755681818181818,0.11931818181818182,1108,0.2608303249097473,0.4720216606498195,0.2572202166064982,1,1
801071088,Theodore,80107,Tuggeranong,801,Australian Capital Territory,8ACTE,Australian Capital Territory,8,Australian Capital Territory,ACT,3.1353,36,2002,1195,430,2880,0.8,2588,2.8,1249,1320,0.9462121212121212,0.10168134507606084,0.1321056845476381,0.6429143314651722,0.40752602081665334,0.2177742193755004,1320,0.2590909090909091,0.5477272727272727,0.17727272727272728,1,1
801071089,Tuggeranong,80107,Tuggeranong,801,Australian Capital Territory,8ACTE,Australian Capital Territory,8,Australian Capital Territory,ACT,75.602,58,1798,1208,320,2750,1.1,1958,2.3,4,14,0.2857142857142857,0.0,0.0,0.0,0.0,0.0,14,0.0,0.5,0.0,0,0
801071090,Wanniassa,80107,Tuggeranong,801,Australian Capital Territory,8ACTE,Australian Capital Territory,8,Australian Capital Territory,ACT,5.3975,39,2100,1127,400,2700,0.8,2295,2.6,2744,2897,0.9471867449085261,0.1588921282798834,0.19788629737609328,0.5692419825072886,0.35495626822157433,0.20116618075801748,2897,0.35968243010010353,0.41353123921297896,0.20918191232309286,1,1
801071132,Tuggeranong - West,80107,Tuggeranong,801,Australian Capital Territory,8ACTE,Australian Capital Territory,8,Australian Capital Territory,ACT,9.2083,42,0,1042,546,2124,1.1,3750,5.0,0,0,,,,,,,0,,,,0,0
801081091,Chapman,80108,Weston Creek,801,Australian Capital Territory,8ACTE,Australian Capital Territory,8,Australian Capital Territory,ACT,1.8558,47,2600,1378,450,3490,0.7,3111,2.7,978,1023,0.9560117302052786,0.10224948875255624,0.1390593047034765,0.6860940695296524,0.516359918200409,0.3773006134969325,1023,0.4868035190615836,0.39589442815249265,0.1104594330400782,1,0
801081092,Duffy,80108,Weston Creek,801,Australian Capital Territory,8ACTE,Australian Capital Territory,8,Australian Capital Territory,ACT,2.7964,39,2476,1251,445,3099,0.7,2593,2.7,1170,1231,0.950446791226645,0.10341880341880341,0.14957264957264957,0.6247863247863248,0.43333333333333335,0.2982905982905983,1231,0.3647441104792851,0.4232331437855402,0.1868399675060926,1,1
801081093,Fisher,80108,Weston Creek,801,Australian Capital Territory,8ACTE,Australian Capital Territory,8,Australian Capital Territory,ACT,1.5822,40,2354,1206,415,3057,0.8,2275,2.5,1141,1213,0.9406430338004946,0.1656441717791411,0.2147239263803681,0.5547765118317266,0.3908851884312007,0.24715162138475022,1213,0.3907666941467436,0.39406430338004944,0.1912613355317395,1,1
801081094,Holder,80108,Weston Creek,801,Australian Capital Territory,8ACTE,Australian Capital Territory,8,Australian Capital Territory,ACT,1.8719,41,2167,1273,465,2915,0.7,2338,2.5,1048,1092,0.9597069597069597,0.13072519083969467,0.1650763358778626,0.5858778625954199,0.3797709923664122,0.24141221374045801,1092,0.38186813186813184,0.42216117216117216,0.1858974358974359,1,1
801081095,Rivett,80108,Weston Creek,801,Australian Capital Territory,8ACTE,Australian Capital Territory,8,Australian Capital Territory,ACT,1.6106,39,2140,1113,322,2765,0.7,2207,2.5,1208,1278,0.945226917057903,0.18874172185430463,0.2359271523178808,0.5463576158940397,0.34188741721854304,0.20033112582781457,1278,0.3192488262910798,0.41158059467918623,0.24726134585289514,1,1
801081096,Stirling,80108,Weston Creek,801,Australian Capital Territory,8ACTE,Australian Capital Territory,8,Australian Capital Territory,ACT,1.3226,46,2258,1020,460,2759,0.7,2206,2.6,721,770,0.9363636363636364,0.14840499306518723,0.1927877947295423,0.5547850208044383,0.3592233009708738,0.23855755894590847,770,0.43766233766233764,0.3012987012987013,0.22727272727272727,1,0
801081097,Waramanga,80108,Weston Creek,801,Australian Capital Territory,8ACTE,Australian Capital Territory,8,Australian Capital Territory,ACT,1.7098,38,2175,1179,379,2920,0.8,2247,2.5,1036,1073,0.9655172413793104,0.18146718146718147,0.2306949806949807,0.555984555984556,0.36776061776061775,0.22972972972972974,1073,0.32152842497670087,0.38024231127679403,0.2749301025163094,1,1
801081098,Weston,80108,Weston Creek,801,Australian Capital Territory,8ACTE,Australian Capital Territory,8,Australian Capital Territory,ACT,3.8462,42,2200,1242,420,3082,0.8,2361,2.5,1394,1469,0.9489448604492853,0.16284074605451937,0.20229555236728838,0.5911047345767575,0.40387374461979914,0.25968436154949787,1469,0.36215112321307014,0.37644656228727025,0.224642614023145,1,1
801081133,Scrivener,80108,Weston Creek,801,Australian Capital Territory,8ACTE,Australian Capital Territory,8,Australian Capital Territory,ACT,1.5532,70,2000,1812,245,3750,0.8,2324,1.5,0,3,0.0,,,,,,3,0.0,0.0,0.0,0,0
801091099,Chifley,80109,Woden Valley,801,Australian Capital Territory,8ACTE,Australian Capital Territory,8,Australian Capital Territory,ACT,1.5889,37,2383,1191,450,2940,0.8,2347,2.4,1004,1059,0.9480642115203022,0.14043824701195218,0.18824701195219123,0.5856573705179283,0.38147410358565736,0.2450199203187251,1059,0.31916902738432484,0.34277620396600567,0.32294617563739375,1,1
801091100,Curtin,80109,Woden Valley,801,Australian Capital Territory,8ACTE,Australian Capital Territory,8,Australian Capital Territory,ACT,4.8079,41,2600,1341,450,3673,0.8,2886,2.6,1926,2023,0.9520514087988137,0.12980269989615784,0.17082035306334373,0.6401869158878505,0.48390446521287644,0.35046728971962615,2023,0.40336134453781514,0.3336628769154721,0.2412259021255561,1,1
801091101,Farrer,80109,Woden Valley,801,Australian Capital Territory,8ACTE,Australian Capital Territory,8,Australian Capital Territory,ACT,2.0687,43,2600,1223,450,3226,0.8,2540,2.6,1303,1368,0.952485380116959,0.113584036838066,0.15732924021488873,0.6178050652340752,0.43054489639293936,0.3123561013046815,1368,0.3654970760233918,0.3706140350877193,0.15789473684210525,1,1
801091102,Garran,80109,Woden Valley,801,Australian Capital Territory,8ACTE,Australian Capital Territory,8,Australian Capital Territory,ACT,2.6965,41,2600,1349,550,3513,0.8,2985,2.7,1199,1257,0.9538583929992045,0.1067556296914095,0.13261050875729774,0.6864053377814846,0.4945788156797331,0.36613844870725604,1257,0.35719968178202066,0.31901352426412094,0.29832935560859186,1,1
801091103,Hughes,80109,Woden Valley,801,Australian Capital Territory,8ACTE,Australian Capital Territory,8,Australian Capital Territory,ACT,1.7894,43,2700,1298,400,3669,0.8,2797,2.6,1068,1131,0.9442970822281167,0.13295880149812733,0.1750936329588015,0.6385767790262172,0.48220973782771537,0.3548689138576779,1131,0.3651635720601238,0.3598585322723254,0.24049513704686118,1,1
801091104,Isaacs,80109,Woden Valley,801,Australian Capital Territory,8ACTE,Australian Capital Territory,8,Australian Capital Territory,ACT,3.0881,49,2300,1307,520,3148,0.7,2670,2.5,859,915,0.9387978142076503,0.1210710128055879,0.16181606519208383,0.619324796274738,0.4528521536670547,0.31664726426076834,915,0.5136612021857924,0.2994535519125683,0.1726775956284153,1,0
801091105,Lyons (ACT),80109,Woden Valley,801,Australian Capital Territory,8ACTE,Australian Capital Territory,8,Australian Capital Territory,ACT,2.2619,36,2383,1097,360,2629,0.9,2062,2.3,1280,1342,0.9538002980625931,0.17109375,0.21953125,0.51953125,0.3265625,0.20078125,1342,0.2593144560357675,0.2518628912071535,0.4225037257824143,1,1
801091106,Mawson,80109,Woden Valley,801,Australian Capital Territory,8ACTE,Australian Capital Territory,8,Australian Capital Territory,ACT,2.1128,38,2167,1158,400,2653,0.9,2204,2.4,1319,1375,0.9592727272727273,0.1508718726307809,0.18953752843062927,0.5519332827899924,0.34950720242608035,0.21910538286580744,1375,0.3250909090909091,0.30254545454545456,0.35709090909090907,1,1
801091107,O'Malley,80109,Woden Valley,801,Australian Capital Territory,8ACTE,Australian Capital Territory,8,Australian Capital Territory,ACT,2.6068,51,3413,1497,975,4567,0.6,4476,2.9,282,318,0.8867924528301887,0.08865248226950355,0.11702127659574468,0.7375886524822695,0.6276595744680851,0.524822695035461,318,0.5723270440251572,0.29874213836477986,0.10377358490566038,0,0
801091108,Pearce,80109,Woden Valley,801,Australian Capital Territory,8ACTE,Australian Capital Territory,8,Australian Capital Territory,ACT,1.7032,43,2383,1222,430,3302,0.8,2362,2.5,998,1055,0.9459715639810427,0.15030060120240482,0.19539078156312625,0.5891783567134269,0.41082164328657317,0.28857715430861725,1055,0.3753554502369668,0.35165876777251187,0.25118483412322273,1,0
801091109,Phillip,80109,Woden Valley,801,Australian Capital Territory,8ACTE,Australian Capital Territory,8,Australian Capital Territory,ACT,2.5749,32,1608,1342,440,2473,1.1,2075,1.9,2506,2623,0.9553945863515059,0.09936153232242617,0.13567438148443736,0.5283320031923384,0.24660814046288906,0.11971268954509177,2623,0.1391536408692337,0.34845596645062904,0.4944719786504003,1,1
801091110,Torrens,80109,Woden Valley,801,Australian Capital Territory,8ACTE,Australian Capital Territory,8,Australian Capital Territory,ACT,1.3013,39,2470,1286,478,3322,0.8,2612,2.7,808,858,0.9417249417249417,0.125,0.16584158415841585,0.620049504950495,0.45544554455445546,0.3056930693069307,858,0.3484848484848485,0.3764568764568765,0.24708624708624707,1,0
801101134,Arboretum,80110,Molonglo,801,Australian Capital Territory,8ACTE,Australian Capital Territory,8,Australian Capital Territory,ACT,6.0368,65,0,1624,0,0,1.0,1125,1.0,0,0,,,,,,,0,,,,0,0
801101135,Coombs,80110,Molonglo,801,Australian Capital Territory,8ACTE,Australian Capital Territory,8,Australian Capital Territory,ACT,2.3178,30,2000,1358,480,2913,0.9,2634,2.7,1638,1725,0.9495652173913044,0.06532356532356533,0.09584859584859586,0.6813186813186813,0.42124542124542125,0.23443223443223443,1725,0.07246376811594203,0.6313043478260869,0.2753623188405797,1,1
801101136,Denman Prospect,80110,Molonglo,801,Australian Capital Territory,8ACTE,Australian Capital Territory,8,Australian Capital Territory,ACT,4.7438,31,2400,1655,498,3606,0.9,3219,2.8,922,975,0.9456410256410256,0.0509761388286334,0.0596529284164859,0.7537960954446855,0.5531453362255966,0.36550976138828634,975,0.06564102564102564,0.7815384615384615,0.14461538461538462,1,0
801101137,Molonglo,80110,Molonglo,801,Australian Capital Territory,8ACTE,Australian Capital Territory,8,Australian Capital Territory,ACT,2.1894,0,0,0,0,0,0.0,0,0.0,0,0,,,,,,,0,,,,0,0
801101139,Wright,80110,Molonglo,801,Australian Capital Territory,8ACTE,Australian Capital Territory,8,Australian Capital Territory,ACT,1.2716,32,1950,1446,461,3150,1.0,2559,2.5,1417,1481,0.9567859554355166,0.05081157374735357,0.07692307692307693,0.6774876499647142,0.4227240649258998,0.24841213832039521,1481,0.09047940580688724,0.5820391627278866,0.3112761647535449,1,1
801101145,Molonglo - East,80110,Molonglo,801,Australian Capital Territory,8ACTE,Australian Capital Territory,8,Australian Capital Territory,ACT,7.3323,57,0,0,0,0,0.0,0,0.0,0,0,,,,,,,0,,,,0,0
801101146,Whitlam,80110,Molonglo,801,Australian Capital Territory,8ACTE,Australian Capital Territory,8,Australian Capital Territory,ACT,3.259,27,2750,75,0,900,1.5,900,6.0,0,0,,,,,,,0,,,,0,0
801111140,ACT - South West,80111,Uriarra - Namadgi,801,Australian Capital Territory,8ACTE,Australian Capital Territory,8,Australian Capital Territory,ACT,416.7824,35,2292,1358,385,3109,0.9,3134,3.1,153,165,0.9272727272727272,0.058823529411764705,0.09803921568627451,0.7647058823529411,0.5228758169934641,0.33986928104575165,165,0.1696969696969697,0.5575757575757576,0.2,0,0
801111141,Namadgi,80111,Uriarra - Namadgi,801,Australian Capital Territory,8ACTE,Australian Capital Territory,8,Australian Capital Territory,ACT,1202.7527,27,4333,1270,400,2687,1.3,2812,3.3,10,17,0.5882352941176471,0.0,0.0,0.7,0.3,0.0,17,0.29411764705882354,0.0,0.5882352941176471,0,0
897979799,Migratory - Offshore - Shipping (ACT),89797,Migratory - Offshore - Shipping (ACT),897,Migratory - Offshore - Shipping (ACT),89799,Migratory - Offshore - Shipping (ACT),8,Australian Capital Territory,ACT,nan,0,0,0,0,0,0.0,0,0.0,0,0,,,,,,,0,,,,0,0
899999499,No usual address (ACT),89999,No usual address (ACT),899,No usual address (ACT),89499,No usual address (ACT),8,Australian Capital Territory,ACT,nan,0,0,0,0,0,0.0,0,0.0,0,0,,,,,,,0,,,,0,0
901011001,Christmas Island,90101,Christmas Island,901,Other Territories,9OTER,Other Territories,9,Other Territories,OT,136.1356,38,1300,1233,150,2659,1.0,2109,2.5,392,422,0.9289099526066351,0.14795918367346939,0.18112244897959184,0.5229591836734694,0.3010204081632653,0.1556122448979592,422,0.25355450236966826,0.14928909952606634,0.4834123222748815,0,0
901021002,Cocos (Keeling) Islands,90102,Cocos (Keeling) Islands,901,Other Territories,9OTER,Other Territories,9,Other Territories,OT,13.7258,40,1972,741,231,1678,1.1,2519,3.8,106,122,0.8688524590163934,0.08490566037735849,0.11320754716981132,0.6886792452830188,0.41509433962264153,0.1792452830188679,122,0.09016393442622951,0.03278688524590164,0.6721311475409836,0,0
901031003,Jervis Bay,90103,Jervis Bay,901,Other Territories,9OTER,Other Territories,9,Other Territories,OT,67.2296,38,1849,585,90,1687,0.8,1825,3.0,57,89,0.6404494382022472,0.22807017543859648,0.3684210526315789,0.38596491228070173,0.2631578947368421,0.07017543859649122,89,0.0,0.0,0.651685393258427,0,0
901041004,Norfolk Island,90104,Norfolk Island,901,Other Territories,9OTER,Other Territories,9,Other Territories,OT,38.651,50,1300,736,240,1630,0.8,1184,2.1,844,898,0.9398663697104677,0.3353080568720379,0.43364928909952605,0.24052132701421802,0.08649289099526067,0.024881516587677725,898,0.410913140311804,0.23719376391982183,0.289532293986637,1,0
997979799,Migratory - Offshore - Shipping (OT),99797,Migratory - Offshore - Shipping (OT),997,Migratory - Offshore - Shipping (OT),99799,Migratory - Offshore - Shipping (OT),9,Other Territories,OT,nan,0,0,0,0,0,0.0,0,0.0,0,0,,,,,,,0,,,,0,0
999999499,No usual address (OT),99999,No usual address (OT),999,No usual address (OT),99499,No usual address (OT),9,Other Territories,OT,nan,0,0,0,0,0,0.0,0,0.0,0,0,,,,,,,0,,,,0,0
